pasos,loss
100005,0.03542
100172,0.04248
100347,0.00203
100539,0.03056
100726,0.027
100903,0.01458
101029,0.0013
101155,0.06688
101303,0.03232
101419,0.02711
101662,0.03155
101818,0.0606
101909,0.03102
102029,0.03443
102269,0.01874
102385,0.07912
102581,0.03048
102729,0.04266
102856,0.01695
103070,0.01414
103183,0.05864
103376,0.03688
103648,0.05693
103973,0.03664
104211,0.02824
104432,0.04848
104596,0.03053
104824,0.0451
104916,0.02687
105138,0.02039
105276,0.08176
105429,0.05041
105550,0.04937
105716,0.0432
105808,0.09944
105951,0.05855
106104,0.04976
106322,0.02256
106427,0.01002
106634,0.02453
106754,0.03466
106838,0.02418
106967,0.01848
107073,0.07465
107334,0.09616
107471,0.03184
107621,0.02709
107789,0.05424
107940,0.0396
108083,0.026
108204,0.04234
108359,0.03272
108529,0.05558
108672,0.05345
108803,0.04645
109025,0.07056
109197,0.07026
109307,0.05808
109411,0.0495
109572,0.03395
109717,0.02768
109949,0.04908
110171,0.03554
110324,0.03779
110539,0.06586
110820,0.02
110922,0.05492
111191,0.05629
111380,0.04311
111564,0.05807
111749,0.07329
112016,0.0801
112189,0.02097
112324,0.07784
112629,0.12998
112772,0.10189
112891,0.03063
113254,0.04056
113318,0.07298
113498,0.04688
113759,0.05948
113836,0.04938
114072,0.07135
114240,0.04815
114465,0.02413
114623,0.06251
114736,0.0565
114938,0.03012
115237,0.09861
115483,0.0365
115675,0.04758
115916,0.03219
116188,0.03424
116306,0.05494
116514,0.04136
116692,0.04228
116855,0.04488
117032,0.01875
117116,0.07464
117287,0.06218
117410,0.05659
117598,0.02574
117723,0.0228
117878,0.04949
118126,0.07883
118288,0.05524
118438,0.03854
118674,0.10719
118818,0.05753
119100,0.04332
119317,0.03829
119434,0.03518
119537,0.03458
119676,0.05404
119837,0.03937
119969,0.03286
120176,0.10679
120420,0.0297
120688,0.0682
120806,0.05402
120964,0.0591
121139,0.05149
121328,0.04246
121544,0.09289
121762,0.07041
121892,0.03145
122132,0.08352
122454,0.02884
122710,0.03488
122845,0.10419
122975,0.01586
123200,0.08501
123325,0.11916
123511,0.04498
123686,0.04323
123801,0.04955
123903,0.06497
124176,0.0707
124503,0.03787
124719,0.11543
125000,0.04845
125194,0.08322
125569,0.16019
125773,0.04349
125899,0.12306
126108,0.11794
126192,0.04182
126267,0.10881
126384,0.08775
126583,0.03729
126789,0.07917
126958,0.09576
127204,0.07087
127434,0.10677
127625,0.10496
127842,0.04891
128052,0.09532
128234,0.05677
128499,0.02514
128678,0.05548
128868,0.03132
129051,0.0785
129212,0.03753
129311,0.05066
129453,0.03477
129693,0.06069
129993,0.03126
130192,0.04984
130294,0.07399
130423,0.07094
130639,0.11611
130860,0.112
131103,0.05498
131239,0.03247
131397,0.0275
131612,0.06987
131745,0.10254
131839,0.04806
132181,0.08241
132414,0.04376
132583,0.0647
132821,0.09446
133002,0.0186
133080,0.09855
133251,0.04409
133378,0.09731
133565,0.03181
133693,0.06378
133910,0.08427
134094,0.07193
134195,0.13601
134368,0.12929
134560,0.10143
134775,0.11898
134927,0.19374
135157,0.20013
135508,0.1657
135701,0.03224
135828,0.01744
136020,0.06123
136178,0.19705
136345,0.14259
136525,0.04396
136703,0.09976
136802,0.1406
137154,0.09833
137279,0.05804
137443,0.10302
137597,0.10439
137870,0.02396
138073,0.05612
138219,0.06444
138359,0.26093
138548,0.08401
138736,0.20268
138866,0.15761
139002,0.16865
139245,0.18595
139380,0.10132
139505,0.0515
139655,0.02198
139974,0.15133
140243,0.08067
140432,0.10386
140513,0.12849
140727,0.08779
140981,0.13779
141182,0.0379
141366,0.05238
141555,0.12471
141696,0.10458
141879,0.30138
142067,0.10621
142229,0.18157
142385,0.2384
142782,0.07688
142865,0.00983
143088,0.05798
143520,0.04985
143694,0.03175
143919,0.06915
144040,0.06227
144219,0.10073
144402,0.07633
144635,0.01782
144864,0.19511
145100,0.10322
145301,0.02508
145388,0.03209
145576,0.29359
145959,0.20942
146059,0.03725
146273,0.15814
146410,0.05064
146650,0.18186
146750,0.14854
146883,0.19232
147158,0.06552
147333,0.04119
147497,0.02266
147721,0.0662
147977,0.03182
148184,0.10948
148294,0.03249
148495,0.12792
148697,0.07402
148970,0.07292
149073,0.25806
149274,0.23007
149609,0.03128
149698,0.15618
149837,0.36355
150000,0.15738
150057,0.15167
150200,0.06465
150535,0.10551
150845,0.16114
151146,0.23287
151279,0.0254
151435,0.09776
151598,0.08569
151724,0.024
151971,0.02147
152198,0.05081
152428,0.25635
152728,0.033
152876,0.09692
153093,0.03509
153417,0.14105
153576,0.16136
153741,0.13502
153919,0.03595
154284,0.03576
154508,0.14221
154627,0.17483
154735,0.05144
154839,0.02797
154961,0.21536
155212,0.25024
155461,0.02466
155578,0.05034
155728,0.07983
155876,0.01686
156055,0.0421
156314,0.04101
156464,0.11257
156686,0.21464
156829,0.05714
157007,0.30468
157248,0.16189
157370,0.03986
157529,0.10739
157646,0.1942
157844,0.01206
158259,0.05509
158410,0.30343
158680,0.03407
158882,0.04045
159189,0.32361
159544,0.16869
159774,0.08259
159898,0.19863
160137,0.22376
160366,0.27889
160444,0.08524
160682,0.03114
160883,0.22543
161065,0.05615
161307,0.15797
161423,0.13381
161665,0.12703
161878,0.06786
162133,0.13483
162397,0.04804
162592,0.33782
162951,0.15796
163206,0.01465
163337,0.21208
163474,0.21897
163646,0.18914
163762,0.13343
163899,0.1931
164039,0.04095
164132,0.08621
164407,0.16302
164545,0.25106
164685,0.06676
164819,0.44029
164975,0.15954
165169,0.02233
165414,0.04875
165584,0.04723
165765,0.0469
165852,0.11523
166038,0.20839
166138,0.21747
166257,0.04264
166326,0.18742
166570,0.06779
166849,0.07418
167025,0.21246
167174,0.27386
167334,0.02436
167513,0.14416
167667,0.15224
167791,0.14588
168006,0.08165
168216,0.20831
168410,0.04296
168652,0.0695
168878,0.05052
169074,0.25033
169196,0.05715
169337,0.18594
169544,0.15426
169773,0.0643
169952,0.0698
170191,0.02183
170378,0.14399
170622,0.02908
170802,0.18908
171047,0.28774
171231,0.168
171502,0.22143
171838,0.16456
171969,0.19118
172144,0.03439
172298,0.13762
172473,0.18049
172694,0.34845
172965,0.19012
173322,0.20043
173522,0.20571
173649,0.06172
173736,0.05138
173935,0.14411
174169,0.02359
174352,0.13896
174513,0.5805
174740,0.04482
174975,0.08095
175158,0.09615
175313,0.09936
175485,0.22234
175600,0.15594
175779,0.03907
175970,0.05708
176070,0.19883
176248,0.31888
176446,0.04216
176589,0.05343
176830,0.04751
177008,0.52155
177194,0.22146
177492,0.27972
177774,0.32787
177936,0.04483
178258,0.04825
178514,0.21946
178789,0.14862
178946,0.02948
179108,0.05437
179356,0.1581
179543,0.25272
179748,0.10254
180037,0.10401
180286,0.40667
180489,0.0491
180618,0.28834
180823,0.18434
181079,0.23844
181255,0.20213
181395,0.3065
181631,0.05438
181776,0.06672
181972,0.25368
182125,0.06983
182250,0.03273
182403,0.07778
182598,0.1776
182776,0.18132
182996,0.36307
183254,0.03679
183390,0.35459
183539,0.27096
183663,0.40325
183789,0.06155
183927,0.06596
184144,0.03936
184369,0.07833
184634,0.03671
184903,0.23907
185165,0.06786
185305,0.20548
185382,0.23173
185597,0.23915
185700,0.02534
185808,0.0544
185910,0.22607
186222,0.21136
186398,0.27512
186713,0.26681
186886,0.17277
187019,0.04097
187218,0.16308
187413,0.17205
187541,0.5318
187722,0.23189
187872,0.04777
188208,0.0481
188342,0.04633
188578,0.0557
188705,0.0475
188916,0.10321
189033,0.71429
189431,0.11462
189508,0.06994
189744,0.06926
190023,0.0625
190217,0.2223
190306,0.21244
190578,0.22842
190672,0.27891
190840,0.40486
190926,0.19915
191253,0.06775
191441,0.09409
191629,0.22197
191884,0.09278
192085,0.06774
192421,0.02127
192549,0.31776
192721,0.23548
192955,0.02841
193119,0.22945
193266,0.20374
193407,0.4561
193623,0.35025
193793,0.32944
193924,0.35952
194167,0.04028
194350,0.16121
194516,0.29654
194678,0.23923
194900,0.07374
195184,0.07882
195310,0.23858
195550,0.26092
195855,0.04027
196116,0.4531
196194,0.19599
196394,0.11086
196536,0.11048
196719,0.13643
196895,0.02627
197000,0.32779
197120,0.26678
197333,0.23009
197541,0.06953
197677,0.08177
197845,0.20984
198045,0.09432
198180,0.18279
198409,0.04251
198612,0.20883
198813,0.17853
199008,0.0725
199175,0.03864
199310,0.03672
199531,0.03844
199725,0.2025
199942,0.1877
200000,0.2284
200097,0.0255
200324,0.03342
200467,0.03501
200655,0.04787
200828,0.16945
201073,0.03606
201272,0.19054
201354,0.05214
201545,0.20388
201775,0.02931
201940,0.02719
202101,0.02939
202319,0.04883
202535,0.30254
202749,0.49494
202972,0.0732
203095,0.06068
203233,0.41526
203389,0.67657
203464,0.15338
203674,0.02151
203916,0.06886
204063,0.23725
204294,0.03894
204432,0.1456
204711,0.0538
204941,0.26863
205092,0.05243
205291,0.18122
205524,0.06331
205690,0.1008
205864,0.05844
206024,0.22903
206277,0.17542
206407,0.48206
206755,0.2323
206957,0.05728
207070,0.08149
207285,0.2059
207491,0.21296
207650,0.05195
207746,0.09628
208051,0.33907
208195,0.52787
208330,0.25897
208554,0.22025
208721,0.03222
208849,0.277
209080,0.21763
209320,0.18112
209675,0.06222
209889,0.03123
210074,0.07768
210253,0.02246
210493,0.04398
210664,0.2261
210789,0.10056
210905,0.44808
211059,0.62528
211275,0.1444
211590,0.04534
211764,0.25985
211916,0.1777
212156,0.05349
212341,0.47086
212515,0.03776
212774,0.38101
212997,0.24315
213191,0.03371
213333,0.04726
213527,0.1976
213668,0.26598
213839,0.28106
213975,0.0348
214169,0.08012
214330,0.66368
214558,0.23798
214769,0.19806
214923,0.16
215209,0.23379
215356,0.28994
215469,0.01886
215736,0.05553
216033,0.27924
216269,0.08525
216514,0.08886
216744,0.28564
216842,0.05754
217021,0.25813
217242,0.05462
217356,0.03765
217623,0.25666
217856,0.05508
217985,0.17456
218154,0.24311
218430,0.24373
218565,0.08592
218706,0.6413
218935,0.02648
219201,0.29597
219367,0.05089
219547,0.4789
219713,0.23803
219909,0.07848
220203,0.26826
220380,0.51232
220575,0.32846
220719,0.21595
220847,0.04158
221149,0.38383
221333,0.28553
221469,0.24225
221595,0.23588
221752,0.05481
221914,0.04596
222042,0.0479
222218,0.62173
222376,0.06403
222730,0.2298
222904,0.26243
223133,0.06769
223226,0.24824
223409,0.04002
223641,0.30501
223742,0.55913
224043,0.07933
224263,0.06648
224446,0.39163
224679,0.04218
224797,0.0285
224948,0.26491
225115,0.04965
225210,0.27981
225378,0.06404
225623,0.13539
225913,0.3667
226063,0.04584
226169,0.07967
226400,0.03588
226552,0.1641
226724,0.25236
226889,0.06945
227051,0.29566
227343,0.03862
227452,0.59197
227694,0.43869
227833,0.05173
228046,0.06209
228161,0.05108
228309,0.28123
228428,0.06561
228663,0.31055
228887,0.03355
229113,0.10421
229318,0.28494
229519,0.28403
229717,0.03261
229833,0.21106
230053,0.52728
230190,0.09455
230460,0.59292
230670,0.04117
230867,0.30788
230976,0.26879
231156,0.05481
231498,0.35808
231665,0.30816
231789,0.03185
231965,0.0347
232251,0.19392
232439,0.34918
232621,0.28223
232836,0.05655
233047,0.0377
233236,0.03379
233458,0.50701
233700,0.04544
233913,0.07927
234035,0.09358
234226,0.28638
234352,0.11516
234504,0.43993
234647,0.26803
234730,0.33214
234867,0.08453
235014,0.09101
235117,0.0657
235345,0.05919
235522,0.44497
235639,0.29283
235736,0.04785
235885,0.05846
236063,0.04411
236197,0.28355
236317,0.53244
236473,0.10471
236606,0.11712
236750,0.31785
237008,0.07227
237183,0.3454
237392,0.38595
237589,0.28464
237729,0.71929
237904,0.30445
238122,0.34111
238386,0.32318
238512,0.03922
238679,0.36091
238889,0.07922
239050,0.41703
239368,0.04785
239544,0.47611
239701,0.05935
240012,0.07297
240229,0.18219
240586,0.0393
240842,0.34366
240935,0.24513
241144,0.2762
241264,0.26287
241412,0.05422
241597,0.05362
241862,0.08143
242129,0.02442
242224,0.04109
242305,0.07017
242497,0.06133
242664,0.26801
242888,0.36187
243145,0.03225
243424,0.28241
243658,0.04225
243875,0.27342
244028,0.02773
244220,0.06462
244404,0.3766
244607,0.30699
244819,0.0746
244954,0.34187
245217,0.32447
245408,0.79639
245606,0.38263
245814,0.25427
246064,0.241
246155,0.0468
246445,0.05014
247048,0.15791
247199,0.25997
247342,0.06731
247550,0.0579
247740,0.03194
248005,0.04593
248214,0.39144
248367,0.04927
248481,0.05431
248726,0.09908
248901,0.06091
249119,0.06
249356,0.04003
249687,0.23835
249772,0.286
250000,0.08297
250112,0.72419
250274,0.08072
250420,0.03392
250530,0.0475
250744,0.29858
250867,0.18021
251102,0.03444
251403,0.07687
251531,0.03951
251752,0.46188
252020,0.09911
252230,0.23294
252457,0.2606
252590,0.44242
252796,0.30623
252927,0.06177
253109,0.29421
253234,0.16551
253459,0.03808
253619,0.75322
253842,0.05074
253996,0.03821
254207,0.03716
254405,0.62211
254573,0.37008
254761,0.29118
254917,0.05358
255094,0.22992
255284,0.07627
255389,0.28618
255587,0.34372
255764,0.04982
255915,0.31455
256059,0.22241
256257,0.50568
256376,0.03395
256580,0.05259
256715,0.0408
256918,0.27796
257107,0.31137
257214,0.04921
257474,0.10263
257599,0.08699
257839,0.30168
257993,0.26762
258309,0.49379
258476,0.05643
258724,0.27368
258843,0.04806
259043,0.04778
259118,0.07648
259365,0.13552
259534,0.59273
259713,0.41597
259920,0.07571
260104,0.36993
260309,0.02139
260572,0.17615
260774,0.02337
260919,0.05983
260998,0.65168
261462,0.27106
261569,0.0338
261735,0.2806
261924,0.07735
262183,0.0684
262428,0.08208
262652,0.02112
262769,0.09144
262899,0.06088
263033,0.62905
263235,0.19053
263440,0.29827
263675,0.57888
263929,0.03837
264067,0.08586
264250,0.40224
264600,0.3609
264867,0.31442
265078,0.05959
265312,0.03888
265468,0.03326
265603,0.34587
265724,0.05776
265966,0.04666
266111,0.03894
266310,0.25799
266466,0.11615
266596,0.39572
266835,0.36708
267148,0.5159
267314,0.07077
267560,0.05079
267688,0.0674
267935,0.04473
268127,0.05408
268392,0.05308
268462,0.03554
268662,0.28225
268971,0.04223
269238,0.09136
269370,0.32577
269550,0.07307
269725,0.37674
269850,0.05794
270088,0.06245
270280,0.27388
270442,0.05226
270656,0.45685
270956,0.22309
271224,0.3889
271449,0.06353
271583,0.02538
271778,0.37271
271968,0.04276
272113,0.32995
272295,0.03572
272446,0.07565
272582,0.49613
272763,0.37074
272923,0.53687
273132,0.05346
273257,0.04569
273444,0.41467
273668,0.0502
273948,0.48027
274131,0.06199
274377,0.0637
274566,0.30582
274815,0.32245
274946,0.07442
275060,0.34466
275215,0.08403
275395,0.12183
275623,0.34391
275818,0.09678
276156,0.30008
276282,0.09673
276438,0.09275
276613,0.2166
276877,0.21579
276995,0.35044
277239,0.25691
277518,0.07789
277679,0.52667
277767,0.31702
277862,0.04511
278125,0.38795
278307,0.38335
278619,0.34154
278810,0.29352
278932,0.04299
279102,0.60434
279279,0.03187
279488,0.20183
279646,0.04092
279896,0.05294
280069,0.38827
280163,0.05251
280305,0.05254
280563,0.05831
280829,0.15111
280997,0.33028
281126,0.57098
281231,0.2738
281407,0.20847
281589,0.02813
281864,0.05349
282104,0.08036
282342,0.06026
282542,0.03656
282669,0.30009
282939,0.04689
283151,0.02897
283515,0.71663
283734,0.07882
283836,0.02575
284071,0.04761
284257,0.39857
284475,0.03634
284714,0.64152
284886,0.37095
285150,0.2448
285372,0.06553
285484,0.28015
285732,0.08792
286014,0.35165
286215,0.04007
286456,0.08461
286585,0.37214
286843,0.07959
287149,0.05408
287362,0.03215
287548,0.08375
287875,0.04129
288058,0.31284
288314,0.37832
288604,0.02349
288834,0.61801
289062,0.56487
289200,0.03072
289390,0.3273
289570,0.05391
289712,0.11523
289892,0.24167
290147,0.06438
290458,0.12368
290653,0.07329
290867,0.23778
291041,0.05397
291301,0.03375
291411,0.08723
291565,0.33467
291743,0.38832
292052,0.05165
292357,0.05703
292650,0.09122
292971,0.71136
293246,0.34642
293355,0.13123
293504,0.14839
293809,0.1121
294057,0.03242
294172,0.05307
294460,0.09224
294686,0.10847
294880,0.73112
295104,0.08767
295311,0.04568
295505,0.07274
295639,0.2027
295833,0.04847
295976,0.0467
296165,0.06394
296416,0.2925
296635,0.10375
296920,0.07844
297109,0.10113
297288,0.03775
297538,0.263
297704,0.03864
298167,0.06133
298322,0.26909
298543,0.02678
298653,0.42854
298822,0.05567
299106,0.3702
299327,0.0732
299556,0.39839
299755,0.06619
299922,0.56571
300000,0.08403
300206,0.05276
300479,0.62119
300665,0.04122
300815,0.03294
300896,0.05244
301078,0.31472
301283,0.14549
301490,0.0704
301606,0.04188
301922,0.18974
301999,0.0428
302315,0.0605
302459,0.02965
302636,0.36671
302902,0.37083
303079,0.18666
303273,0.27302
303414,0.20574
303752,0.38642
303914,0.06762
304209,0.27226
304375,0.03482
304556,0.42206
304824,0.31102
305039,0.03553
305160,0.09536
305405,0.14707
305768,0.35609
305969,0.07662
306144,0.33619
306264,0.13493
306406,0.05639
306629,0.29627
306819,0.07331
307008,0.02954
307203,0.08023
307457,0.07471
307702,0.22502
307915,0.51862
308138,0.05827
308433,0.03329
308666,0.34289
308939,0.31623
309240,0.66937
309513,0.36499
309775,0.43658
309996,0.11378
310161,0.26014
310365,0.12027
310512,0.08391
310740,0.04243
310883,0.03457
311069,0.03927
311250,0.21316
311506,0.08536
311773,0.03009
311956,0.05908
312162,0.05875
312349,0.06152
312608,0.3293
312766,0.28684
313034,0.17054
313367,0.0811
313661,0.20753
313830,0.11462
314170,0.33798
314304,0.34646
314699,0.08159
314809,0.03101
315098,0.24286
315389,0.32738
315593,0.09089
315834,0.2029
316123,0.07941
316271,0.06374
316453,0.33641
316559,0.07659
316890,0.03478
317074,0.05142
317295,0.15819
317597,0.04038
317863,0.56014
318028,0.0658
318219,0.08033
318431,0.0808
318672,0.06995
318917,0.08532
319271,0.09204
319431,0.14884
319593,0.08632
319897,0.11862
320246,0.04483
320451,0.05755
320583,0.46496
320875,0.15965
321141,0.19814
321392,0.09945
321569,0.26741
321740,0.03894
321909,0.0554
322066,0.34412
322186,0.26123
322483,0.44205
322836,0.16064
323087,0.187
323199,0.10397
323352,0.35813
323609,0.0527
323772,0.32845
323939,0.08061
324118,0.15707
324318,0.07467
324434,0.06479
324724,0.3841
325013,0.04296
325328,0.32858
325566,0.0689
325758,0.08447
325943,0.38803
326110,0.11865
326293,0.5479
326537,0.05272
326729,0.07583
326935,0.10241
327164,0.08362
327304,0.16393
327547,0.35758
327757,0.0576
327852,0.15381
327982,0.61486
328191,0.28416
328301,0.04419
328488,0.30265
328706,0.0365
328908,0.07513
329016,0.52718
329225,0.11414
329488,0.08154
329673,0.06283
329945,0.37223
330145,0.615
330316,0.099
330626,0.04678
330800,0.12229
331042,0.13157
331216,0.06699
331499,0.08121
331743,0.07207
331921,0.54486
332122,0.69195
332331,0.57913
332621,0.69344
332858,0.05416
333130,0.35667
333340,0.04811
333563,0.25161
333665,0.08139
333981,0.41964
334208,0.08174
334410,0.31089
334611,0.18237
334841,0.07294
334992,0.19112
335331,0.07605
335706,0.25193
335924,0.03124
336194,0.32702
336402,0.15867
336627,0.09149
336797,0.52037
336885,0.14104
337272,0.35002
337461,0.06823
337715,0.13907
337978,0.07454
338166,0.06137
338413,0.04426
338662,0.12261
338840,0.44455
339082,0.06045
339322,0.59535
339505,0.04733
339705,0.1363
339965,0.29123
340140,0.04537
340385,0.51802
340609,0.338
340866,0.12375
341057,0.10291
341263,0.16486
341435,0.39228
341723,0.33452
341929,0.11079
342142,0.11863
342496,0.31353
342754,0.21609
342941,0.06906
343167,0.37263
343323,0.0635
343630,0.45667
343829,0.23069
344108,0.07053
344381,0.14132
344565,0.09901
344887,0.17945
345064,0.59584
345155,0.08356
345379,0.06546
345772,0.13759
345967,0.08236
346184,0.13613
346350,0.19645
346583,0.59809
346865,0.22681
347021,0.10891
347210,0.22435
347434,0.03627
347606,0.15528
347862,0.31853
348082,0.29474
348352,0.18803
348519,0.07007
348725,0.10766
348944,0.15053
349117,0.28085
349267,0.24145
349520,0.38464
349648,0.04567
349870,0.10009
350000,0.26682
350083,0.26975
350422,0.15029
350695,0.39404
350859,0.12816
350982,0.22933
351324,0.06912
351461,0.0897
351749,0.14423
352068,0.53575
352209,0.47972
352437,0.09279
352762,0.15112
352900,0.08018
353103,0.09859
353348,0.04278
353503,0.16474
353725,0.21532
354003,0.08195
354214,0.41896
354321,0.09871
354585,0.26896
354720,0.16736
355001,0.26134
355225,0.04124
355508,0.07905
355936,0.2437
356092,0.16962
356339,0.05104
356554,0.41319
356691,0.14967
356979,0.10961
357232,0.08222
357373,0.0538
357503,0.07407
357774,0.40742
357961,0.24252
358135,0.0989
358343,0.07006
358563,0.43437
358867,0.0999
359078,0.18329
359211,0.23573
359521,0.2543
359634,0.30119
359838,0.10858
360219,0.24815
360380,0.492
360585,0.55755
360765,0.04907
361064,0.25684
361290,0.05245
361480,0.06079
361715,0.09461
361966,0.03554
362286,0.22469
362383,0.12634
362611,0.30499
362797,0.04885
362997,0.05228
363331,0.48345
363631,0.26821
363807,0.412
363986,0.28289
364197,0.0535
364353,0.14974
364563,0.0525
364896,0.22558
365163,0.06417
365357,0.34296
365511,0.11738
365666,0.03646
365754,0.21892
365887,0.03617
366088,0.05594
366398,0.16691
366584,0.26598
366692,0.05663
367025,0.05199
367291,0.05075
367636,0.18717
367770,0.07443
367931,0.11335
368218,0.54097
368328,0.40255
368445,0.34864
368679,0.05747
368897,0.07205
369116,0.16202
369317,0.11906
369573,0.39325
369757,0.3486
369926,0.18367
370141,0.27053
370300,0.06982
370521,0.14152
370752,0.05248
370983,0.08266
371291,0.28568
371398,0.22832
371617,0.39448
371906,0.05989
372030,0.32877
372257,0.12641
372377,0.56139
372573,0.10517
372855,0.03871
373046,0.15051
373263,0.21135
373516,0.27869
373728,0.50084
373900,0.14156
374046,0.31449
374190,0.40898
374486,0.56929
374671,0.05263
374913,0.3545
375027,0.25201
375250,0.09509
375439,0.03671
375608,0.05524
375800,0.07468
376027,0.16381
376266,0.10769
376478,0.54216
376639,0.03924
376817,0.22586
376996,0.07553
377203,0.33179
377339,0.07601
377602,0.04739
377872,0.34215
378211,0.12272
378353,0.20601
378519,0.20391
378652,0.08068
378810,0.3031
379101,0.19475
379398,0.58994
379666,0.44207
379978,0.05701
380351,0.07151
380503,0.45124
380654,0.09172
380942,0.09845
381149,0.33929
381349,0.44207
381631,0.23444
381775,0.059
381954,0.07967
382186,0.31202
382323,0.35782
382466,0.21711
382652,0.44898
382764,0.43871
383108,0.07775
383326,0.09204
383461,0.29256
383691,0.04783
383804,0.0483
383947,0.05509
384150,0.0259
384365,0.0707
384548,0.60918
384812,0.25226
385005,0.04389
385220,0.11753
385355,0.21708
385533,0.04532
385828,0.27305
386059,0.49528
386292,0.07106
386396,0.38448
386524,0.05292
386805,0.50671
386926,0.08164
387261,0.41778
387475,0.32879
387691,0.39192
388020,0.22589
388259,0.38743
388469,0.04673
388747,0.23676
388884,0.07233
389103,0.23206
389254,0.08668
389380,0.05411
389562,0.28955
389701,0.05732
389811,0.03764
389993,0.90359
390168,0.24587
390303,0.29856
390462,0.05675
390730,0.04363
390844,0.58093
391258,0.06436
391524,0.03535
391747,0.03642
391965,0.04082
392195,0.10479
392468,0.03912
392628,0.07061
392820,0.0414
393122,0.04871
393242,0.37887
393472,0.4029
393672,0.11325
394025,0.34323
394247,0.30982
394460,0.33865
394690,0.28199
394893,0.04994
395012,0.24722
395267,0.33813
395433,0.3334
395568,0.17409
395764,0.14291
395896,0.04668
396009,0.06417
396143,0.03271
396303,0.28312
396538,0.33028
396670,0.32895
396935,0.11755
397086,0.06422
397273,0.10927
397419,0.0609
397636,0.45387
397891,0.04102
398250,0.05529
398563,0.06093
398863,0.35281
399050,0.03626
399219,0.05872
399419,0.32939
399647,0.04381
399870,0.1398
400000,0.05881
400109,0.07421
400333,0.04542
400479,0.04855
400654,0.07392
400878,0.50843
401213,0.06193
401476,0.16327
401752,0.11081
401923,0.04761
402268,0.04756
402511,0.03931
402747,0.0433
402975,0.02536
403279,0.0683
403458,0.5224
403673,0.02725
403823,0.03284
404029,0.61089
404388,0.24959
404488,0.04585
404727,0.12506
404869,0.1277
405039,0.04907
405369,0.08366
405653,0.04591
405904,0.04492
406146,0.08004
406349,0.12663
406645,0.04137
406863,0.04495
407078,0.29802
407354,0.04044
407573,0.04475
407756,0.42615
408094,0.06634
408185,0.34017
408580,0.03617
408681,0.03291
408910,0.26441
409160,0.0472
409504,0.06419
409723,0.04498
409921,0.506
410137,0.29415
410403,0.45955
410682,0.04311
410946,0.29098
411263,0.04785
411481,0.05451
411678,0.04349
411953,0.22936
412272,0.10136
412598,0.04069
412769,0.74534
412909,0.08062
413138,0.11251
413427,0.0266
413606,0.25816
413868,0.087
414145,0.03081
414314,0.0562
414497,0.04313
414752,0.26382
415068,0.31108
415273,0.03227
415456,0.03738
415648,0.04304
415817,0.25789
416095,0.04705
416320,0.36871
416483,0.28672
416688,0.39979
416885,0.31836
416994,0.5041
417301,0.0715
417592,0.19721
417756,0.06502
417865,0.11354
418161,0.06316
418420,0.07007
418538,0.05623
418757,0.34703
419012,0.05776
419148,0.04988
419342,0.1499
419789,0.37627
419919,0.0428
420145,0.07801
420355,0.04469
420608,0.2665
420868,0.04784
421193,0.04933
421416,0.09125
421802,0.53486
422108,0.07184
422331,0.10295
422687,0.04025
422841,0.03838
423016,0.39565
423257,0.18562
423518,0.35766
423844,0.20401
424060,0.07335
424139,0.06219
424306,0.04596
424495,0.58711
424725,0.05061
425114,0.04906
425353,0.06372
425546,0.03503
425932,0.02626
426124,0.03681
426281,0.02709
426427,0.06323
426565,0.03747
426749,0.56578
426987,0.39886
427148,0.37428
427373,0.03239
427572,0.13918
427701,0.04641
428107,0.06109
428297,0.29227
428432,0.67988
428607,0.34921
428910,0.24419
429181,0.04696
429428,0.03154
429584,0.06263
429745,0.11152
429916,0.29064
430039,0.0465
430206,0.08806
430483,0.0356
430678,0.3806
430889,0.05988
431107,0.42685
431377,0.10254
431531,0.09312
431777,0.80289
431894,0.0531
432113,0.03789
432391,0.09047
432556,0.06311
432790,0.0289
433046,0.55381
433185,0.04105
433452,0.04435
433652,0.0357
433799,0.58191
433968,0.0336
434234,0.04788
434551,0.12407
434802,0.22134
434996,0.324
435104,0.02701
435265,0.26231
435558,0.12854
435786,0.07848
436012,0.37209
436300,0.0209
436607,0.34146
436795,0.03316
436902,0.03709
437062,0.06622
437342,0.24222
437459,0.04144
437640,0.02707
437914,0.44265
438090,0.14802
438247,0.69976
438437,0.03262
438589,0.08479
438824,0.4767
439013,0.06223
439184,0.04166
439352,0.29068
439740,0.06676
439856,0.02611
440080,0.12372
440256,0.05529
440447,0.0796
440686,0.04555
440855,0.45395
440987,0.06228
441087,0.06167
441385,0.02389
441677,0.07139
441798,0.04233
442026,0.03272
442279,0.40329
442605,0.15217
442808,0.08022
443006,0.32329
443305,0.29339
443411,0.0614
443685,0.19183
443792,0.06563
443984,0.02923
444104,0.34845
444363,0.06414
444571,0.03744
444658,0.40872
444861,0.12286
445183,0.28025
445327,0.42388
445518,0.54366
445777,0.34833
445938,0.07193
446110,0.09846
446423,0.09627
446734,0.23507
447002,0.25257
447206,0.21039
447351,0.39976
447687,0.06242
447885,0.04068
448071,0.05796
448306,0.04481
448449,0.08179
448626,0.26996
448859,0.0325
449078,0.04967
449241,0.0801
449426,0.18166
449590,0.05503
449765,0.02811
449969,0.36266
450000,0.28025
450208,0.07899
450369,0.22679
450504,0.27976
450768,0.05299
451035,0.03027
451287,0.03797
451425,0.1459
451634,0.2466
451832,0.32161
452104,0.03831
452273,0.27645
452458,0.06103
452679,0.43865
452808,0.2517
452946,0.39619
453258,0.03715
453345,0.03664
453545,0.13952
453730,0.06679
453941,0.03793
454136,0.16033
454296,0.04294
454474,0.41973
454677,0.33094
454953,0.24835
455096,0.29847
455343,0.05153
455455,0.02951
455595,0.04282
455771,0.05167
456019,0.24593
456199,0.07835
456394,0.01876
456663,0.04549
456813,0.56537
457036,0.37144
457179,0.05709
457390,0.03966
457574,0.06973
457804,0.56276
457971,0.14905
458142,0.31064
458254,0.34228
458420,0.01803
458550,0.06726
458713,0.2643
458813,0.3569
459017,0.12015
459219,0.93062
459363,0.83969
459603,0.06498
459848,1.01336
460119,0.29322
460372,0.09017
460574,0.0413
460800,0.05705
460974,0.02757
461299,0.04547
461461,0.05649
461623,0.51517
461949,0.04075
462145,0.19395
462298,0.03843
462540,0.37469
462758,0.05569
462956,0.03525
463247,0.06492
463417,0.11454
463632,0.26944
463795,0.04779
463981,0.48721
464146,0.04274
464330,0.04159
464608,0.21898
464861,0.04377
464960,0.05769
465276,0.03677
465555,0.05263
465708,0.62314
465987,0.05587
466234,0.45604
466418,0.04044
466662,0.04041
467030,0.04277
467242,0.2971
467547,0.13196
467724,0.0369
467971,0.04186
468066,0.06092
468432,0.29107
468612,0.23969
468781,0.03948
469107,0.53157
469257,0.06376
469523,0.03434
469705,0.06472
469982,0.25234
470195,0.11659
470449,0.06054
470634,0.06071
470884,0.48336
471075,0.73958
471254,0.15311
471363,0.36105
471471,0.32855
471611,0.05077
471784,0.35148
471913,0.09182
472004,0.05358
472104,0.5905
472292,0.04252
472570,0.44553
472893,0.03174
473137,0.08132
473268,0.03075
473576,0.07484
473793,0.08057
474108,0.13904
474278,0.39394
474541,0.6923
474736,0.032
474897,0.03135
475230,0.06335
475311,0.04271
475533,0.22829
475786,0.42112
475948,0.05124
476230,0.20783
476360,0.05597
476643,0.24701
476874,0.41158
477046,0.17687
477158,0.02668
477431,0.14395
477669,0.149
477901,0.31917
478108,0.05386
478350,0.08555
478688,0.03495
478823,0.21622
478968,0.26319
479195,0.02164
479427,0.05614
479724,0.09412
479978,0.04496
480173,0.10313
480424,0.04224
480592,0.40171
480792,0.40176
481120,0.08721
481268,0.06027
481575,0.24806
481954,0.05031
482177,0.06394
482402,0.2098
482773,0.45821
482909,0.3634
483065,0.38287
483300,0.32094
483586,0.33837
483785,0.25685
483979,0.05148
484208,0.0299
484427,0.03181
484586,0.02284
484739,0.46988
484965,0.38049
485245,0.02999
485465,0.05975
485699,0.05252
485974,0.0814
486187,0.05823
486444,0.37066
486720,0.05017
486994,0.05164
487240,0.54404
487663,0.49151
487855,0.05644
488019,0.3817
488257,0.02491
488501,0.38034
488827,0.23916
488968,0.04766
489143,0.01941
489243,0.05777
489583,0.34564
489803,0.07831
489952,0.05306
490087,0.40628
490324,0.37384
490455,0.03088
490691,0.6157
490806,0.08187
490974,0.03533
491310,0.02694
491464,0.5995
491641,0.06398
491837,0.27204
492071,0.06397
492193,0.04801
492437,0.01673
492767,0.70166
493034,0.68326
493190,0.41657
493346,0.47739
493501,0.26748
493666,0.08914
493893,0.03236
494159,0.03965
494480,0.10517
494642,0.35437
494885,0.08643
495043,0.05066
495276,0.7323
495641,0.03656
495823,0.5757
495986,0.2756
496378,0.03405
496643,0.1034
496916,0.05401
497247,0.05258
497493,0.05276
497746,0.54864
497998,0.38329
498111,0.22989
498445,0.06149
498683,0.10799
498868,0.69371
499039,0.48323
499274,0.31228
499504,0.29529
499686,0.96316
499800,0.04095
500000,0.06799
500112,0.18511
500264,0.40706
500440,0.31114
500647,0.04474
500814,0.0508
501006,0.03127
501106,0.0906
501382,0.44792
501620,0.31988
501832,0.03833
502116,0.07306
502489,0.35981
502710,0.40027
502786,0.06958
503049,0.03987
503191,0.05359
503415,0.06918
503732,0.06001
503983,0.52501
504183,0.26405
504417,0.51726
504705,0.04427
504874,0.04313
505131,0.04997
505282,0.30317
505503,0.34044
505885,0.28572
506036,0.05516
506188,0.01968
506408,0.43337
506632,0.05433
506874,0.05942
507198,0.05991
507337,0.04883
507507,0.30579
507688,0.30201
507795,0.0693
508032,0.03882
508302,0.04656
508474,0.04001
508646,0.24653
508908,0.036
509099,0.11556
509385,0.3817
509661,0.05609
509764,0.04689
509983,0.32136
510263,0.04122
510408,0.54447
510561,0.33575
510748,0.30425
510967,0.04605
511263,0.58691
511421,0.39776
511521,0.50395
511762,0.19708
511914,0.02857
512106,0.05314
512342,0.0649
512590,0.1056
512915,0.05648
513145,0.26559
513390,0.03749
513615,0.52054
513797,0.03486
513980,0.05865
514194,0.06379
514504,0.07167
514761,0.05157
514902,0.32888
515182,0.05872
515404,0.53543
515707,0.0442
515932,0.69758
516176,0.04904
516473,0.09795
516702,0.1239
516955,0.09617
517253,0.54775
517448,0.0642
517774,0.80948
518166,0.62959
518254,0.04612
518402,0.032
518540,0.05154
518754,0.05469
518964,0.42179
519081,0.24262
519390,0.0489
519633,0.07349
519725,0.08504
519941,0.04569
520091,0.06343
520360,0.36131
520637,0.04312
520842,0.28342
521058,0.0759
521211,0.04431
521372,0.03908
521605,0.3286
521811,0.42333
522071,0.06192
522293,0.20833
522516,0.05638
522646,0.33135
522899,0.039
523170,0.42785
523384,0.58624
523519,0.05686
523694,0.07021
524026,0.15521
524237,0.34772
524456,0.03484
524599,0.06937
524846,0.07717
525008,0.06864
525175,0.09462
525483,0.25514
525699,0.46978
525968,0.04943
526294,0.06273
526431,0.34082
526757,0.03766
527001,0.25749
527284,0.05104
527686,0.0489
527827,0.29768
527994,0.05854
528204,0.30786
528292,0.08186
528577,0.21475
528794,0.26536
528965,0.26819
529285,0.29185
529400,0.04671
529597,0.03549
529788,0.03893
530056,0.42261
530280,0.03389
530563,0.0391
530777,0.49608
530941,0.21505
531184,0.07176
531334,0.12849
531634,0.29782
531977,0.05739
532199,0.09637
532459,1.05655
532661,0.08074
532913,0.03601
533138,0.26226
533352,0.30192
533527,0.70541
533728,0.88161
534045,0.04153
534191,0.05111
534421,0.03876
534624,0.0295
534804,0.23927
535063,0.07333
535292,0.05199
535475,0.05725
535716,0.05037
535907,0.02531
536019,0.52507
536265,0.05541
536386,0.26922
536675,0.02214
536793,0.24647
537040,0.35925
537296,0.02363
537496,0.04874
537830,0.06707
538084,0.18715
538286,0.36923
538396,0.04832
538618,0.20012
538801,0.01667
538977,0.07505
539103,0.22416
539377,0.63876
539570,0.31674
539840,0.04977
540152,0.03958
540293,0.04345
540496,0.19668
540825,0.55121
541099,0.51579
541326,0.31447
541532,0.04138
541729,0.02851
541930,0.13426
542252,0.04632
542509,0.0437
542694,0.53237
542904,0.24999
543219,0.06726
543369,0.46936
543572,0.04702
543815,0.05964
544010,0.89951
544204,0.39905
544475,0.17845
544647,0.22346
544879,0.03034
545028,0.42316
545316,0.01454
545528,0.17835
545791,0.07009
545943,0.05631
546051,0.02148
546156,0.04763
546319,0.66752
546495,0.39244
546878,0.04499
547044,0.04683
547397,0.2819
547589,0.15007
547778,0.01875
547981,0.0532
548212,0.04043
548477,0.16401
548683,0.04309
548875,0.48187
549128,0.15812
549305,0.02933
549540,0.04899
549892,0.02284
550000,0.17725
550185,0.48618
550339,0.25978
550516,0.38363
550759,0.4194
550925,0.06571
551254,0.1215
551459,0.35881
551711,0.04455
551923,0.47747
552190,0.34935
552418,0.41828
552726,0.46066
552952,0.94005
553181,0.03887
553520,0.04307
553769,0.06022
554123,0.30089
554320,0.05646
554579,0.46256
554810,0.10044
554987,0.27217
555162,0.29438
555373,0.12018
555540,0.15564
555760,0.52041
556093,0.05141
556308,0.36371
556567,0.0486
556694,0.06244
556941,0.0603
557256,0.18206
557533,0.04732
557671,0.04757
557862,0.04449
558074,0.31588
558320,0.21008
558580,0.07029
558823,0.04045
559096,0.05851
559470,0.05753
559621,0.0449
559849,0.02948
560117,0.04655
560349,0.04309
560722,0.03937
560930,0.78301
561061,0.07008
561327,0.13771
561532,0.3168
561821,0.12085
562169,0.03714
562379,0.09204
562537,0.06008
562735,0.30592
563048,0.36994
563364,0.03006
563682,0.19744
563867,0.04952
564050,0.03493
564485,0.05086
564680,0.03566
564891,0.02057
565187,0.17073
565518,0.55122
565756,0.03077
565972,0.03024
566113,0.056
566616,0.04462
566961,0.06808
567130,0.41178
567254,0.19934
567464,0.05318
567691,0.05319
567852,0.50115
567995,0.02581
568239,0.06272
568430,0.08698
568642,0.04719
568877,0.02069
569139,0.26141
569461,0.53281
569678,0.06777
569926,0.04082
570112,0.03754
570330,0.33066
570579,0.05194
570779,0.37839
571186,0.06334
571401,0.06212
571541,0.06392
571804,0.28755
571955,0.15617
572062,0.35228
572314,0.46033
572457,0.23965
572727,0.0568
573024,0.10597
573314,0.30659
573622,0.3301
573703,0.07875
573901,0.22615
574099,0.07633
574268,0.06147
574610,0.06597
574681,0.04935
574779,0.03975
574877,0.58287
575082,0.14699
575257,0.05515
575631,0.04957
575764,0.03824
575930,0.02507
576095,0.18099
576252,0.07556
576566,0.22585
576829,0.34309
577123,0.17566
577348,0.06865
577558,0.03708
577787,0.0363
578087,0.25534
578277,0.05854
578489,0.04922
578805,0.49956
578987,0.03902
579301,0.04058
579691,0.32032
579810,0.03393
579957,0.49564
580127,0.04896
580405,0.02502
580592,0.32098
580803,0.03854
581038,0.08722
581227,0.04541
581356,0.05189
581490,0.04124
581741,0.42259
582000,0.74952
582181,0.36107
582307,0.46935
582508,0.07956
582797,0.1073
583077,0.33576
583242,0.16272
583443,0.04713
583560,0.07914
583861,0.0306
584104,0.04329
584312,0.0485
584495,0.04804
584913,0.08344
585060,0.12256
585335,0.0628
585493,0.11675
585670,0.34101
585898,0.05045
586099,0.04746
586390,0.04068
586626,0.04586
586929,0.21886
587250,0.07209
587519,0.05706
587637,0.25857
587918,0.23218
588114,0.02187
588502,0.07794
588748,0.03809
589003,0.30153
589162,0.35721
589236,0.07034
589365,0.05148
589573,0.04156
589770,0.07321
589965,0.38718
590152,0.2619
590360,0.0476
590620,0.09466
590900,0.17787
591086,0.41562
591317,0.46798
591565,0.0831
591804,0.06266
592144,0.3325
592344,0.06739
592554,0.05749
592769,0.05048
592979,0.04478
593305,0.26498
593555,0.0407
593822,0.03864
594080,0.22294
594302,0.27528
594661,0.05785
594864,0.03365
595079,0.07075
595375,0.07106
595578,0.22785
595790,0.04767
596031,0.41094
596252,0.04306
596499,0.03849
596772,0.4011
597027,0.18366
597164,0.08375
597377,0.2397
597629,0.16066
597932,0.03005
598155,0.06314
598492,0.01943
598606,0.1405
598793,0.03152
599015,0.06116
599326,0.04078
599514,0.05341
599868,0.2785
600000,0.21866
600017,0.03369
600257,0.26712
600598,0.03826
600727,0.11345
600908,0.03962
601145,0.08042
601351,0.02951
601576,0.23063
601781,0.24952
601985,0.04929
602286,0.13576
602504,0.04322
602730,0.03253
602909,0.03217
603072,0.04326
603298,0.03252
603604,0.04257
603796,0.45435
604021,0.46982
604354,0.04682
604695,0.12645
604885,0.79356
605224,0.04189
605540,0.03616
605718,0.03338
605998,0.34615
606175,0.07163
606412,0.04703
606695,0.03324
606950,0.42732
607260,0.05637
607453,0.26924
607690,0.0532
608005,0.0517
608228,0.0662
608347,0.04445
608561,0.0455
608853,0.02981
609241,0.05988
609519,0.04056
609760,0.18895
609968,0.05822
610278,0.09437
610491,0.64756
610709,0.03699
610986,0.43169
611198,0.04102
611505,0.54274
611682,0.27163
611867,0.14314
612155,0.25361
612381,0.30625
612648,0.06481
612864,0.46042
613239,0.55204
613438,0.32058
613838,0.06047
614095,0.44347
614344,0.11017
614566,0.08163
614781,0.05932
615004,0.02977
615182,0.03635
615487,0.04026
615751,0.49877
615930,0.10975
616212,0.32117
616514,0.07482
616724,0.37369
616939,0.20696
617356,0.5153
617540,0.70938
617824,0.2844
618149,0.02084
618392,0.02958
618542,0.02931
618839,0.18952
619194,0.40601
619452,0.06799
619677,0.04987
620007,0.05467
620207,0.02308
620397,0.11603
620529,0.04285
620680,0.03617
620893,0.04784
621193,0.0182
621412,0.06568
621629,0.32721
621786,0.26909
622029,0.02185
622248,0.84329
622410,0.09228
622628,0.03778
622861,0.05582
622988,0.37573
623269,0.16708
623528,0.04228
623785,0.08185
624117,0.06745
624391,0.29312
624525,0.03875
624780,0.22177
624947,0.03451
625277,0.03393
625545,0.07955
625791,0.19914
626088,0.40199
626285,0.02373
626471,0.03947
626690,0.09283
626943,0.34967
627131,0.06817
627354,0.1728
627644,0.0474
627877,0.19567
628124,0.12136
628387,0.49981
628673,0.058
628822,0.02662
629136,0.04224
629394,0.31223
629633,0.02943
629936,0.03901
630122,0.02341
630294,0.05383
630433,0.05237
630779,0.45379
631067,0.40915
631260,0.35901
631547,0.31928
631727,0.04177
631914,0.34426
632076,0.03299
632429,0.0709
632700,0.07689
632990,0.03802
633200,0.45463
633371,0.054
633535,0.08894
633729,0.3245
633941,0.17608
634294,0.05056
634434,0.14902
634709,0.05295
634930,0.04411
635070,0.19407
635326,0.04146
635444,0.03164
635771,0.04656
636024,0.12646
636311,0.06077
636607,0.16606
636973,0.06731
637318,0.03369
637699,0.04119
638072,0.3959
638312,0.03442
638618,0.2514
639026,0.06782
639162,0.04169
639338,0.05701
639651,0.0484
639908,0.05457
640049,0.52625
640310,0.06302
640524,0.04823
640754,0.04918
640912,0.42665
641158,0.14888
641368,0.04291
641635,0.38328
641836,0.03258
642101,0.01932
642421,0.2858
642791,0.0264
643113,0.04315
643485,0.02796
643674,0.05124
643893,0.03767
644082,0.05791
644274,0.04961
644718,0.56535
644935,0.0757
645154,0.0266
645360,0.05406
645522,0.03238
645664,0.07209
646035,0.04893
646114,0.02601
646269,0.16445
646479,0.46504
646610,0.0498
646874,0.02213
647011,0.76957
647182,0.14032
647329,0.30479
647664,0.53494
647871,0.03743
648194,0.05752
648364,0.04166
648553,0.35564
648886,0.42431
649069,0.04543
649351,0.13533
649648,0.05343
650000,0.4198
650022,0.07289
650301,0.06113
650534,0.05233
650908,0.0753
651016,0.05275
651288,0.06674
651620,0.03079
651798,0.05676
652042,0.0651
652293,0.36157
652489,0.4551
652840,0.05907
653058,0.05118
653321,0.0909
653576,0.04695
653826,0.04507
654002,0.33388
654330,0.24636
654577,0.82155
654793,0.04744
654936,0.06137
655164,0.31805
655299,0.22477
655722,0.03877
655913,0.49603
656163,0.24052
656304,0.60579
656617,0.0734
656914,0.04272
657095,0.0597
657431,0.06244
657690,0.07351
657904,0.23476
658182,0.05004
658461,0.34092
658711,0.04794
658924,0.26568
659051,0.5021
659336,0.46592
659698,0.02465
659858,0.04803
660159,0.02493
660340,0.05387
660518,0.10674
660768,0.19075
660972,0.05731
661164,0.06843
661422,0.07234
661785,0.02855
662063,0.03162
662252,0.02869
662541,0.0427
662921,0.1225
663103,0.68899
663408,0.06696
663702,0.36082
663989,0.35549
664429,0.11913
664728,0.23094
664907,0.05194
665041,0.09241
665427,0.05349
665661,0.34028
665978,0.06057
666137,0.10354
666422,0.04286
666730,0.06691
667029,0.04872
667234,0.07303
667393,0.06128
667634,0.0283
667946,0.02222
668057,0.06735
668354,0.04283
668509,0.05133
668684,0.0618
668948,0.20663
669237,0.04641
669509,0.04966
669741,0.25219
670041,0.02441
670241,0.24156
670481,0.04269
670826,0.39527
670908,0.05099
671140,0.02332
671538,0.05551
671693,0.01963
671938,0.21224
672246,0.03182
672491,0.04518
672732,0.02431
672968,0.0712
673296,0.36381
673540,0.03949
673876,0.02248
674160,0.03683
674388,0.05637
674651,0.30772
674835,0.02399
675106,0.05765
675432,0.05777
675554,0.255
675814,0.04277
676054,0.04266
676320,0.06282
676651,0.02203
676795,0.19011
676970,0.02496
677137,0.08714
677365,0.02142
677574,0.05382
677786,0.02839
678041,0.45082
678222,0.14812
678553,0.47148
678816,0.2795
679149,0.0302
679374,0.2887
679678,0.06951
679824,0.04833
680144,0.88018
680382,0.03075
680606,0.03108
680805,0.04472
680947,0.26321
681207,0.03845
681454,0.02781
681730,0.04011
681860,0.03112
682203,0.03523
682363,0.26999
682538,0.45502
682789,0.53593
682954,0.23751
683115,0.03595
683470,0.36836
683640,0.04168
683887,0.16856
684347,0.04915
684661,0.57754
684888,0.04665
685045,0.61455
685411,0.15198
685729,0.05556
685899,0.05645
686219,0.39897
686414,0.21111
686631,0.04096
686899,0.02909
687147,0.2233
687468,0.34103
687622,0.30902
687758,0.05871
687945,0.18668
688169,0.04112
688481,0.05803
688700,0.04979
688880,0.40536
689120,0.03484
689362,0.06453
689602,0.3982
689823,0.04372
690034,0.06994
690195,0.0323
690368,0.04432
690458,0.25095
690712,0.03505
690917,0.16492
691151,0.04917
691404,0.05196
691682,0.38727
691816,0.03741
692119,0.19783
692268,0.38995
692554,0.03171
692769,0.0393
693235,0.02116
693461,0.05475
693778,0.0315
693981,0.05719
694132,0.29227
694362,0.04698
694592,0.05565
694893,0.02923
695251,0.13136
695454,0.11421
695733,0.06221
696060,0.05921
696261,0.31066
696487,0.07143
696662,0.27013
696948,0.04518
697163,0.3601
697375,0.04304
697531,0.10048
697857,0.03775
698083,0.03789
698349,0.06547
698638,0.03224
698868,0.03013
699125,0.05643
699393,0.36704
699596,0.04034
699841,0.04271
699972,0.38875
700000,0.03201
700232,0.19249
700397,0.04477
700578,0.06585
700860,0.02941
701127,0.04315
701429,0.05913
701740,0.36446
701941,0.03257
702320,0.34267
702517,0.0252
702749,0.03315
703015,0.0183
703308,0.15154
703421,0.02767
703715,0.12113
703915,0.5191
704113,0.05357
704382,0.08548
704467,0.46348
704893,0.05725
705106,0.07453
705378,0.29584
705648,0.27891
705923,0.0316
706254,0.02546
706433,0.12104
706855,0.39575
706975,0.10854
707250,0.04231
707448,0.44419
707885,0.12438
708086,0.03164
708317,0.18084
708464,0.6527
708727,0.04249
708889,0.03336
709099,0.21635
709364,0.0371
709622,0.03731
709838,0.24849
709955,0.198
710062,0.37331
710270,0.04383
710502,0.04636
710751,0.04771
710907,0.02502
711157,0.08476
711320,0.02319
711662,0.07209
711861,0.05914
712162,0.58673
712360,0.06332
712647,0.0982
712850,0.60122
712988,0.07843
713283,0.0562
713631,0.07183
713935,0.45286
714146,0.32434
714351,0.03815
714736,0.44025
714943,0.0573
715136,0.22128
715231,0.05137
715313,0.19535
715472,0.33504
715656,0.03655
715899,0.04635
716038,0.05257
716277,0.04521
716563,0.29187
716857,0.05256
717160,0.05499
717354,0.03393
717549,0.03942
717768,0.02716
718140,0.23197
718421,0.03319
718606,0.02801
718891,0.0453
719045,0.67652
719267,0.5082
719458,0.30902
719930,0.5261
720046,0.04535
720259,0.04822
720383,0.19157
720620,0.45863
720901,0.04922
721101,0.05067
721170,0.04483
721334,0.17543
721573,0.23197
721777,0.65427
722062,0.36717
722205,0.04405
722407,0.06415
722687,0.39207
723061,0.03945
723290,0.27829
723484,0.04031
723620,0.03447
723884,0.35117
724098,0.03493
724356,0.25339
724607,0.34246
724877,0.03921
725126,0.01715
725275,0.06763
725496,0.05214
725611,0.37772
725892,0.41845
726082,0.02616
726342,0.31796
726475,0.04775
726756,0.13583
726943,0.02306
727080,0.48458
727260,0.03535
727443,0.0494
727598,0.06905
727761,0.07219
728019,0.05598
728236,0.03741
728533,0.05589
728772,0.05273
729084,0.0141
729393,0.24809
729565,0.05343
729867,0.03618
730009,0.03649
730166,0.04861
730490,0.04301
730824,0.07863
731047,0.02926
731164,0.41449
731410,0.33716
731622,0.74737
731863,0.47425
732274,0.03363
732457,0.52782
732759,0.26447
732938,0.07301
733134,0.02943
733434,0.04484
733653,0.04065
733856,0.0331
734192,0.05036
734513,0.07628
734753,0.42974
734920,0.03637
735102,0.02474
735425,0.04011
735629,0.02527
735933,0.24536
736190,0.02727
736428,0.07735
736699,0.36306
736858,0.07803
737154,0.4037
737431,0.14127
737661,0.04854
738007,0.29393
738263,0.21915
738520,0.06294
738734,0.03163
739059,0.2078
739372,0.02749
739685,0.03641
739831,0.62507
740067,0.04702
740390,0.05581
740619,0.06702
740799,0.41895
741119,0.0526
741400,0.05542
741629,0.15735
741930,0.0334
742191,0.06433
742405,0.05113
742723,0.31003
743203,0.33339
743608,0.0426
743942,0.36501
744170,0.03347
744381,0.35743
744568,0.06263
744779,0.51018
745105,0.5588
745346,0.5891
745582,0.01929
745901,0.06437
746079,0.04668
746355,0.04396
746583,0.06209
746890,0.65893
747116,0.09772
747313,0.29444
747699,0.25445
747855,0.41925
748067,0.17792
748314,0.01952
748511,0.31702
748795,0.06081
748923,0.06546
749153,0.24191
749335,0.05363
749561,0.02079
749818,0.35578
750000,0.06067
750073,0.03413
750447,0.04261
750605,0.11359
750819,0.04357
751051,0.03948
751270,0.74119
751553,0.01705
751728,0.02915
752023,0.91865
752222,0.02914
752411,0.02633
752618,0.02657
752879,0.24424
753174,0.42301
753555,0.05821
753829,0.04631
754143,0.06927
754446,0.03871
754584,0.13955
754922,0.31554
755336,0.22854
755593,0.2258
755771,0.02437
755979,0.03314
756250,0.06245
756412,0.05648
756631,0.05812
756928,0.04437
757110,0.03982
757473,0.38858
757593,0.16283
757849,0.03517
758272,0.04476
758322,0.52942
758663,0.03948
758801,0.3699
759008,0.30096
759257,0.06494
759590,0.14043
759685,0.0564
760026,0.0283
760230,0.07724
760620,0.28937
760755,0.22414
760902,0.02863
761241,0.06223
761509,0.04434
761658,0.05506
761829,0.11125
762003,0.0335
762241,0.40786
762499,0.38091
762685,0.63927
762991,0.45397
763197,0.53757
763334,0.04259
763662,0.04886
763821,0.04674
764009,0.04164
764321,0.02877
764485,0.41911
764678,0.61294
765021,0.0438
765185,0.05293
765386,0.51508
765592,0.04279
765723,0.16296
765907,0.05634
766277,0.06112
766460,0.04162
766692,0.29928
766897,0.32895
767168,0.04147
767469,0.04148
767738,0.2324
767959,0.04769
768208,0.03692
768468,0.43633
768590,0.57447
768803,0.31869
769186,0.32487
769513,0.03233
769802,0.04365
770021,0.01988
770415,0.02187
770661,0.05147
770872,0.02795
771051,0.06583
771263,0.03509
771601,0.54642
772001,0.03051
772215,0.0597
772489,0.03969
772767,0.04536
773075,0.84942
773292,0.0225
773428,0.22998
773620,0.29717
773824,0.0702
773986,0.06206
774167,0.05685
774450,0.02738
774633,0.30552
774878,0.2272
775026,0.22202
775302,0.02821
775540,0.31488
775704,0.17674
775970,0.3774
776106,0.36659
776326,0.18517
776565,0.51148
776876,0.42778
777307,0.03
777579,0.04342
777758,0.21944
778028,0.1001
778293,0.45031
778714,0.47906
778843,0.05216
779064,0.44076
779283,0.04965
779474,0.04961
779751,0.32933
780013,0.32773
780183,0.27507
780424,0.02826
780756,0.02672
780991,0.04502
781236,0.02725
781462,0.03043
781733,0.05705
781937,0.03689
782133,0.06318
782311,0.18304
782558,0.02923
782887,0.02863
783118,0.04897
783525,0.04722
783813,0.02928
784125,0.44446
784288,0.04266
784635,0.04763
784952,0.14418
785297,0.02509
785520,0.19054
785722,0.38129
785980,0.2298
786269,0.06137
786403,0.28871
786618,0.06056
786999,0.35702
787182,0.02978
787420,0.02466
787639,0.03197
787907,0.06677
788153,0.07259
788254,0.0373
788436,0.07879
788686,0.47127
788909,0.42373
789077,0.04378
789410,0.06083
789672,0.77804
789868,0.16169
790140,0.04854
790492,0.03096
790695,0.56107
791004,0.3227
791140,0.15226
791410,0.06089
791718,0.46639
791837,0.03098
792046,0.03953
792338,0.04598
792630,0.04998
792860,0.02928
793120,0.02104
793277,0.03842
793468,0.71323
793740,0.09416
793923,0.03961
794138,0.06177
794445,0.11117
794675,0.02631
794843,0.56429
795241,0.13765
795482,0.04952
795744,0.31905
795981,0.0467
796295,0.05669
796460,0.05558
796582,0.09651
796857,0.05512
797044,0.32761
797412,0.35451
797551,0.29225
797843,0.03957
798097,0.07807
798238,0.21228
798504,0.21551
798700,0.03124
799123,0.06419
799396,0.08373
799576,0.03857
799852,0.40036
799987,0.31021
800000,0.04661
800231,0.08212
800503,0.26904
800779,0.05773
801065,0.28282
801273,0.0536
801523,0.04893
801848,0.04102
802074,0.03914
802408,0.02361
802612,0.03425
802765,0.28662
802957,0.05343
803192,0.1899
803516,0.04076
803693,0.03352
804143,0.37659
804323,0.04213
804524,0.036
804776,0.28422
805002,0.02184
805232,0.33958
805423,0.03772
805668,0.03857
805957,0.03925
806152,0.48784
806619,0.04987
806824,0.71404
807121,0.39067
807313,0.053
807608,0.44417
807812,0.05008
807910,0.05151
808087,0.1997
808351,0.05222
808538,0.05368
808657,0.22094
809005,0.06495
809217,0.44881
809434,0.06569
809653,0.34421
809850,0.34356
810071,0.06031
810330,0.04371
810566,0.26336
810812,0.13926
811022,0.03777
811419,0.03083
811612,0.0264
811820,0.08116
812024,0.52171
812326,0.33428
812543,0.59414
812758,0.36876
812952,0.38063
813240,0.41416
813409,0.51948
813739,0.26697
814150,0.45538
814323,0.03469
814572,0.04394
814839,0.26364
815041,0.22447
815182,0.22299
815523,0.03205
815722,0.12171
816034,0.08063
816181,0.03058
816504,0.05291
816857,0.03127
816992,0.0626
817198,0.0931
817549,0.05801
817852,0.43825
818085,0.04253
818273,0.02875
818481,0.04356
818669,0.1435
818922,0.0292
819063,0.03956
819315,0.16948
819501,0.02593
819675,0.03393
819777,0.05814
820106,0.18049
820298,0.03827
820476,0.34973
820660,0.45568
821090,0.16985
821233,0.05148
821359,0.2754
821563,0.04175
821917,0.01552
822206,0.57856
822427,0.54201
822673,0.05532
822960,0.498
823262,0.04353
823481,0.23143
823752,0.04938
823927,0.03036
824255,0.0401
824410,0.31192
824676,0.23484
825054,0.47417
825275,0.03838
825499,0.09942
825718,0.14481
825914,0.03777
826081,0.49587
826344,0.89174
826523,0.04051
826954,0.04486
827131,0.02818
827300,0.16817
827618,0.04493
827951,0.06262
828146,0.03708
828412,0.32737
828610,0.0484
828904,0.14119
829203,0.04038
829507,0.04377
829801,0.06407
829986,0.23456
830282,0.18883
830753,0.0165
830856,0.06291
830980,0.03812
831287,0.03467
831402,0.43902
831687,0.03391
832050,0.31956
832268,0.38621
832454,0.16581
832738,0.04314
832965,0.0325
833259,0.02588
833462,0.04847
833685,0.57856
833917,0.46026
834073,0.04634
834310,0.07187
834580,0.03028
834773,0.04199
835110,0.40112
835324,0.02671
835522,0.05498
835783,0.03034
835937,0.02986
836167,0.05309
836403,0.05958
836666,0.25004
836870,0.25582
837051,0.05142
837333,0.34041
837712,0.02408
837914,0.09545
838214,0.03734
838395,0.33897
838741,0.03144
838977,0.35507
839239,0.05735
839485,0.49979
839790,0.18958
840089,0.01866
840363,0.03482
840559,0.4293
840867,0.61013
841076,0.04877
841244,0.30638
841488,0.0705
841799,0.02503
842129,0.04046
842395,0.02507
842621,0.05299
842849,0.03491
843043,0.05582
843354,1.00729
843700,0.02881
843880,0.03342
844331,0.04124
844413,0.05031
844627,0.04626
844922,0.46071
845301,0.05198
845592,0.0534
845811,0.08293
846107,0.04993
846311,0.05731
846532,0.04619
846854,0.03534
847166,0.03751
847439,0.04107
847666,0.02705
848061,0.03949
848205,0.03174
848507,0.028
848811,0.06122
849157,0.32378
849483,0.04955
849807,0.445
850000,0.02715
850185,0.06065
850421,0.05198
850766,0.0334
850836,0.46092
850954,0.06121
851075,0.03098
851410,0.06097
851800,0.50484
851936,0.03441
852112,0.22008
852280,0.39834
852712,0.12146
853051,0.03367
853304,0.1943
853500,0.06171
853656,0.36714
853819,0.07393
854157,0.04339
854411,0.01773
854675,0.16935
854845,0.02889
855037,0.46364
855368,0.0335
855603,0.03405
855857,0.03116
856283,0.37914
856568,0.56737
856836,0.13374
857099,0.05405
857263,0.09421
857497,0.02902
857795,0.49674
858066,0.0705
858245,0.02835
858473,0.41768
858614,0.05232
858862,0.04532
859042,0.03678
859201,0.01792
859462,0.03722
859650,0.03193
859965,0.01558
860235,0.03517
860580,0.04432
860850,0.02478
860947,0.03888
861147,0.06409
861300,0.04401
861579,0.04293
861703,0.03209
861806,0.43977
862011,0.46631
862284,0.04737
862454,0.02943
862679,0.62142
862824,0.02645
863121,0.08852
863353,0.16783
863598,0.15689
863912,0.14353
864018,0.41269
864263,0.0418
864542,0.0392
864775,0.05786
865114,0.03371
865447,0.06931
865636,0.03562
865870,0.29351
866275,0.03019
866416,0.0418
866670,0.52923
866903,0.0271
867154,0.06587
867408,0.03759
867621,0.02776
867725,0.04035
867963,0.04327
868164,0.03988
868400,0.41682
868721,0.03974
868947,0.02261
869114,0.06025
869463,0.06352
869741,0.04235
869997,0.46666
870274,0.3582
870573,0.03746
870749,0.02915
871006,0.03583
871230,0.17935
871523,0.05632
871762,0.04521
872044,0.01791
872271,0.06068
872530,0.85895
872749,0.39888
873068,0.02318
873282,0.03878
873509,0.03504
873707,0.02431
873859,0.18216
874073,0.36039
874317,0.02214
874611,0.26698
874851,0.03309
875168,0.33659
875327,0.02359
875630,0.03686
875814,0.03816
876128,0.0625
876322,0.04255
876687,0.03887
877066,0.02091
877229,0.04977
877540,0.0566
877782,0.40132
878015,0.02828
878258,0.1415
878578,0.04746
878730,0.07784
878979,0.2433
879113,0.05879
879350,0.62935
879703,0.21556
879892,0.07776
880284,0.03805
880679,0.0448
880907,0.38305
881065,0.03905
881279,0.38077
881625,0.04168
881786,0.04373
882002,0.06267
882302,0.04135
882484,0.04662
882631,0.23743
882857,0.32936
883086,0.47196
883403,0.47345
883582,0.03151
883940,0.25698
884234,0.08997
884564,0.05189
884733,0.05605
885023,0.40671
885242,0.04854
885359,0.0314
885545,0.03927
885848,0.04964
886040,0.04537
886238,0.06687
886478,0.03294
886665,0.26696
886908,0.29084
887044,0.0416
887417,0.04684
887651,0.03538
887765,0.36856
888000,0.30209
888307,0.05587
888663,0.32361
888838,0.024
889099,0.02778
889306,0.02941
889559,0.05895
889797,0.05566
889930,0.04551
890251,0.02065
890448,0.0291
890809,0.43648
891062,0.44149
891300,0.05295
891414,0.05915
891610,0.49519
891763,0.7066
891973,0.11001
892191,0.02796
892340,0.10943
892481,0.39929
892686,0.02704
892953,0.10218
893317,0.05771
893571,0.04689
893834,0.58727
894036,0.02065
894289,0.05442
894551,0.0421
894785,0.04733
895012,0.18706
895349,0.07808
895704,0.05786
895871,0.1478
896184,0.0485
896478,0.07437
896714,0.05112
897050,0.03885
897299,0.07405
897553,0.03071
897747,0.02368
898062,0.03239
898297,0.32161
898527,0.18888
898780,0.30109
898958,0.18226
899112,0.04844
899340,0.25443
899474,0.03552
899778,0.0295
899990,0.03086
900000,0.22697
900259,0.05955
900626,0.18716
900720,0.03935
901029,0.05143
901230,0.03994
901525,0.27939
901861,0.04688
902131,0.06615
902265,0.02368
902508,0.04607
902689,0.0493
903154,0.04706
903383,0.07888
903579,0.0651
903831,0.33067
904023,0.02315
904165,0.02754
904431,0.25564
904622,0.08673
904851,0.4555
905037,0.05859
905119,0.07251
905418,0.39544
905771,0.06003
906111,0.05472
906383,0.3862
906788,0.35809
907104,0.41502
907394,0.09683
907587,0.04614
907864,0.02848
907975,0.02048
908174,0.50931
908361,0.05314
908649,0.042
908794,0.43817
908952,0.05092
909199,0.05828
909456,0.27696
909700,0.15224
909791,0.09913
910051,0.2699
910233,0.07914
910428,0.09689
910751,0.43551
910908,0.0585
911083,0.03821
911356,0.04617
911656,0.34768
911831,0.06289
912044,0.05193
912438,0.04774
912654,0.04552
912883,0.10019
913256,0.05167
913392,0.04972
913581,0.05489
913850,0.04838
914042,0.07158
914280,0.10732
914560,0.01982
914879,0.05629
915122,0.17037
915459,0.03941
915651,0.04124
915762,0.04038
916153,0.04043
916507,0.04055
916713,0.03006
916942,0.34656
917160,0.03642
917510,0.03404
917633,0.02903
917855,0.04512
918126,0.03871
918382,0.36479
918760,0.02077
918911,0.07016
919187,0.04144
919465,0.62505
919820,0.30058
920201,0.08425
920483,0.02063
920682,0.05235
920852,0.04503
921114,0.02736
921404,0.02998
921615,0.05858
921920,0.05716
922111,0.03055
922317,0.49857
922522,0.38475
922851,0.0497
923029,0.37837
923170,0.04543
923472,0.22513
923984,0.61917
924271,0.05851
924639,0.46249
924852,0.42262
925071,0.37943
925217,0.05281
925525,0.20178
925794,0.19969
926148,0.84157
926304,0.03153
926497,0.05451
926911,0.46396
927213,0.05978
927427,0.42658
927791,0.03883
927983,0.04857
928336,0.02037
928529,0.03842
928764,0.02452
928952,0.05725
929296,0.04106
929583,0.03858
929956,0.05392
930195,0.05072
930460,0.27813
930666,0.02974
930937,0.09359
931177,0.38579
931435,0.10287
931572,0.38625
931815,0.03382
932097,0.05924
932319,0.5009
932517,0.03296
932646,0.22317
932801,0.03531
933132,0.26738
933339,0.02767
933701,0.22912
933990,0.03203
934276,0.22047
934487,0.44048
934622,0.45152
934803,0.19372
935028,0.56051
935398,0.02984
935741,0.03843
935878,0.03156
936139,0.08424
936285,0.46499
936537,0.11875
936670,0.2495
936871,0.02961
937112,0.17912
937489,0.0497
937726,0.06786
938056,0.06025
938242,0.42297
938515,0.36792
938726,0.05193
939010,0.35604
939259,0.04073
939504,0.51076
939748,0.02848
939941,0.06895
940161,0.36463
940399,0.73907
940710,0.02765
941018,0.24463
941286,0.04596
941506,0.24058
941712,0.04347
941983,0.02727
942185,0.02945
942456,0.0345
942690,0.03401
942799,0.0802
943107,0.47244
943367,0.05417
943605,0.05082
943877,0.04089
944078,0.03443
944248,0.35468
944474,0.03923
944761,0.32757
945004,0.39462
945140,0.03956
945331,0.27279
945644,0.0347
945811,0.07371
945986,0.06213
946190,0.52527
946339,0.0437
946493,0.039
946835,0.04803
947069,0.41626
947318,0.024
947563,0.44372
947733,0.04246
947996,0.05275
948162,0.03252
948444,0.25647
948707,0.09181
948915,0.05272
949176,0.38314
949644,0.05657
949900,0.13805
950000,0.02963
950036,0.05407
950352,0.79739
950706,0.42806
950938,0.03519
951153,0.12845
951345,0.37056
951764,0.35276
951882,0.35785
952085,0.02699
952277,0.02469
952579,0.04048
952679,0.04094
952987,0.04124
953207,0.02961
953425,0.05757
953773,0.08921
954029,0.04265
954360,0.02699
954483,0.04179
954776,0.11019
955014,0.03263
955418,0.0829
955609,0.04235
955897,0.05563
956073,0.05551
956260,0.03177
956495,0.3108
956743,0.03298
956955,0.56035
957141,0.04366
957378,0.30859
957640,0.05516
957934,0.02074
958167,0.05525
958420,0.02698
958681,0.14345
958815,0.23986
959119,0.06871
959362,0.36849
959596,0.23041
959921,0.22019
960179,0.04925
960492,0.02687
960592,0.30622
960786,0.03219
960943,0.15988
961219,0.0227
961471,0.05473
961770,0.02531
962032,0.0408
962100,0.06544
962329,0.04033
962592,0.02367
962752,0.24631
962997,0.26789
963276,0.01991
963477,0.34937
963769,0.05475
963887,0.29477
964058,0.05182
964376,0.01889
964694,0.05149
964863,0.03702
965223,0.30837
965479,0.03865
965773,0.33538
965958,0.45893
966285,0.02955
966585,0.03578
966748,0.02431
967034,0.49805
967361,0.18034
967573,0.02882
967734,0.04436
968077,0.05588
968339,0.06326
968603,0.01822
968705,0.12231
968951,0.30043
969091,0.06576
969251,0.0462
969487,0.01385
969680,0.05248
969929,0.03365
970145,0.82095
970542,0.25437
970868,0.41197
971190,0.02429
971473,0.41871
971753,0.70984
971982,0.04809
972291,0.02806
972550,0.02937
972915,0.15305
973257,0.04484
973455,0.05275
973646,0.4855
973859,0.19552
973998,0.03613
974222,0.08869
974479,0.13453
974744,0.31051
975131,0.42267
975609,0.0361
975810,0.51867
976219,0.05513
976494,0.30903
976764,0.03927
977009,0.06439
977418,0.04133
977668,0.27455
977894,0.04677
978291,0.06378
978529,0.56444
978887,0.02424
979327,0.03813
979561,0.03301
979741,0.01778
979913,0.04309
980161,0.29963
980317,0.03172
980507,0.01511
980674,0.02664
980980,0.45986
981276,0.04748
981513,0.0393
981776,0.16179
981923,0.03213
982202,0.46708
982280,0.03051
982404,0.09162
982591,0.06948
983096,0.36921
983317,0.05131
983491,0.0296
983882,0.0412
984094,0.41778
984371,0.03397
984718,0.81351
985003,0.03627
985217,0.02796
985528,0.05394
985890,0.0857
986145,0.13004
986363,0.11392
986609,0.03122
986924,0.07011
987175,0.04045
987382,0.30117
987515,0.45656
987768,0.04907
987901,0.03733
988029,0.42843
988349,0.15012
988522,0.03965
988767,0.38644
988987,0.24519
989271,0.13997
989515,0.46855
989762,0.28866
990086,0.67298
990330,0.02987
990686,0.45317
991038,0.0517
991263,0.04205
991602,0.04498
991789,0.0186
992055,0.03354
992321,0.37949
992646,0.0394
992843,0.16061
993195,0.452
993469,0.02188
993666,0.71495
993802,0.04044
994138,0.39916
994325,0.04265
994619,0.05303
994857,0.15491
995148,0.12421
995379,0.05025
995656,0.05268
996068,0.16606
996298,0.20556
996643,0.028
996782,0.19677
997014,0.0444
997297,0.4246
997517,0.02891
997686,0.02652
997913,0.32139
998159,0.04872
998331,0.7718
998567,0.0221
998789,0.034
999013,0.02899
999169,0.03855
999414,0.04008
999708,0.02995
999994,0.03705
1000000,0.53243
1000135,0.04789
1000444,0.75249
1000610,0.05203
1000883,0.03876
1001175,0.13633
1001461,0.03696
1001725,0.36426
1002001,0.30256
1002319,0.04187
1002516,0.66135
1002683,0.06466
1002887,0.03836
1003074,0.05801
1003299,0.20776
1003667,0.0254
1003769,0.28885
1004089,0.16182
1004298,0.01962
1004467,0.07273
1005092,0.03561
1005313,0.03205
1005678,0.29725
1005880,0.48898
1006061,0.02556
1006355,0.89168
1006623,0.03946
1006783,0.05703
1007097,0.0397
1007288,0.03291
1007672,0.06655
1007823,0.33563
1008075,0.02734
1008195,0.41051
1008609,0.06373
1008789,0.67891
1008960,0.30995
1009219,0.0266
1009557,0.03289
1009920,0.20329
1010108,0.04627
1010326,0.31965
1010610,0.80522
1010841,0.04429
1011131,0.02641
1011297,0.19113
1011410,0.06106
1011632,0.21044
1011898,0.03445
1012310,0.04026
1012513,0.04156
1012730,0.30521
1013015,0.02602
1013201,0.04912
1013439,0.61957
1013783,0.0341
1014012,0.40806
1014285,0.06628
1014599,0.03768
1014732,0.04375
1015012,0.0252
1015215,0.37454
1015429,0.0372
1015733,0.12338
1015915,0.04355
1016129,0.40672
1016454,0.03647
1016736,0.08199
1016985,0.54994
1017343,0.03761
1017536,0.03619
1017691,0.06102
1017842,0.07138
1018144,0.05792
1018329,0.03573
1018718,0.03524
1018958,0.0202
1019275,0.02907
1019562,0.05744
1019856,0.03124
1020118,0.03249
1020299,0.25489
1020465,0.09912
1020687,0.26175
1020995,0.05171
1021363,0.1606
1021610,0.0256
1021873,0.06825
1022157,0.03819
1022302,0.02882
1022541,0.67182
1022681,0.03521
1023001,0.28971
1023351,0.04582
1023666,0.02618
1023874,0.97933
1024081,0.27499
1024385,0.05017
1024672,0.03818
1024900,0.0524
1025217,0.02788
1025374,0.33867
1025660,0.0257
1025986,0.2559
1026160,0.16135
1026268,0.03234
1026764,0.12674
1027041,0.27973
1027301,0.06151
1027559,0.03673
1027792,0.01885
1028044,0.50552
1028339,0.44786
1028540,0.05275
1028950,0.03528
1029168,0.03198
1029530,0.58576
1029730,0.02849
1029958,0.12217
1030124,0.10626
1030436,0.03067
1030696,0.2422
1030882,0.02914
1031329,0.06707
1031494,0.15447
1031643,0.04202
1031834,0.07953
1032017,0.50654
1032242,0.02872
1032715,0.43345
1033035,0.28144
1033349,0.04067
1033608,0.02121
1033913,0.22214
1034199,0.07087
1034482,0.10743
1034721,0.03171
1034905,0.02882
1035056,0.46923
1035309,0.03609
1035458,0.03365
1035673,0.0543
1035921,0.0296
1036128,0.04052
1036302,0.05729
1036583,0.03715
1036850,0.02466
1037072,0.02635
1037262,0.04259
1037549,0.03244
1037793,0.02902
1038150,1.03624
1038302,0.42673
1038658,0.11181
1038863,0.54986
1039054,0.07735
1039189,0.04658
1039423,0.29053
1039778,0.03023
1040009,0.02688
1040297,0.02955
1040526,0.02895
1040728,0.284
1040882,0.02703
1041097,0.28818
1041273,0.05712
1041444,0.25547
1041597,0.04657
1041748,0.06372
1042018,0.02912
1042290,0.03088
1042455,0.02011
1042771,0.04431
1042981,0.03965
1043172,0.07849
1043434,0.24954
1043702,0.09332
1043909,0.24958
1044073,0.03194
1044392,0.35583
1044607,0.04987
1044828,0.11256
1045221,0.13278
1045468,0.02758
1045600,0.04712
1045873,0.0548
1046211,0.62033
1046437,0.53049
1046798,0.05522
1047011,0.04222
1047269,0.04684
1047438,0.05573
1047631,0.02499
1047858,0.01809
1048055,0.04953
1048149,0.23741
1048387,0.03716
1048556,0.08429
1048745,0.04357
1049071,0.03208
1049342,0.12679
1049487,0.08402
1049779,0.46548
1049963,0.11501
1050000,0.02629
1050123,0.02024
1050421,0.04093
1050722,0.04906
1051021,0.30366
1051219,0.05702
1051497,0.44974
1051693,0.0361
1052000,0.02214
1052353,0.54357
1052676,0.18826
1052937,0.04945
1053255,0.02749
1053395,0.06865
1053716,0.03666
1053949,0.44282
1054087,0.04074
1054435,0.0845
1054779,0.21606
1055033,0.09097
1055265,0.04087
1055561,0.05484
1055686,0.11639
1055890,0.04772
1056147,0.07338
1056334,0.03053
1056521,0.16125
1056805,0.06319
1057032,0.30504
1057330,0.42033
1057725,0.44969
1057849,0.3723
1058061,0.03549
1058200,0.25863
1058533,0.03544
1058783,0.25634
1059080,0.04734
1059450,0.3273
1059700,0.04122
1059972,0.04861
1060207,0.03241
1060388,0.13308
1060604,0.01882
1060868,0.57249
1061045,0.05027
1061280,0.05676
1061541,0.42299
1061794,0.03005
1062078,0.15025
1062365,0.03084
1062498,0.63998
1062830,0.03927
1062948,0.0491
1063090,0.04859
1063368,0.04819
1063643,0.03715
1063919,0.46624
1064111,0.03866
1064382,0.03122
1064611,0.03484
1064767,0.04108
1065005,0.03622
1065123,0.02099
1065335,0.03676
1065632,0.02913
1065785,0.41339
1065971,0.04593
1066275,0.0493
1066468,0.02786
1066724,0.05058
1066878,0.43274
1067100,0.04114
1067348,0.10668
1067666,0.01642
1067842,0.20627
1068037,0.54067
1068565,0.23001
1068757,0.07679
1069005,0.05381
1069250,0.26619
1069483,0.05453
1069843,0.16339
1070070,0.2241
1070351,0.12726
1070603,0.07232
1070869,0.35653
1071025,0.05095
1071461,0.04499
1071642,0.034
1071907,0.24064
1072137,0.04464
1072333,0.12664
1072623,0.02763
1072929,0.03182
1073030,0.03958
1073248,0.41044
1073492,0.05655
1073863,0.42266
1074095,0.05188
1074257,0.02086
1074434,0.03531
1074693,0.06775
1075090,0.02596
1075353,0.0272
1075735,0.07109
1076009,0.02758
1076235,0.48661
1076389,0.05834
1076636,0.25597
1076861,0.48993
1077180,0.03089
1077395,0.05852
1077655,0.12728
1078050,0.54547
1078244,0.07221
1078489,0.19067
1078736,0.43525
1079021,0.04957
1079199,0.0753
1079506,0.30072
1079618,0.02704
1079919,0.29081
1080313,0.05758
1080404,0.03742
1080716,0.04078
1081056,0.05074
1081206,0.05083
1081357,0.32818
1081719,0.0373
1081852,0.12189
1082056,0.03155
1082249,0.11179
1082489,0.03686
1082714,0.04474
1083089,0.05233
1083384,0.03644
1083700,0.03158
1083964,0.03411
1084353,0.04794
1084514,0.03581
1084675,0.28929
1084912,0.22673
1085240,0.46614
1085570,0.22909
1085949,0.03907
1086161,0.04792
1086372,0.35526
1086584,0.02629
1086779,0.01692
1087111,0.12415
1087280,0.02351
1087524,0.04928
1087800,0.08527
1088147,0.04264
1088409,0.02279
1088791,0.08098
1089011,0.10576
1089231,0.28422
1089440,0.02335
1089747,0.01855
1089994,0.05032
1090240,0.02633
1090564,0.20021
1090793,0.03912
1091022,0.30391
1091173,0.03317
1091476,0.39355
1091770,0.03904
1092104,0.46749
1092387,0.38153
1092622,0.16296
1092970,0.28797
1093319,0.2515
1093498,0.02595
1093727,0.07705
1094032,0.44207
1094241,0.36449
1094518,0.30642
1094732,0.06522
1094858,0.03051
1095092,0.04324
1095226,0.26556
1095457,0.06529
1095766,0.06904
1096005,0.34519
1096209,0.05429
1096571,0.33295
1096880,0.07795
1097243,0.02438
1097418,0.04585
1097643,0.04013
1097928,0.04829
1098158,0.69121
1098311,0.42321
1098501,0.30751
1098932,0.10317
1099208,0.37323
1099408,0.04321
1099588,0.02425
1099780,0.05794
1100000,0.02939
1100099,0.03778
1100399,0.01622
1100786,0.04336
1100951,0.29055
1101201,0.18464
1101513,0.02306
1101748,0.14379
1102028,0.26113
1102331,0.03462
1102503,0.03449
1102835,0.47356
1103206,0.04093
1103351,0.3756
1103713,0.46614
1104030,0.03859
1104227,0.17488
1104506,0.05957
1104727,0.15654
1104997,0.01532
1105269,0.43837
1105404,0.02032
1105610,0.04304
1105821,0.47121
1106180,0.03107
1106530,0.07501
1106826,0.02353
1107137,0.01835
1107408,0.47883
1107662,0.30586
1107918,0.29286
1108189,0.03208
1108408,0.05127
1108644,0.06937
1108804,0.03029
1109018,0.40628
1109165,0.04018
1109272,0.03461
1109493,0.06438
1109901,0.20889
1110137,0.04926
1110266,0.23578
1110501,0.75656
1110887,0.23093
1111156,0.05885
1111643,0.02881
1111893,0.15985
1112230,0.02278
1112533,0.40525
1112699,0.72678
1113057,0.02511
1113363,0.02645
1113566,0.03991
1113822,0.04625
1114062,0.01862
1114335,0.04903
1114557,0.26971
1114644,0.43734
1114966,0.03829
1115335,0.32931
1115485,0.25191
1115727,0.08941
1116018,0.02788
1116184,0.04344
1116521,0.04096
1116772,0.33686
1117037,0.04865
1117390,0.03985
1117622,0.32954
1117880,0.06596
1118180,0.10967
1118615,0.05708
1118796,0.04679
1119108,0.0884
1119302,0.04984
1119557,0.04857
1119859,0.02678
1119982,0.05282
1120287,0.09102
1120456,0.04148
1120694,0.17597
1120986,0.18864
1121243,0.11963
1121577,0.03019
1121765,0.31875
1122008,0.07446
1122203,0.34914
1122408,0.29123
1122539,0.01944
1122757,0.03887
1122874,0.10118
1123176,0.15605
1123367,0.02934
1123645,0.052
1123857,0.06446
1124094,0.06879
1124376,0.03558
1124634,0.61989
1124848,0.0602
1125131,0.03221
1125394,0.03415
1125703,0.03422
1125920,0.05965
1126288,0.19664
1126620,0.05477
1126841,0.03344
1127107,0.02758
1127351,0.02657
1127552,0.33847
1127808,0.05652
1128085,0.46867
1128245,0.04273
1128583,0.07689
1128860,0.27417
1129215,0.57351
1129434,0.04911
1129791,0.28645
1130061,0.03401
1130379,0.02062
1130652,0.16001
1130917,0.19906
1131296,0.02447
1131626,0.03904
1131917,0.10529
1132155,0.02942
1132419,0.16778
1132638,0.03795
1132906,0.02965
1133194,0.05027
1133608,0.16393
1133811,0.05016
1134038,0.05971
1134425,0.1151
1134664,0.33336
1134923,0.1018
1135137,0.07126
1135472,0.06269
1135623,0.04044
1135958,0.03517
1136190,0.03388
1136414,0.02596
1136567,0.10872
1136768,0.05138
1137052,0.0267
1137227,0.18257
1137522,0.10615
1137953,0.04046
1138161,0.14276
1138533,0.04481
1138787,0.03074
1139054,0.25207
1139431,0.02677
1139666,0.29719
1140019,0.37847
1140189,0.34087
1140509,0.02676
1140802,0.11936
1141109,0.02944
1141334,0.32424
1141523,0.10297
1141910,0.1023
1142276,0.11858
1142373,0.04618
1142786,0.04121
1143128,0.04607
1143405,0.14124
1143550,0.11687
1143850,0.22551
1144124,0.04947
1144431,0.04712
1144608,0.03367
1144716,0.03456
1145030,0.0454
1145206,0.03713
1145534,0.05693
1145791,0.05655
1145892,0.41234
1146209,0.5023
1146471,0.26553
1146754,0.08632
1147005,0.04117
1147220,0.11309
1147437,0.25601
1147648,0.0628
1147787,0.03051
1148089,0.03907
1148273,0.34362
1148467,0.03983
1148649,0.05927
1148846,0.03418
1149060,0.26263
1149265,0.02826
1149558,0.29439
1149840,0.05787
1150000,0.47295
1150036,0.03958
1150185,0.03086
1150437,0.35934
1150634,0.06221
1151145,0.04249
1151463,0.04751
1151679,0.02901
1151965,0.07977
1152194,0.23674
1152444,0.02754
1152700,0.20544
1152868,0.45305
1153162,0.04419
1153387,0.33554
1153570,0.06272
1153771,0.03277
1154032,0.29335
1154309,0.03919
1154608,0.31652
1154787,0.0401
1155025,0.02202
1155209,0.24725
1155439,0.03195
1155739,0.05734
1156086,0.02838
1156355,0.43873
1156565,0.05507
1156818,0.32112
1156982,0.0364
1157160,0.03607
1157343,0.06228
1157665,0.02989
1158022,0.05637
1158177,0.06584
1158473,0.04933
1158737,0.2935
1158950,0.39225
1159113,0.05588
1159291,0.03383
1159570,0.11133
1159825,0.15888
1159987,0.03802
1160290,0.05114
1160517,0.40441
1160668,0.02777
1161065,0.06395
1161237,0.02787
1161517,0.05521
1161754,0.17745
1162016,0.03482
1162293,0.03049
1162634,0.12175
1162891,0.01867
1163113,0.18113
1163293,0.04165
1163569,0.0797
1163790,0.3334
1164134,0.02614
1164403,0.08856
1164649,0.03165
1164989,0.04543
1165294,0.15417
1165616,0.19887
1165840,0.02884
1166138,0.05369
1166353,0.03516
1166723,0.03786
1166995,0.02592
1167327,0.46432
1167508,0.02927
1167798,0.05614
1168036,0.47367
1168413,0.02834
1168671,0.02277
1169223,0.05952
1169502,0.50822
1169736,0.04724
1170146,0.07839
1170445,0.04123
1170734,0.05661
1170923,0.03369
1171213,0.03666
1171515,0.38093
1171697,0.08204
1171943,0.05411
1172180,0.14109
1172426,0.03711
1172704,0.0642
1172964,0.76286
1173300,0.05685
1173433,0.04708
1173695,0.02237
1173969,0.05774
1174211,0.04785
1174521,0.3591
1174943,0.32627
1175218,0.07243
1175454,0.03785
1175647,0.45104
1175757,0.35022
1176017,0.0316
1176334,0.05878
1176531,0.04509
1176772,0.03825
1177011,0.03777
1177368,0.04361
1177549,0.02931
1177795,0.03828
1178025,0.03759
1178327,0.36029
1178459,0.03987
1178736,0.04718
1178984,0.24246
1179165,0.02982
1179406,0.04569
1179672,0.02231
1180073,0.09627
1180385,0.34281
1180684,0.07471
1180979,0.03277
1181131,0.11383
1181432,0.24555
1181823,0.10768
1182102,0.11345
1182242,0.02932
1182448,0.04698
1182677,0.03562
1182990,0.0289
1183212,0.38222
1183453,0.3547
1183610,0.10694
1183843,0.12497
1184067,0.26516
1184253,0.02396
1184494,0.04551
1184702,0.04448
1184995,0.47534
1185214,0.0354
1185516,0.51503
1185667,0.0551
1185889,0.02492
1186226,0.42832
1186475,0.4924
1186793,0.04433
1187016,0.03657
1187164,0.07188
1187393,0.43976
1187573,0.04406
1187959,0.02441
1188282,0.53254
1188554,0.05372
1188798,0.04707
1189137,0.02642
1189333,0.05782
1189655,0.29372
1189965,0.10892
1190083,0.05396
1190273,0.04471
1190646,0.03386
1190902,0.05663
1191187,0.02451
1191417,0.06507
1191725,0.1399
1191985,0.15211
1192214,0.0377
1192436,0.20849
1192634,0.04321
1193058,0.08833
1193174,0.02869
1193337,0.08932
1193601,0.06615
1193819,0.01387
1194055,0.02922
1194260,0.02695
1194556,0.05449
1194866,0.39903
1195015,0.26562
1195231,0.03488
1195541,0.08776
1195769,0.05686
1196144,0.42749
1196462,0.02586
1196735,0.02764
1197007,0.13613
1197278,0.44998
1197496,0.25779
1197747,0.03772
1197909,0.07616
1198214,0.07999
1198348,0.0635
1198639,0.06851
1198842,0.31417
1199178,0.4846
1199399,0.02931
1199673,0.02706
1199767,0.04087
1200000,0.44396
1200062,0.02987
1200282,0.03414
1200556,0.07372
1200818,0.03964
1201056,0.03434
1201447,0.06788
1201722,0.04628
1201950,0.03861
1202244,0.05707
1202412,0.40873
1202671,0.02553
1202978,0.03293
1203190,0.04869
1203411,0.3119
1203710,0.28216
1203877,0.10304
1204219,0.04924
1204475,0.17577
1204635,0.06301
1204895,0.04587
1205099,0.05271
1205361,0.02421
1205675,0.42327
1205827,0.03588
1206111,0.29649
1206265,0.06009
1206607,0.35025
1206933,0.02036
1207196,0.03861
1207349,0.27855
1207677,0.03952
1207980,0.10368
1208369,0.15924
1208572,0.04183
1208821,0.05591
1209168,0.03072
1209398,0.06329
1209665,0.13132
1210102,0.03063
1210585,0.43621
1210745,0.24805
1211105,0.06805
1211261,0.20976
1211595,0.31318
1211811,0.16219
1212097,0.0553
1212538,0.03832
1212799,0.23101
1213145,0.07427
1213550,0.41335
1213738,0.03928
1214161,0.1735
1214587,0.15422
1214926,0.14252
1215174,0.01839
1215462,0.06365
1215682,0.1109
1215823,0.45691
1216212,0.40772
1216357,0.20645
1216604,0.04623
1216893,0.23873
1217213,0.07639
1217355,0.36618
1217543,0.03175
1217703,0.32789
1217961,0.07379
1218187,0.09421
1218377,0.04894
1218703,0.03465
1218972,0.09146
1219197,0.01643
1219423,0.03549
1219655,0.41272
1219917,0.04671
1220174,0.05993
1220396,0.05415
1220597,0.44752
1220881,0.48983
1221208,0.61201
1221358,0.05787
1221569,0.04025
1221791,0.03729
1222012,0.0337
1222205,0.03023
1222507,0.03342
1222731,0.37953
1223078,0.06962
1223302,0.12789
1223482,0.49087
1223717,0.04537
1224128,0.12689
1224330,0.09762
1224580,0.10782
1224889,0.06505
1225149,0.02404
1225308,0.03039
1225533,0.03067
1225879,0.0241
1226117,0.24284
1226378,0.54455
1226592,0.0467
1226830,0.18581
1227081,0.03923
1227431,0.15681
1227704,0.17147
1227851,0.03547
1228136,0.10193
1228370,0.06681
1228609,0.53963
1228917,0.05326
1229156,0.04963
1229390,0.38616
1229698,0.33499
1230018,0.05193
1230298,0.07507
1230537,0.03637
1230781,0.05919
1231025,0.03262
1231179,0.37853
1231352,0.04971
1231690,0.21468
1231926,0.05063
1232123,0.07342
1232366,0.39837
1232526,0.02689
1232933,0.12551
1233112,0.05295
1233414,0.05424
1233710,0.1414
1233889,0.05579
1234308,0.03488
1234514,0.03718
1234764,0.02935
1235037,0.02469
1235231,0.0386
1235571,0.02772
1235864,0.28687
1236081,0.02941
1236372,0.07147
1236588,0.2709
1236982,0.24253
1237224,0.16461
1237573,0.0211
1237734,0.1298
1238066,0.02266
1238413,0.0538
1238618,0.44944
1238971,0.27608
1239263,0.07464
1239529,0.05603
1239738,0.05101
1239972,0.16175
1240186,0.3794
1240442,0.02615
1240708,0.35161
1240947,0.0592
1241281,0.12917
1241455,0.09276
1241855,0.06793
1242207,0.03295
1242449,0.04097
1242755,0.02899
1243024,0.02585
1243342,0.05306
1243694,0.64267
1244119,0.04621
1244263,0.03285
1244454,0.67925
1244679,0.46555
1244968,0.03654
1245272,0.20855
1245496,0.02932
1245861,0.25271
1246171,0.42824
1246435,0.33077
1246660,0.07371
1246893,0.02003
1247104,0.09251
1247355,0.02732
1247681,0.04659
1247812,0.06093
1248166,0.04109
1248491,0.04223
1248586,0.05572
1248948,0.04019
1249116,0.19107
1249419,0.45294
1249617,0.0364
1249926,0.07089
1250000,0.05974
1250166,0.05203
1250518,0.60355
1250874,0.04347
1251201,0.03089
1251449,0.02191
1251615,0.02316
1251893,0.08903
1252205,0.06238
1252359,0.38352
1252510,0.10004
1252816,0.05986
1253125,0.04202
1253441,0.04645
1253674,0.19718
1253809,0.3536
1254067,0.03887
1254174,0.03579
1254444,0.15753
1254653,0.04097
1254981,0.08453
1255195,0.04547
1255496,0.05602
1255858,0.55784
1256179,0.42316
1256473,0.02936
1256632,0.03013
1256835,0.18176
1257295,0.09646
1257528,0.0702
1257769,0.05994
1257985,0.03289
1258295,0.16535
1258669,0.53358
1259050,0.03843
1259279,0.23356
1259530,0.09705
1259871,0.04902
1260078,0.0359
1260347,0.03886
1260672,0.48295
1261003,0.03511
1261398,0.04251
1261660,0.08736
1261891,0.37164
1262309,0.09872
1262548,0.02001
1262697,0.20598
1263101,0.39601
1263383,0.04223
1263573,0.18263
1263786,0.04588
1263988,0.01965
1264310,0.05498
1264491,0.0607
1264652,0.14575
1264931,0.05518
1265390,0.05627
1265558,0.14072
1265818,0.02621
1266074,0.0229
1266450,0.01525
1266803,0.08396
1266956,0.03858
1267224,0.07637
1267426,0.45419
1267729,0.05527
1268058,0.6308
1268276,0.87312
1268526,0.5726
1268879,0.387
1269083,0.03677
1269399,0.33409
1269774,0.13269
1269923,0.02933
1270257,0.58401
1270398,0.04695
1270756,0.07062
1271079,0.04349
1271289,0.05185
1271643,0.04336
1271937,0.05353
1272179,0.51207
1272566,0.04764
1272793,0.03336
1273092,0.04042
1273391,0.07844
1273568,0.06104
1273761,0.46964
1273956,0.87323
1274282,0.02353
1274534,0.03124
1274722,0.06997
1274998,0.05719
1275415,0.04292
1275630,0.14937
1275833,0.05838
1276142,0.08639
1276359,0.06637
1276628,0.07924
1276943,0.10357
1277327,0.04024
1277600,0.05614
1277755,0.10004
1278080,0.11533
1278350,0.04297
1278694,0.15043
1278931,0.10861
1279207,0.02171
1279461,0.4456
1279851,0.47956
1280220,0.06353
1280448,0.02587
1280624,0.41535
1281084,0.02482
1281367,0.0406
1281656,0.28036
1281868,0.03755
1282232,0.05102
1282523,0.05966
1282685,0.14396
1283032,0.20601
1283275,0.44397
1283513,0.0464
1283802,0.0481
1283969,0.02223
1284154,0.04128
1284429,0.61264
1284653,0.13485
1284933,0.03818
1285129,0.04337
1285291,0.03993
1285686,0.0429
1286028,0.17097
1286300,0.06205
1286573,0.1479
1286884,0.01741
1287018,0.69396
1287265,0.08021
1287432,0.64217
1287684,0.45096
1287907,0.80271
1288065,0.04617
1288333,0.56562
1288606,0.30725
1288797,0.35066
1288960,0.04986
1289244,0.02592
1289652,0.243
1289848,0.44249
1290283,0.12887
1290688,0.51726
1290850,0.02967
1291063,0.03257
1291421,0.02799
1291644,0.10251
1292174,0.17656
1292378,0.04378
1292700,0.03942
1292869,0.09092
1293131,0.1981
1293495,0.04673
1293836,0.07944
1294050,0.02782
1294283,0.54936
1294501,0.03587
1294708,0.04787
1295147,0.02464
1295449,0.06616
1295718,0.02926
1296094,0.11268
1296531,0.05104
1296738,0.03526
1297169,0.0323
1297600,0.36254
1297982,0.36555
1298325,0.05909
1298452,0.05761
1298804,0.35709
1299074,0.03413
1299595,0.05227
1300000,0.09374
1300056,0.10589
1300199,0.07505
1300620,0.2818
1300844,0.14875
1301038,0.06006
1301292,0.05582
1301592,0.04607
1301934,0.04845
1302202,0.13776
1302577,0.03978
1302938,0.01874
1303117,0.02765
1303505,0.03235
1303935,0.43732
1304321,0.06861
1304781,0.04572
1305074,0.05793
1305329,0.58966
1305562,0.07918
1305825,0.21701
1306046,0.06511
1306166,0.042
1306427,0.0397
1306730,0.04159
1307035,0.22433
1307351,0.02137
1307515,0.20621
1307679,0.39013
1308004,0.36479
1308130,0.09936
1308355,0.05539
1308489,0.07222
1308675,0.09341
1309130,0.04219
1309422,0.08292
1309596,0.0389
1309804,0.03813
1310010,0.13719
1310210,0.25463
1310731,0.04582
1310946,0.05225
1311239,0.05374
1311477,0.04132
1311660,0.32205
1311950,0.04165
1312306,0.31681
1312534,0.153
1312985,0.05735
1313259,0.45744
1313438,0.03826
1313796,0.02856
1314171,0.05852
1314300,0.01942
1314441,0.05076
1314649,0.0214
1314821,0.02414
1315193,0.49416
1315386,0.01506
1315642,0.09798
1315780,0.03607
1316025,0.29775
1316438,0.03812
1316658,0.35734
1316975,0.05573
1317288,0.16496
1317472,0.55407
1317770,0.06148
1318012,0.06185
1318320,0.07059
1318473,0.18171
1318699,0.04068
1318853,0.13219
1319056,0.17555
1319273,0.06139
1319528,0.09375
1319754,0.03527
1320197,0.60719
1320371,0.58941
1320520,0.22641
1320811,0.04083
1320945,0.03775
1321190,0.63103
1321342,0.04063
1321496,0.20378
1321807,0.03797
1322120,0.13119
1322253,0.02626
1322448,0.04932
1322577,0.16483
1322785,0.45161
1323211,0.03509
1323398,0.45327
1323650,0.38111
1323892,0.03402
1324092,0.04907
1324337,0.35116
1324620,0.04108
1324902,0.44385
1325186,0.30204
1325579,0.02881
1325696,0.23249
1325988,0.04079
1326219,0.51287
1326506,0.03477
1326816,0.05255
1327099,0.52723
1327588,0.04776
1327954,0.1248
1328390,0.40576
1328515,0.05123
1328743,0.55099
1328910,0.24948
1329159,0.32928
1329378,0.04667
1329775,0.03354
1330033,0.12048
1330325,0.06599
1330584,0.02016
1330810,0.19242
1331157,0.48475
1331432,0.04066
1331712,0.1193
1331997,0.06466
1332153,0.07358
1332611,0.16566
1332756,0.11671
1332979,0.1504
1333336,0.42516
1333463,0.12949
1333732,0.03984
1333874,0.46948
1334234,0.05703
1334571,0.04697
1334843,0.7758
1335143,0.10541
1335483,0.05392
1335813,0.04786
1336091,0.25606
1336374,0.0367
1336604,0.13534
1336802,0.15849
1337024,0.37986
1337347,0.23245
1337527,0.02621
1337776,0.15711
1338118,0.23468
1338324,0.04204
1338763,0.06757
1339042,0.04527
1339403,0.27298
1339713,0.52901
1340077,0.22296
1340384,0.22725
1340733,0.20626
1340990,0.04877
1341190,0.07486
1341568,0.04992
1341831,0.18657
1342063,0.24619
1342283,0.3866
1342613,0.25345
1342837,0.05352
1343098,0.06795
1343309,0.04997
1343539,0.03515
1343761,0.04883
1344073,0.03844
1344309,0.02785
1344480,0.03488
1344757,0.05159
1344993,0.02891
1345288,0.05303
1345513,0.1643
1345684,0.05085
1345830,0.02108
1346160,0.02125
1346442,0.07323
1346670,0.04994
1346992,0.23064
1347176,0.02111
1347309,0.0496
1347520,0.60589
1347709,0.14277
1348096,0.21926
1348340,0.03637
1348601,0.2662
1349023,0.23544
1349279,0.07671
1349509,0.07837
1349709,0.14297
1349944,0.0207
1350000,0.22292
1350112,0.03478
1350379,0.03164
1350868,0.02598
1351096,0.05834
1351285,0.33762
1351386,0.16013
1351659,0.04927
1351821,0.04031
1352010,0.03719
1352220,0.06435
1352584,0.04815
1352745,0.11423
1353094,0.54404
1353320,0.04363
1353546,0.19846
1353720,0.02763
1353888,0.06956
1354122,0.40815
1354454,0.39113
1354663,0.24701
1354909,0.03379
1355029,0.05913
1355235,0.24141
1355485,0.04483
1355597,0.18275
1355756,0.16266
1356063,0.26129
1356245,0.33848
1356644,0.03549
1356872,0.04417
1357095,0.04951
1357328,0.23539
1357524,0.17171
1357849,0.05535
1358223,0.02195
1358383,0.20032
1358563,0.0237
1358914,0.50767
1359123,0.04371
1359344,0.02702
1359627,0.03681
1359863,0.41924
1360112,0.03869
1360434,0.03913
1360704,0.04048
1360974,0.0699
1361180,0.03467
1361456,0.03176
1361678,0.02374
1361920,0.05657
1362207,0.12512
1362396,0.04028
1362534,0.23313
1362767,0.19776
1363064,0.13963
1363496,0.35188
1363728,0.45378
1364013,0.04303
1364210,0.02336
1364479,0.48722
1364744,0.02943
1365061,0.04408
1365277,0.33761
1365449,0.05276
1365640,0.20867
1365968,0.03855
1366345,0.03077
1366735,0.02499
1366982,0.25902
1367232,0.05967
1367571,0.0284
1367830,0.05466
1368134,0.28127
1368360,0.05923
1368603,0.19621
1368844,0.12137
1369136,0.03115
1369422,0.21897
1369639,0.05615
1369904,0.07849
1370106,0.3486
1370294,0.02386
1370545,0.06686
1370964,0.05603
1371137,0.04039
1371436,0.08049
1371794,0.29187
1371968,0.42407
1372258,0.03403
1372438,0.03655
1372674,0.04625
1372967,0.09264
1373290,0.01207
1373475,0.04064
1373762,0.04407
1374097,0.05081
1374318,0.03719
1374664,0.04933
1374933,0.04844
1375067,0.04175
1375322,0.0563
1375583,0.61752
1375816,0.04871
1376203,0.12582
1376474,0.05439
1376631,0.06335
1377002,0.4034
1377221,0.03009
1377607,0.04112
1377740,0.05451
1377965,0.59576
1378184,0.04362
1378530,0.54976
1378878,0.20281
1379151,0.05845
1379413,0.034
1379567,0.02714
1379839,0.03262
1380134,0.25759
1380307,0.38906
1380451,0.23951
1380651,0.0336
1381000,0.02565
1381145,0.02751
1381331,0.05516
1381582,0.04051
1381849,0.64166
1382088,0.12582
1382645,0.0403
1382908,0.16501
1383245,0.05144
1383563,0.46925
1383918,0.07825
1384247,0.0588
1384491,0.0368
1384750,0.03474
1384940,0.07935
1385159,0.4991
1385348,0.06607
1385566,0.37397
1385854,0.2579
1386087,0.10961
1386260,0.03456
1386528,0.23213
1386750,0.04553
1386984,0.07034
1387240,0.05489
1387610,0.05396
1387904,0.02822
1388051,0.06637
1388362,0.07555
1388623,0.35918
1388840,0.05911
1389074,0.04151
1389275,0.0595
1389429,0.05273
1389738,0.45951
1389916,0.28961
1390130,0.28337
1390344,0.03937
1390628,0.06246
1390855,0.02302
1391171,0.06944
1391410,0.05096
1391659,0.02522
1391828,0.36834
1392104,0.02592
1392406,0.0417
1392675,0.02088
1392918,0.05854
1393089,0.05933
1393313,0.59103
1393500,0.03922
1393789,0.61507
1394073,0.04357
1394253,0.02295
1394527,0.05471
1394742,0.06248
1394996,0.38397
1395348,0.05433
1395481,0.23142
1395681,0.05951
1396001,0.03244
1396283,0.01873
1396573,0.04923
1396772,0.22891
1397090,0.05167
1397260,0.02508
1397535,0.24524
1397722,0.45647
1398061,0.14067
1398308,0.03557
1398627,0.03926
1398783,0.06126
1398957,0.22956
1399238,0.38148
1399614,0.67027
1399819,0.01661
1399992,0.3239
1400000,0.05454
1400173,0.05725
1400541,0.06271
1400847,0.05755
1400991,0.02724
1401259,0.03012
1401548,0.02709
1401916,0.89237
1402283,0.03941
1402468,0.30544
1402762,0.06385
1403067,0.02942
1403429,0.04739
1403687,0.06211
1403982,0.4992
1404342,0.45764
1404580,0.07579
1404731,0.11564
1404959,0.071
1405269,0.03531
1405464,0.05281
1405604,0.03573
1405884,0.03236
1406077,0.25659
1406288,0.03873
1406552,0.01737
1406819,0.49426
1407091,0.04716
1407449,0.08227
1407739,0.23427
1407965,0.05149
1408197,0.03918
1408548,0.04137
1408733,0.33775
1409161,0.39037
1409381,0.16718
1409576,0.09635
1409985,0.06129
1410180,0.03397
1410493,0.03059
1410823,0.41437
1411076,0.13601
1411371,0.24163
1411652,0.33437
1412058,0.02662
1412276,0.04886
1412440,0.06237
1412674,0.0495
1413031,0.02216
1413283,0.75664
1413546,0.31362
1413881,0.03182
1414292,0.04833
1414547,0.30331
1414877,0.17303
1415357,0.20619
1415577,0.08575
1415885,0.09176
1416359,0.03086
1416530,0.4509
1416654,0.04718
1416926,0.80754
1417386,0.04901
1417562,0.04078
1417900,0.46514
1418126,0.20639
1418358,0.06708
1418534,0.0438
1418927,0.08545
1419188,0.15894
1419383,0.28406
1419619,0.03336
1419798,0.04616
1420028,0.03595
1420296,0.02956
1420580,0.02582
1420800,0.03458
1421085,0.64518
1421334,0.06028
1421735,0.06688
1422084,0.06831
1422329,0.37154
1422421,0.08186
1422668,0.19407
1422874,0.04296
1423059,0.04148
1423309,0.22171
1423564,0.15137
1423754,0.1957
1423973,0.04118
1424233,0.34863
1424430,0.03868
1424775,0.36775
1424959,0.02771
1425161,0.05171
1425559,0.01758
1425807,0.07757
1426089,0.2316
1426364,0.05341
1426539,0.06578
1426780,0.02518
1427076,0.18424
1427265,0.06436
1427517,0.13211
1427852,0.211
1428128,0.05406
1428320,0.15835
1428696,0.38613
1429053,0.03092
1429251,0.02236
1429512,0.03227
1429858,0.26224
1430253,0.17006
1430746,0.12701
1431018,0.05939
1431302,0.05381
1431541,0.05215
1431712,0.08392
1432030,0.25055
1432159,0.04281
1432523,0.02541
1432937,0.07404
1433240,0.04172
1433400,0.55409
1433799,0.15959
1434022,0.04319
1434308,0.06293
1434518,0.01771
1434787,0.05627
1434952,0.03657
1435202,0.27569
1435489,0.2273
1435653,0.0243
1435818,0.08536
1436217,0.04705
1436685,0.04657
1436885,0.13941
1437094,0.0383
1437350,0.21022
1437483,0.19528
1437751,0.23652
1438073,0.50979
1438484,0.37208
1438743,0.04049
1438937,0.03822
1439238,0.03389
1439490,0.35382
1439650,0.0513
1440004,0.06496
1440231,0.0448
1440564,0.08381
1440799,0.74179
1441083,0.04645
1441275,0.04102
1441589,0.05204
1441859,0.15033
1442176,0.01581
1442351,0.08266
1442631,0.45597
1442912,0.04247
1443179,0.25736
1443605,0.08927
1443881,0.06467
1444078,0.05548
1444262,0.04559
1444570,0.0802
1444918,0.47232
1445235,0.34828
1445374,0.09686
1445715,0.22497
1446081,0.03979
1446380,0.3139
1446714,0.04134
1446942,0.05566
1447199,0.09293
1447448,0.05261
1447878,0.13002
1448168,0.08481
1448360,0.07974
1448661,0.42422
1449019,0.03471
1449256,0.02302
1449417,0.21146
1449668,0.31428
1449905,0.04964
1450000,0.05234
1450209,0.14608
1450517,0.031
1450702,0.59434
1450990,0.0206
1451248,0.03461
1451484,0.1212
1451737,0.48132
1451936,0.05346
1452172,0.0401
1452470,0.02061
1452770,0.18704
1452975,0.03069
1453236,0.62411
1453594,0.03718
1453992,0.43959
1454306,0.07729
1454519,0.03727
1454805,0.18921
1455008,0.2184
1455389,0.08965
1455721,0.03082
1456043,0.05653
1456392,0.06011
1456693,0.16942
1456953,0.09294
1457244,0.03374
1457683,0.32966
1458109,0.04749
1458327,0.04003
1458645,0.03917
1458823,0.05887
1459116,0.06255
1459451,0.06677
1459653,0.0522
1459948,0.13655
1460218,0.89701
1460411,0.85558
1460718,0.04727
1460900,0.30011
1461243,0.29636
1461458,0.20682
1461600,0.24451
1461827,0.17967
1462070,0.14923
1462371,0.06834
1462468,0.37985
1462839,0.04894
1463154,0.05508
1463348,0.05199
1463861,0.38329
1464002,0.23473
1464156,0.05137
1464553,0.06085
1464910,0.0752
1465130,0.27876
1465349,0.07292
1465744,0.03641
1465973,0.06996
1466249,0.21829
1466494,0.03587
1466709,0.02863
1466976,0.03675
1467246,0.06668
1467620,0.19563
1467900,0.22696
1468139,0.41134
1468379,0.31044
1468689,0.02704
1468939,0.69712
1469196,0.04674
1469420,0.05118
1469767,0.0407
1469924,0.12179
1470260,0.04002
1470450,0.04115
1470809,0.03184
1471049,0.0328
1471250,0.36031
1471487,0.03437
1471832,0.03847
1472298,0.4378
1472618,0.36701
1472800,0.07812
1473085,0.25438
1473397,0.36944
1473660,0.06761
1473947,0.26186
1474378,0.02991
1474605,0.41747
1474800,0.17786
1475117,0.05764
1475468,0.20565
1475724,0.14309
1476130,0.08229
1476416,0.43063
1476633,0.46126
1476994,0.53037
1477159,0.04368
1477302,0.44017
1477423,0.02509
1477706,0.13091
1477984,0.01857
1478146,0.28939
1478367,0.03959
1478670,0.43957
1478956,0.0383
1479166,0.07103
1479349,0.04538
1479646,0.06973
1479853,0.03491
1480056,0.04162
1480215,0.16692
1480398,0.06709
1480804,0.10822
1481067,0.04557
1481325,0.04552
1481650,0.07568
1481802,0.18672
1482051,0.15064
1482441,0.06779
1482824,0.02376
1483084,0.20548
1483268,0.20403
1483488,0.01933
1483693,0.04323
1484057,0.03216
1484323,0.03707
1484671,0.07764
1484929,0.0636
1485286,0.04001
1485568,0.0574
1485834,0.0478
1486060,0.25606
1486268,0.05361
1486584,1.28612
1486809,0.11086
1487112,0.04198
1487290,0.03443
1487582,0.03574
1487806,0.41739
1488117,0.08625
1488460,0.17353
1488752,0.03951
1488968,0.38137
1489267,0.06839
1489632,0.05602
1489855,0.04023
1490134,0.03424
1490458,0.02574
1490683,0.05025
1490904,0.08686
1491121,0.03535
1491295,0.11509
1491495,0.89872
1492039,0.48214
1492309,0.27667
1492427,0.1845
1492937,0.0785
1493189,0.03182
1493377,0.02957
1493677,0.04973
1493927,0.11273
1494161,0.03244
1494473,0.15968
1494656,0.21712
1494950,0.54605
1495211,0.05482
1495554,0.18121
1495761,0.03443
1496052,0.04159
1496433,0.19343
1496846,0.10794
1497061,0.05838
1497235,0.04987
1497829,0.05002
1497986,0.05854
1498274,0.03115
1498585,0.07289
1498706,0.22639
1498939,0.79857
1499124,0.24211
1499525,0.22319
1499730,0.1227
1499998,0.1354
1500304,0.03621
1500523,0.03802
1500820,0.22616
1501253,0.03701
1501436,0.06676
1501730,0.04556
1501961,0.02141
1502152,0.45484
1502522,0.04495
1502715,0.1551
1503131,0.10384
1503277,0.03956
1503726,0.0405
1503962,0.78857
1504177,0.38266
1504517,0.05888
1505004,0.08145
1505319,0.09709
1505733,0.10301
1505970,0.38737
1506295,0.19597
1506465,0.36999
1506782,0.08738
1506951,0.03739
1507158,0.05898
1507282,0.03939
1507582,0.02419
1507786,0.03582
1508033,0.03538
1508306,0.37626
1508607,0.08726
1508939,0.19961
1509138,0.66711
1509345,0.41729
1509729,0.68598
1509963,0.78156
1510173,0.04062
1510442,0.03081
1510733,0.44182
1511038,0.04227
1511252,0.13479
1511514,0.08796
1511817,0.05183
1512092,0.05629
1512287,0.05563
1512501,0.17254
1512814,0.04884
1512997,0.05212
1513204,0.04398
1513369,0.224
1513646,0.04229
1513879,0.22247
1514321,0.0435
1514519,0.03047
1514851,0.30626
1515052,0.69852
1515168,0.03227
1515522,0.64529
1515716,0.06312
1516148,0.04726
1516411,0.26784
1516571,0.28058
1516859,0.16172
1517245,0.19933
1517554,0.34479
1517765,0.047
1518052,0.10873
1518369,0.18526
1518617,0.33883
1519043,0.14543
1519135,0.04424
1519460,0.14674
1519773,0.16132
1519954,0.49772
1520140,0.38929
1520515,0.61675
1520736,0.05961
1520937,0.19357
1521222,0.07004
1521445,0.05724
1521825,0.15223
1522029,0.02099
1522493,0.03055
1522771,0.20014
1523242,0.06228
1523420,0.18299
1523672,0.23689
1523935,0.04662
1524256,0.12579
1524725,0.04755
1524876,0.20147
1525109,0.22607
1525350,0.03484
1525555,0.06332
1525912,0.36866
1526415,0.08307
1526764,0.04175
1526893,0.07713
1527127,0.08061
1527456,0.22527
1527846,0.0716
1528054,0.08356
1528183,0.22593
1528289,0.20577
1528582,0.20705
1528812,0.18678
1529105,0.31591
1529541,0.05746
1529861,0.24698
1530172,0.05437
1530532,0.37315
1530733,0.0504
1531060,0.24857
1531275,0.41379
1531573,0.05959
1531789,0.05051
1532039,0.14579
1532266,0.15595
1532565,0.1914
1532938,0.2756
1533211,0.12782
1533446,0.09165
1533651,0.03377
1534255,0.0427
1534444,0.02969
1534974,0.72867
1535168,0.13787
1535517,0.59546
1535678,0.03855
1535907,0.08931
1536141,0.03438
1536482,0.3607
1536742,0.03027
1537184,0.09221
1537411,0.11378
1537666,0.04421
1537914,0.25142
1538082,0.13805
1538270,0.2682
1538473,0.42108
1538718,0.74267
1539036,0.01743
1539409,0.05785
1539693,0.05638
1539866,0.03241
1540035,0.04523
1540268,0.05255
1540552,0.36403
1540689,0.03679
1540997,0.12659
1541286,0.2565
1541730,0.04554
1541948,0.57499
1542164,0.03548
1542483,0.28861
1542622,0.06366
1542948,0.02993
1543329,0.41215
1543605,0.44749
1543922,0.5078
1544184,0.16788
1544280,0.1841
1544529,0.44254
1544806,0.28759
1544995,0.04843
1545287,0.03376
1545495,0.04872
1545721,0.31649
1546016,0.10859
1546453,0.47236
1546646,0.26176
1546942,0.03329
1547316,0.18529
1547609,0.05272
1548162,0.43535
1548364,0.05828
1548613,0.07976
1548957,0.05825
1549158,0.09508
1549377,0.18151
1549663,0.17562
1549981,0.06628
1550000,0.24677
1550225,0.11113
1550437,0.19601
1550657,0.0519
1551094,0.06662
1551340,0.18952
1551754,0.03711
1552030,0.04381
1552392,0.04657
1552781,0.03328
1553102,0.10053
1553395,0.01925
1553611,0.41713
1554000,0.04156
1554250,0.50141
1554613,0.56406
1554802,0.3356
1555174,0.07902
1555412,0.17884
1555861,0.03433
1556109,0.05511
1556341,0.26115
1556722,0.42585
1557012,0.08013
1557376,0.20558
1557671,0.10693
1557925,0.31261
1558159,0.37093
1558385,0.05197
1558635,0.06772
1558868,0.015
1559354,0.25722
1559540,0.04372
1559937,0.02817
1560099,0.06542
1560362,0.02597
1560655,0.41712
1560840,0.04127
1561063,0.04025
1561375,0.31429
1561534,0.0226
1561780,0.04713
1561958,0.03742
1562163,0.12783
1562412,0.70491
1562674,0.0952
1562865,0.26753
1563131,0.18964
1563489,0.47966
1563683,0.03114
1563941,0.49334
1564080,0.10116
1564242,0.74453
1564516,0.12588
1564862,0.43751
1565219,0.48137
1565574,0.16117
1565806,0.0564
1565979,0.04852
1566498,0.18652
1566793,0.31768
1567026,0.14804
1567279,0.07001
1567641,0.50952
1567770,0.44052
1567966,0.04958
1568249,0.1914
1568501,0.03454
1568921,0.03997
1569109,0.05922
1569350,0.08169
1569638,0.42546
1569846,0.04846
1570224,0.07338
1570672,0.0408
1570967,0.07913
1571277,0.08635
1571484,0.50332
1571752,0.05531
1572175,0.06004
1572357,0.05971
1572545,0.18972
1572823,0.53231
1573283,0.26038
1573552,0.09136
1573725,0.2968
1573951,0.06224
1574175,0.24768
1574313,0.06457
1574697,0.02728
1574805,0.4175
1575141,0.09873
1575322,0.1272
1575627,0.06074
1575843,0.15594
1576105,0.42983
1576385,0.09327
1576664,0.02616
1576800,0.07235
1577270,0.10444
1577373,0.05994
1577531,0.07866
1577862,0.10447
1577994,0.04143
1578183,0.22102
1578474,0.4234
1578959,0.45594
1579354,0.04905
1579601,0.06306
1579720,0.36377
1579913,0.03012
1580140,0.07992
1580474,0.07812
1580816,0.28412
1581173,0.57256
1581433,0.24252
1581656,0.06587
1581927,0.40342
1582192,0.54503
1582546,0.4508
1582851,0.06881
1583000,0.07531
1583493,0.83766
1583729,0.3471
1583873,0.07793
1584097,0.42599
1584475,0.17465
1584900,0.43442
1585025,0.24464
1585215,0.0301
1585459,0.29273
1585812,0.06192
1586285,0.0509
1586624,0.19671
1586841,0.02565
1587045,0.04428
1587244,0.04413
1587487,0.47079
1587893,0.1155
1588101,0.03282
1588449,0.07586
1588680,0.06203
1588998,0.07104
1589334,0.25127
1589509,0.41856
1589774,0.35891
1590004,0.0457
1590200,0.13202
1590485,0.03664
1590897,0.04732
1591019,0.03598
1591223,0.0197
1591506,0.04899
1591955,0.04495
1592242,0.06297
1592531,0.44491
1592756,0.04187
1592941,0.04166
1593306,0.03043
1593569,0.89154
1593937,0.198
1594170,0.02525
1594528,0.05251
1594773,0.29573
1594911,0.04638
1595199,0.18502
1595463,0.36483
1595805,0.07223
1596120,0.03037
1596395,0.26288
1596780,0.3006
1596986,0.01896
1597235,0.3764
1597538,0.05304
1597829,0.03342
1598144,0.44004
1598432,0.13742
1598652,0.49799
1599026,0.06308
1599292,0.99544
1599572,0.06431
1599931,0.35015
1600000,0.05386
1600110,0.48023
1600363,0.04411
1600578,0.24199
1600933,0.29157
1601289,0.04013
1601505,0.35091
1601763,0.06458
1602021,0.90012
1602248,0.11001
1602469,0.07145
1602770,0.04992
1603048,0.09947
1603181,0.03895
1603486,0.15057
1603815,0.20105
1604062,0.03678
1604357,0.01943
1604568,0.05567
1604968,0.04766
1605251,0.03023
1605392,0.62548
1605628,0.19236
1605842,0.37503
1606067,0.38302
1606281,0.07519
1606625,0.06701
1607164,0.06476
1607404,0.29872
1607663,0.06968
1607897,0.04726
1608186,0.33223
1608389,0.04845
1608613,0.06747
1608895,0.05472
1609068,0.13093
1609255,0.37163
1609411,0.06856
1609553,0.03448
1609755,0.20444
1609943,0.06706
1610105,0.04604
1610423,0.0697
1610723,0.03542
1610953,0.04351
1611285,0.2357
1611688,0.28957
1611913,0.03037
1612242,0.07064
1612655,0.03751
1612803,0.23792
1613072,0.03002
1613313,0.24848
1613624,0.17129
1613788,0.03885
1614038,0.08682
1614370,0.06777
1614681,0.43812
1614996,0.05945
1615262,0.09493
1615445,0.31197
1615551,0.05382
1615779,0.17696
1616042,0.0212
1616205,0.51785
1616479,0.07117
1616900,0.08711
1617117,0.11924
1617410,0.50536
1617974,0.04302
1618291,0.03043
1618726,0.63459
1618996,0.03364
1619234,0.10623
1619334,0.25673
1619496,0.03288
1619719,0.75316
1620053,0.62474
1620608,0.26799
1620866,0.03816
1621068,0.05879
1621321,0.72781
1621527,0.33526
1621845,0.05718
1622108,0.06292
1622466,0.22024
1622628,0.32176
1622866,0.03
1623432,0.26984
1623617,0.04964
1623879,0.05402
1624146,0.03346
1624571,0.078
1624789,0.0222
1625081,0.08256
1625568,0.06922
1625852,0.04064
1626126,0.14763
1626396,0.06202
1626628,0.15854
1626869,0.03834
1627118,0.0709
1627409,0.41791
1627823,0.17253
1628071,0.16992
1628427,0.4387
1628646,0.08159
1628969,0.23627
1629253,0.08888
1629545,0.13097
1629972,0.23119
1630237,0.03154
1630638,0.2082
1630823,0.12683
1631308,0.05278
1631563,0.03656
1631911,0.10003
1632232,0.1052
1632414,0.05171
1632697,0.04797
1633025,0.03937
1633223,0.57107
1633520,0.10849
1633802,0.04792
1634102,0.03273
1634324,0.05825
1634563,0.14557
1634798,0.05507
1634968,0.05681
1635209,0.08449
1635438,0.10716
1635665,0.05181
1635997,0.05971
1636218,0.29163
1636353,0.24876
1636626,0.38757
1636943,0.26656
1637299,0.24397
1637557,0.07471
1637783,0.49688
1638034,0.18471
1638454,0.06128
1638745,0.20382
1638910,0.57065
1639119,0.65275
1639327,0.26289
1639523,0.03115
1639729,0.14514
1640034,0.27669
1640235,0.08498
1640473,0.02783
1640636,0.0853
1640887,0.22254
1641163,0.06913
1641551,0.05352
1641870,0.07406
1642331,0.07545
1642542,0.10074
1642874,0.04627
1643108,0.05439
1643356,0.05251
1643592,0.70587
1643866,0.60321
1644053,0.35466
1644528,0.23269
1644792,0.04368
1644968,0.04975
1645264,0.07669
1645573,0.04413
1646043,0.18794
1646203,0.0393
1646560,0.20841
1646682,0.07462
1646876,1.30971
1647115,0.11492
1647334,0.33223
1647604,0.31841
1648075,0.07077
1648184,0.60763
1648492,0.07108
1648833,0.12435
1649028,0.83331
1649245,0.09783
1649451,0.31641
1649843,0.47425
1650000,0.12355
1650118,0.0567
1650254,0.22872
1650377,0.13889
1650605,0.43678
1650953,0.05149
1651136,0.03007
1651782,0.04972
1651939,0.07473
1652404,0.53846
1652857,0.03028
1653109,0.08652
1653358,0.26135
1653605,0.31046
1653836,0.4813
1654119,0.12653
1654361,0.35849
1654611,0.02691
1654988,0.02876
1655209,0.56217
1655808,0.06733
1656082,0.27387
1656279,0.70196
1656790,0.08779
1657144,0.27907
1657483,0.31098
1657748,0.06361
1657911,0.04891
1658229,0.31111
1658498,0.04988
1658737,0.09591
1658948,0.06356
1659285,0.59899
1659512,0.4713
1659627,0.59871
1659781,0.3773
1659978,0.08476
1660376,0.05893
1660647,0.06617
1661006,0.03497
1661302,0.06799
1661529,0.0493
1661811,0.48167
1662042,0.03532
1662286,0.3756
1662507,0.08275
1662848,0.07397
1663138,0.04232
1663427,0.04282
1663808,0.13781
1664034,0.05086
1664203,0.51241
1664457,0.30773
1664643,0.2771
1664967,0.0625
1665198,0.79926
1665630,0.03733
1665713,0.31627
1665891,0.08852
1666230,0.09043
1666441,0.39933
1666630,0.33839
1666721,0.04892
1666887,0.52064
1666977,0.153
1667154,0.41799
1667476,0.27288
1667543,0.12337
1667675,0.20092
1667931,0.14587
1668113,0.3283
1668567,0.19489
1668703,0.04879
1668958,0.02853
1669187,0.50093
1669284,0.03782
1669627,0.49171
1669910,0.04372
1670124,0.10634
1670363,0.06725
1670540,0.10474
1670779,0.03911
1671108,0.20297
1671312,0.08199
1671521,0.30758
1671737,0.06018
1671980,0.12219
1672203,0.03625
1672501,0.39828
1672756,0.08605
1672877,0.33463
1673356,0.14628
1673537,0.04148
1673763,0.38979
1673892,0.07914
1674339,0.05775
1674669,0.03337
1675002,0.05906
1675278,0.42158
1675511,0.04968
1675724,0.10171
1676151,0.61676
1676438,0.52523
1676680,0.10765
1676994,0.03426
1677210,0.12842
1677472,0.03347
1677715,0.06222
1677975,0.22402
1678202,0.08672
1678424,0.1294
1678769,0.11661
1678966,0.20394
1679239,0.05225
1679730,0.21977
1679894,0.09588
1680208,0.04378
1680518,0.56633
1680631,0.24447
1680926,0.51247
1681250,0.11065
1681439,0.11831
1681779,0.87995
1682034,0.04726
1682375,0.49466
1682674,0.41135
1682994,0.0704
1683275,0.79759
1683498,0.09112
1683784,0.05306
1683949,0.04478
1684273,0.06859
1684552,0.37933
1684750,0.13829
1684982,0.42655
1685271,0.20158
1685449,0.77761
1685582,0.44523
1685892,0.42589
1686201,0.37701
1686476,0.35645
1686654,0.08909
1686855,0.72049
1687067,0.58306
1687329,0.0759
1687772,0.03642
1687908,0.27373
1688181,0.55631
1688354,0.05848
1688582,0.10417
1688909,0.07275
1689151,0.09516
1689331,0.03828
1689581,0.1835
1690074,0.03993
1690286,0.09176
1690562,0.17039
1690779,0.09733
1691033,0.03398
1691394,0.28893
1691681,0.13084
1692211,0.05204
1692448,0.11398
1692720,0.44794
1692965,0.40193
1693170,0.21242
1693454,0.03246
1693734,0.37173
1694053,0.05302
1694381,0.06639
1694629,0.07903
1694919,0.0794
1695156,0.05976
1695467,0.06838
1695761,0.39975
1695907,0.06462
1696011,0.03556
1696440,0.05334
1696681,0.06382
1696908,0.31425
1697179,0.05847
1697549,0.18393
1697863,0.08252
1698120,0.02944
1698360,0.07601
1698617,0.06554
1698827,0.2518
1699029,0.03456
1699373,0.08321
1699611,0.66589
1699917,0.16078
1700000,0.33142
1700095,0.33903
1700334,0.41372
1700564,0.82071
1700798,0.06898
1701017,0.04009
1701306,0.64034
1701484,0.03604
1701718,0.03645
1702052,0.10429
1702392,0.15255
1702638,0.19766
1703012,0.06383
1703139,0.48411
1703374,0.0833
1703508,0.03703
1703730,0.02129
1704054,0.12584
1704426,0.07448
1704657,0.11617
1705050,0.45971
1705244,0.48211
1705528,0.06536
1705830,0.03918
1706155,0.05999
1706355,0.03882
1706659,0.23866
1706957,0.52461
1707305,0.06551
1707538,0.21449
1707851,0.04963
1708078,0.22788
1708431,0.02496
1708644,0.0712
1708847,0.45758
1709043,0.03649
1709346,0.03029
1709596,0.03829
1709728,0.0669
1709984,0.03087
1710328,0.04522
1710552,1.02548
1710727,0.06234
1711007,0.12487
1711227,0.43261
1711551,0.04219
1711927,0.02828
1712282,0.08158
1712533,0.07197
1712920,0.05434
1713157,0.04544
1713418,0.04126
1713649,0.05327
1713940,0.10562
1714213,0.35718
1714569,0.05413
1715042,0.10441
1715437,0.08216
1715683,0.41999
1715838,0.03714
1716070,0.05535
1716522,0.05992
1716816,0.97525
1716986,0.23516
1717262,0.0422
1717472,0.06437
1717765,0.4434
1717955,0.31419
1718196,0.63269
1718437,0.08486
1718699,0.03029
1719212,0.0297
1719422,0.07162
1719575,0.06124
1719885,0.08366
1720106,0.09653
1720364,0.14302
1720588,0.07518
1721109,0.05594
1721347,0.3977
1721540,0.44143
1721819,0.06857
1722164,0.4203
1722382,0.51301
1722653,0.25982
1722887,0.08022
1723186,0.74611
1723463,0.15389
1723654,0.26818
1723881,0.04068
1724043,0.38178
1724329,0.24389
1724502,0.76543
1724674,0.02989
1725148,0.10886
1725396,0.04891
1725740,0.09813
1725952,0.41925
1726375,0.50214
1726613,0.19697
1727069,0.04287
1727533,0.23581
1727783,0.47948
1728070,0.17542
1728471,0.10391
1728740,0.62804
1729073,0.05398
1729245,0.04073
1729483,0.33087
1729741,0.26059
1730020,0.06134
1730320,0.03683
1730523,0.10344
1730903,0.10346
1731103,0.04889
1731444,0.03266
1731681,0.26076
1732092,0.13145
1732482,0.76945
1732851,0.34887
1733061,0.05084
1733281,0.57978
1733576,0.036
1734055,0.13336
1734262,0.72449
1734544,0.30325
1735198,0.32721
1735335,0.05282
1735608,0.0992
1735867,0.06751
1736017,0.30957
1736174,0.80699
1736450,0.04991
1736724,0.0736
1736974,0.05276
1737331,0.2191
1737643,0.13684
1737957,0.29398
1738265,0.13248
1738517,0.09535
1738705,0.05304
1739056,0.05537
1739303,0.04467
1739453,0.18848
1739793,0.1084
1740044,0.05118
1740274,0.03121
1740498,0.2079
1740866,0.26333
1741217,1.03887
1741664,0.42772
1741893,0.29711
1742224,0.04066
1742433,1.65269
1742650,0.04082
1742944,0.05308
1743214,0.40238
1743622,0.13494
1743841,0.14133
1744394,0.05127
1744674,0.16436
1744912,0.05899
1745171,0.0439
1745507,0.27778
1745826,0.06859
1746246,0.33495
1746541,0.0791
1746851,0.04816
1747092,0.17089
1747316,0.15937
1747705,0.05161
1747922,0.17792
1748166,0.0339
1748579,0.46705
1748761,0.05059
1748924,0.12991
1749100,0.04859
1749524,0.11072
1749711,0.05902
1749911,0.20916
1750000,0.06586
1750172,0.05085
1750555,0.04489
1750832,0.43328
1751130,0.03485
1751343,0.09499
1751486,0.03604
1751663,0.06845
1751893,0.21162
1752318,0.45978
1752694,0.05858
1752964,0.21772
1753286,0.15743
1753648,0.03081
1753950,0.36
1754163,0.17318
1754512,0.14166
1754835,0.08109
1755081,0.0457
1755525,0.07363
1755773,0.1242
1756043,0.27005
1756419,0.08489
1756809,0.08652
1757082,0.07014
1757340,0.22504
1757646,0.06958
1757900,0.45272
1758289,0.02593
1758610,0.04009
1758733,0.48548
1758935,0.03402
1759117,0.4269
1759266,0.06759
1759624,0.03851
1759922,0.06833
1760053,0.1014
1760372,0.24666
1760610,0.06844
1760983,0.44586
1761280,0.04011
1761634,0.05692
1762023,0.91494
1762274,0.09111
1762460,0.05583
1762772,0.04237
1763025,0.08779
1763251,0.18328
1763516,0.05624
1763724,0.03968
1764162,0.22513
1764294,0.28878
1764716,0.70721
1764956,0.69069
1765240,0.05599
1765543,0.28377
1765785,0.04126
1765969,0.03769
1766304,0.02886
1766570,0.03979
1766725,0.15906
1766947,0.53223
1767119,0.50036
1767344,0.12326
1767603,0.10493
1767747,0.04569
1768323,0.02875
1768574,0.11567
1768842,0.08315
1769102,0.06398
1769388,0.31488
1769626,0.27438
1769910,0.38398
1770142,0.60975
1770554,0.09216
1770664,0.0358
1771088,0.07932
1771650,0.03405
1771958,0.05407
1772172,0.08082
1772626,0.07536
1773015,0.30215
1773269,0.26485
1773492,0.03997
1773789,0.26257
1774057,0.04806
1774267,0.07395
1774519,0.73037
1774796,0.0436
1775132,0.03516
1775437,0.1599
1775686,0.49621
1776022,0.15761
1776425,0.07034
1776590,0.04469
1777038,0.089
1777389,0.14835
1777589,0.05026
1777819,0.08506
1778230,0.28114
1778465,0.03291
1778884,0.63872
1779158,0.05007
1779645,0.31148
1779910,0.05257
1780112,0.04619
1780285,0.46922
1780560,0.11271
1780927,0.04278
1781181,0.12618
1781438,0.35719
1781653,0.03434
1781951,0.05679
1782147,0.38376
1782500,0.19054
1782814,0.50929
1782932,0.04977
1783255,0.30363
1783638,0.41112
1784058,0.08534
1784392,0.08198
1784704,0.14791
1784971,0.03804
1785303,0.05202
1785618,0.19631
1785912,0.10312
1786219,0.17966
1786425,0.09827
1786727,0.096
1786844,0.145
1787120,0.04827
1787461,0.056
1787753,0.05628
1788049,0.53988
1788220,0.4207
1788672,0.29633
1788911,0.12657
1789173,0.0392
1789618,0.17393
1789824,0.04807
1790065,0.1178
1790335,0.49579
1790553,0.05205
1790883,0.04824
1791054,0.53711
1791305,0.35579
1791717,0.0532
1792030,0.12956
1792309,0.55464
1792636,0.14253
1792843,0.0439
1793139,0.59168
1793487,0.06691
1793745,0.07472
1793959,0.28607
1794158,0.13633
1794561,0.41502
1794875,0.06501
1795078,0.14967
1795375,0.08472
1795743,0.04177
1795911,0.14093
1796143,0.13267
1796447,0.04437
1796685,0.08162
1797023,0.10722
1797290,0.81361
1797548,0.08885
1797856,0.04207
1798143,0.27028
1798360,0.04154
1798654,0.04292
1798790,0.09796
1799052,0.12156
1799310,0.10385
1799584,0.0475
1799980,0.27007
1800000,0.08145
1800405,0.41083
1800648,0.47949
1801097,0.51075
1801354,0.10575
1801618,0.43522
1801857,0.31566
1802275,0.58892
1802532,0.41816
1802725,0.05853
1802929,0.07305
1803178,0.07365
1803634,0.25365
1803911,0.11217
1804209,0.08214
1804475,0.24913
1804688,0.47959
1805113,0.04137
1805337,0.08847
1805679,0.05306
1805966,0.05364
1806280,0.53603
1806836,0.32005
1807245,0.5944
1807530,0.05799
1807905,0.14264
1808118,0.07484
1808385,0.04109
1808694,0.09767
1808958,0.03562
1809137,0.04202
1809478,0.07216
1809699,0.04183
1810099,0.53038
1810386,0.10453
1810627,0.35389
1810989,0.91654
1811151,0.68005
1811521,0.49768
1811888,0.53178
1812129,0.0646
1812591,0.07601
1812850,0.06479
1813294,0.52196
1813417,0.08707
1813927,0.04783
1814082,0.29307
1814337,0.04629
1814642,0.0704
1814905,0.64494
1815180,0.04212
1815355,0.04839
1815519,0.51993
1815826,0.33403
1816050,1.43052
1816538,0.05477
1816969,0.0533
1817367,0.32562
1817798,0.1423
1818158,0.40481
1818348,0.12997
1818579,0.54131
1818903,0.31682
1819282,0.64725
1819506,0.08495
1819732,0.08811
1820166,0.03536
1820365,0.1259
1820608,0.08728
1820936,0.48082
1821252,0.5139
1821460,0.12208
1821680,0.5587
1821998,0.07848
1822374,0.03258
1822714,0.05511
1822796,0.80617
1823249,0.55805
1823459,0.10583
1823646,0.05025
1823891,0.26145
1824104,0.07689
1824233,0.08554
1824753,0.36124
1824962,0.16767
1825202,0.05453
1825480,0.24335
1825834,0.06387
1826051,0.47669
1826364,0.03233
1826772,0.48599
1827111,0.10306
1827335,0.31907
1827574,0.32926
1827923,0.31187
1828272,0.06547
1828483,0.12533
1828801,0.33247
1829151,0.03182
1829462,0.09448
1829775,0.34603
1829947,0.02901
1830331,0.55156
1830595,0.33088
1830826,0.03156
1831140,0.27971
1831368,0.44783
1831603,0.08362
1831932,0.76195
1832138,0.52437
1832441,0.4648
1832802,0.37655
1833185,0.22972
1833521,0.06455
1833690,0.39538
1834051,0.03055
1834275,0.06106
1834498,0.3669
1834967,0.04047
1835200,0.35409
1835609,0.12188
1835905,0.33341
1836095,0.06454
1836399,0.04533
1836811,0.29786
1837017,0.25579
1837286,0.69569
1837711,0.0649
1837864,0.62315
1838103,0.49968
1838376,0.14027
1838740,0.50671
1838953,0.03185
1839291,0.04844
1839479,0.06188
1839730,0.14495
1840055,0.1107
1840329,0.23822
1840620,0.29235
1841027,0.04787
1841265,0.27488
1841566,0.28539
1841894,0.31456
1842147,0.63698
1842345,0.07724
1842521,0.07231
1842995,0.10465
1843327,0.11219
1843592,0.25357
1844068,0.48386
1844364,0.0898
1844512,0.33467
1844705,0.29071
1845057,0.34265
1845223,0.2287
1845525,0.33698
1846039,0.12037
1846185,0.04421
1846752,0.02965
1847055,0.04535
1847498,0.07912
1847781,0.05219
1848277,0.07228
1848630,0.29775
1849162,0.11726
1849567,0.05849
1849785,0.2473
1850000,0.2036
1850144,0.09721
1850363,0.34525
1850509,0.06793
1850795,0.06789
1851049,0.05049
1851348,0.67664
1851649,0.09141
1851934,0.06651
1852143,0.07563
1852525,0.03867
1852862,0.13298
1853074,0.46452
1853492,0.8642
1853746,0.34262
1854155,0.48026
1854412,0.06595
1854654,0.27768
1854924,0.38603
1855273,0.16913
1855595,0.14398
1855986,0.04325
1856222,0.1668
1856515,0.50304
1856676,0.77716
1856888,0.1183
1857090,0.08442
1857252,0.26106
1857521,0.18466
1857954,0.05146
1858288,0.13123
1858518,0.1006
1858977,0.30726
1859365,0.1157
1859550,0.18946
1859924,0.07243
1860128,0.49254
1860505,0.43817
1860807,0.76048
1861027,0.0533
1861535,0.04576
1861768,0.95851
1862248,0.14095
1862492,0.18407
1862703,0.55621
1862862,0.04362
1863285,0.12533
1863452,0.42832
1863716,0.07627
1863905,0.46996
1864314,0.52523
1864766,0.58672
1865040,0.45512
1865312,0.15228
1865608,0.05932
1865949,0.0635
1866312,0.07231
1866515,0.47881
1866816,0.71832
1866970,0.11786
1867404,0.06231
1867706,0.54382
1867915,0.35556
1868166,0.08246
1868694,0.11419
1868960,0.08641
1869172,0.05428
1869782,0.09661
1870055,0.07887
1870310,0.0924
1870545,0.1457
1870899,0.10253
1871107,0.94034
1871318,0.50578
1871570,0.09725
1871758,0.14106
1871954,0.05293
1872259,0.0847
1872526,0.09546
1872928,0.08245
1873434,0.07349
1873747,0.05411
1874078,0.03631
1874424,0.29984
1874577,0.05314
1874992,0.16829
1875507,0.42709
1875664,0.09855
1876028,0.0414
1876342,0.11658
1876496,0.09577
1876726,0.34486
1876944,0.04885
1877183,0.04503
1877482,0.07853
1877746,0.06335
1877926,0.34042
1878161,0.07041
1878368,0.11375
1878574,0.26171
1878974,0.10407
1879383,0.05629
1879599,0.08267
1879791,0.36272
1880000,0.04284
1880359,0.29349
1880734,0.63996
1880909,0.10426
1881233,0.19121
1881575,0.35026
1881822,0.04951
1882107,0.17568
1882382,0.06409
1882841,0.04263
1883281,0.33764
1883465,0.05126
1883640,0.16694
1883893,1.16918
1884253,0.33071
1884683,0.10265
1884980,0.24968
1885361,0.05402
1885726,0.34273
1886014,0.61531
1886295,0.10183
1886491,0.11889
1886762,0.14552
1887026,0.04646
1887264,0.1359
1887753,0.08623
1888047,0.52084
1888200,0.53826
1888607,0.30526
1888984,0.5573
1889214,0.0798
1889456,0.06568
1889636,0.65436
1889913,0.08635
1890123,0.05389
1890376,0.04102
1890764,0.30334
1891065,0.49006
1891438,0.2489
1891608,0.04992
1891959,0.14977
1892144,0.05653
1892611,0.18128
1892979,0.32071
1893127,0.10675
1893484,0.08679
1894002,0.08101
1894215,0.04078
1894402,0.03017
1894818,0.08719
1895101,0.04567
1895304,0.41161
1895496,0.34223
1895847,0.45226
1896090,0.14337
1896404,0.15155
1896755,0.0757
1897234,0.04152
1897570,0.84008
1897693,0.17958
1898065,0.05918
1898291,0.17793
1898456,0.2029
1898670,0.58661
1898938,0.05669
1899404,0.03059
1899611,0.10079
1899828,0.12148
1900000,0.54611
1900337,0.1035
1900562,0.75598
1900805,0.07461
1901055,0.46354
1901258,0.04832
1901724,0.12021
1901981,0.12708
1902282,0.0485
1902612,0.19529
1902875,0.47672
1903037,0.2967
1903561,0.12384
1904004,0.83589
1904222,0.65995
1904729,0.06467
1904978,0.08323
1905477,0.15162
1905747,0.67591
1905926,0.07966
1906105,0.34042
1906459,0.08741
1906884,0.23301
1907030,0.68033
1907408,0.07171
1907745,0.0331
1907953,0.06691
1908365,0.16795
1908710,0.62711
1908952,0.04649
1909130,0.11359
1909533,0.10008
1909836,0.06598
1910141,0.18724
1910415,0.03917
1910711,0.07049
1910985,0.52375
1911168,0.10141
1911440,0.19797
1911633,0.07656
1911841,0.07254
1912242,0.07363
1912376,0.35281
1912635,0.04943
1913169,0.10372
1913538,0.11462
1913794,0.36674
1914081,0.0708
1914200,0.07244
1914630,0.24002
1914986,0.0672
1915223,0.09528
1915653,0.05967
1915833,0.28082
1916243,0.03911
1916406,0.33707
1916669,0.04861
1916834,0.03539
1917150,0.15144
1917352,0.05647
1917641,0.069
1917925,0.10459
1918210,0.07044
1918398,0.08801
1918892,0.02528
1919357,0.08421
1919604,0.04652
1920042,0.34549
1920349,0.04479
1920699,0.11819
1920942,0.1001
1921136,0.19828
1921401,0.10141
1921812,0.0697
1922215,0.08567
1922465,0.06292
1922581,0.38736
1922834,0.06664
1923107,0.05436
1923383,0.09137
1923708,0.04009
1923896,0.18852
1924266,0.11274
1924570,0.08721
1924828,0.24821
1925071,0.03939
1925513,0.07861
1925805,0.20377
1925985,0.45508
1926139,0.27104
1926546,0.97926
1926785,0.04223
1927034,0.65666
1927386,0.0518
1927629,0.35479
1927848,0.04407
1928037,0.0858
1928298,0.09405
1928577,0.0607
1928716,0.41259
1929259,0.04991
1929724,0.08062
1929897,0.34573
1930229,0.04602
1930476,0.4191
1930686,0.5685
1930852,0.05787
1931054,0.05824
1931262,1.10055
1931582,0.29139
1931914,0.51167
1932183,0.13462
1932351,0.07904
1932628,0.14759
1932953,0.21599
1933224,0.09012
1933400,0.42242
1933719,0.05817
1933948,0.11525
1934336,0.09309
1934629,0.70795
1934822,0.1219
1935027,0.33323
1935284,0.49241
1935656,0.08171
1935845,0.46551
1936168,0.11207
1936421,0.08727
1936749,0.07207
1936952,0.46239
1937162,0.10626
1937487,0.4468
1937755,0.16822
1938011,0.69074
1938162,0.11176
1938494,0.49731
1938694,0.04689
1939045,0.08052
1939345,0.2282
1939682,0.09149
1940053,0.44065
1940281,1.1324
1940549,0.05036
1940813,0.1032
1941064,0.06903
1941335,0.04325
1941578,0.52712
1941734,0.09593
1941846,0.2987
1942123,0.40817
1942501,0.35631
1942759,0.08664
1942981,0.38725
1943180,0.0788
1943359,0.1078
1943519,0.12946
1943828,0.05947
1944063,0.59362
1944204,0.63496
1944709,0.88337
1944995,0.10318
1945377,0.11246
1945813,0.20057
1946112,0.06361
1946489,0.62805
1946794,0.05047
1947032,0.11773
1947205,0.37325
1947466,0.038
1947733,0.10877
1947890,1.32045
1948405,0.37241
1948679,0.10859
1948956,0.51596
1949084,0.12567
1949271,0.52276
1949681,0.7627
1950000,0.55303
1950296,0.13207
1950428,0.90779
1950595,0.0583
1950814,0.09595
1951045,0.12376
1951476,0.1473
1951977,0.15957
1952355,0.05984
1952597,0.46801
1953024,0.07826
1953246,0.56219
1953588,0.04076
1953824,0.04247
1954260,0.06665
1954420,0.08887
1954673,0.09592
1955146,0.99819
1955636,0.93837
1955976,0.47461
1956107,0.09037
1956403,0.3834
1956879,0.47716
1957270,0.44711
1957425,0.13852
1957738,0.0562
1957912,1.16182
1958130,0.07654
1958289,0.14554
1958543,0.91816
1958793,0.90784
1958920,0.4064
1959245,0.12664
1959741,0.08566
1960067,0.50624
1960585,0.08435
1960821,0.03448
1961240,0.20816
1961455,0.37182
1961813,0.40175
1962038,0.05904
1962284,0.87219
1962502,0.3205
1962690,0.03043
1963013,0.56196
1963273,0.13398
1963683,0.4117
1963926,0.58415
1964521,0.61078
1964848,0.53133
1965215,0.78581
1965412,0.0984
1965812,0.18105
1966014,0.08337
1966230,0.3721
1966432,0.59442
1966813,0.6197
1967227,0.44478
1967722,0.10922
1967919,0.06432
1968255,0.13061
1968540,0.54096
1968870,0.3387
1969248,0.09016
1969699,0.26982
1969919,0.1413
1970285,0.47652
1970619,0.07598
1970795,0.03539
1971202,0.11498
1971458,0.38892
1971771,0.5913
1971960,0.07334
1972214,0.07741
1972413,0.08816
1972804,0.07627
1973044,0.37026
1973262,0.03498
1973486,0.52053
1973655,0.087
1974039,0.15142
1974265,0.07792
1974488,0.38552
1974963,0.09612
1975405,0.61235
1975713,0.35516
1975941,0.08801
1976306,0.07291
1976721,0.10365
1976934,0.48749
1977561,0.11044
1977669,0.97968
1977940,0.10709
1978071,0.64648
1978375,0.41137
1978541,0.40686
1978847,0.11563
1979169,0.54683
1979544,0.30876
1979821,0.55214
1980062,0.41633
1980380,0.08586
1980541,0.4182
1980712,0.05002
1980975,0.17124
1981279,0.08664
1981429,0.10486
1981674,0.11487
1982013,0.09131
1982192,0.41567
1982592,0.06648
1982847,0.05015
1983090,0.1129
1983321,0.34764
1983614,0.31689
1983846,0.08261
1984196,0.2892
1984475,0.06356
1984671,0.0939
1984931,0.04126
1985062,0.53947
1985316,0.08224
1985573,0.44028
1985929,0.25979
1986162,0.4045
1986494,0.08597
1986929,0.51434
1987142,0.11195
1987327,0.06019
1987501,0.81739
1987649,0.31823
1987892,0.06914
1988218,0.73122
1988624,0.06351
1988867,0.41405
1989086,0.06017
1989258,0.06368
1989507,0.08829
1989795,0.0683
1989969,0.10958
1990375,0.1436
1990578,0.08078
1990854,0.53383
1991127,0.10172
1991494,1.29897
1991667,0.0346
1991998,0.10274
1992473,0.05823
1992879,0.61501
1993160,0.0888
1993616,0.09286
1993966,0.11843
1994330,1.312
1994659,0.25472
1994857,0.10012
1995139,0.05991
1995417,0.09125
1995649,0.09673
1995966,0.12072
1996339,0.38335
1996575,0.06221
1996885,0.48356
1997107,0.49948
1997377,0.05336
1997538,0.0706
1998174,0.36318
1998480,0.43339
1998595,0.04502
1998834,0.15933
1999217,0.05269
1999471,0.16702
1999884,0.0754
2000000,0.65584
