pasos,exploration_rate
216,0.9989
386,0.9981
545,0.9973
691,0.9966
990,0.9951
1122,0.9944
1251,0.9938
1438,0.9929
1582,0.9922
1756,0.9913
1889,0.9906
2012,0.99
2219,0.989
2370,0.9883
2513,0.9876
2627,0.987
2757,0.9864
2942,0.9854
3083,0.9847
3223,0.984
3386,0.9832
3638,0.982
3764,0.9814
3872,0.9808
4172,0.9793
4385,0.9783
4531,0.9776
4758,0.9764
4905,0.9757
5096,0.9748
5288,0.9738
5405,0.9732
5560,0.9725
5710,0.9717
5901,0.9708
6049,0.9701
6179,0.9694
6327,0.9687
6484,0.9679
6708,0.9668
6857,0.9661
7128,0.9647
7332,0.9637
7462,0.9631
7624,0.9623
7758,0.9616
7932,0.9607
8091,0.9599
8211,0.9594
8339,0.9587
8414,0.9584
8538,0.9577
8686,0.957
8880,0.956
9088,0.955
9209,0.9544
9399,0.9535
9489,0.953
9682,0.9521
9904,0.951
9995,0.9505
10127,0.9499
10260,0.9492
10446,0.9483
10585,0.9476
10701,0.947
10821,0.9464
10931,0.9459
11071,0.9452
11183,0.9446
11285,0.9441
11361,0.9438
11565,0.9428
11668,0.9422
11845,0.9414
11968,0.9408
12077,0.9402
12211,0.9396
12420,0.9385
12626,0.9375
12787,0.9367
12951,0.9359
13166,0.9348
13302,0.9342
13428,0.9335
13545,0.933
13726,0.9321
13920,0.9311
14041,0.9305
14160,0.9299
14337,0.929
14447,0.9285
14734,0.9271
14949,0.926
15126,0.9251
15277,0.9244
15431,0.9236
15599,0.9228
15809,0.9217
15997,0.9208
16136,0.9201
16329,0.9192
16453,0.9186
16573,0.918
16667,0.9175
16803,0.9168
16952,0.9161
17195,0.9149
17284,0.9144
17416,0.9138
17574,0.913
17738,0.9122
17980,0.911
18137,0.9102
18221,0.9098
18347,0.9092
18482,0.9085
18651,0.9077
18853,0.9067
18957,0.9062
19128,0.9053
19219,0.9049
19398,0.904
19551,0.9032
19716,0.9024
19869,0.9016
20000,0.901
20079,0.9006
20166,0.9002
20289,0.8996
20461,0.8987
20529,0.8984
20722,0.8974
20813,0.897
20925,0.8964
21006,0.896
21127,0.8954
21281,0.8947
21544,0.8934
21699,0.8926
21813,0.892
21946,0.8914
22070,0.8908
22387,0.8892
22554,0.8884
22677,0.8877
22811,0.8871
22989,0.8862
23148,0.8854
23317,0.8846
23496,0.8837
23698,0.8827
23809,0.8821
24056,0.8809
24200,0.8802
24389,0.8793
24610,0.8782
24790,0.8773
24880,0.8768
25037,0.8761
25206,0.8752
25382,0.8744
25594,0.8733
25703,0.8728
25930,0.8716
26061,0.871
26341,0.8696
26463,0.869
26585,0.8684
26783,0.8674
26927,0.8667
27046,0.8661
27218,0.8653
27415,0.8643
27606,0.8634
27815,0.8623
27927,0.8618
28088,0.861
28261,0.8601
28425,0.8593
28570,0.8586
28769,0.8576
28876,0.8571
29013,0.8564
29233,0.8553
29340,0.8548
29616,0.8534
29782,0.8526
29960,0.8517
30186,0.8506
30344,0.8498
30522,0.8489
30634,0.8484
30930,0.8469
31266,0.8452
31464,0.8443
31561,0.8438
31656,0.8433
31737,0.8429
31856,0.8423
31978,0.8417
32101,0.8411
32249,0.8404
32358,0.8398
32546,0.8389
32734,0.838
32852,0.8374
33126,0.836
33214,0.8356
33388,0.8347
33609,0.8336
33777,0.8328
34004,0.8317
34163,0.8309
34355,0.8299
34509,0.8292
34691,0.8283
34807,0.8277
34991,0.8268
35175,0.8259
35343,0.8251
35460,0.8245
35579,0.8239
35769,0.8229
35890,0.8223
36029,0.8217
36196,0.8208
36302,0.8203
36480,0.8194
36578,0.8189
36829,0.8177
36980,0.8169
37224,0.8157
37393,0.8149
37665,0.8136
37805,0.8129
37884,0.8125
38111,0.8114
38211,0.8109
38305,0.8104
38470,0.8096
38663,0.8086
38888,0.8075
39030,0.8068
39260,0.8057
39374,0.8051
39489,0.8045
39585,0.8041
39747,0.8033
39844,0.8028
39995,0.802
40172,0.8011
40372,0.8002
40617,0.7989
40873,0.7977
40955,0.7973
41108,0.7965
41305,0.7955
41438,0.7949
41671,0.7937
41753,0.7933
41930,0.7924
42108,0.7916
42281,0.7907
42485,0.7897
42663,0.7888
42836,0.788
42936,0.7875
43040,0.787
43216,0.7861
43401,0.7852
43537,0.7845
43828,0.7831
44041,0.782
44188,0.7813
44482,0.7798
44571,0.7794
44654,0.779
44785,0.7783
44968,0.7774
45172,0.7764
45312,0.7757
45412,0.7752
45707,0.7738
45892,0.7728
46139,0.7716
46261,0.771
46456,0.77
46672,0.769
46816,0.7683
46994,0.7674
47185,0.7664
47286,0.7659
47462,0.7651
47713,0.7638
47922,0.7628
48058,0.7621
48282,0.761
48412,0.7604
48561,0.7596
48661,0.7591
48884,0.758
49090,0.757
49258,0.7562
49339,0.7558
49587,0.7545
49808,0.7535
49926,0.7529
50000,0.7525
50073,0.7521
50193,0.7515
50324,0.7509
50457,0.7502
50631,0.7494
50758,0.7487
50896,0.7481
51033,0.7474
51136,0.7469
51282,0.7462
51391,0.7456
51476,0.7452
51594,0.7446
51810,0.7435
51910,0.743
52080,0.7422
52206,0.7416
52448,0.7404
52658,0.7393
52765,0.7388
52890,0.7382
53098,0.7372
53329,0.736
53460,0.7354
53631,0.7345
53782,0.7338
53982,0.7328
54125,0.7321
54251,0.7315
54360,0.7309
54473,0.7304
54599,0.7297
54703,0.7292
54943,0.728
55083,0.7273
55184,0.7268
55286,0.7263
55480,0.7254
55588,0.7248
55712,0.7242
55913,0.7232
56056,0.7225
56237,0.7216
56401,0.7208
56554,0.7201
56812,0.7188
56962,0.718
57081,0.7174
57257,0.7166
57393,0.7159
57619,0.7148
57812,0.7138
57922,0.7133
58028,0.7128
58157,0.7121
58289,0.7115
58406,0.7109
58555,0.7102
58746,0.7092
58875,0.7086
59047,0.7077
59211,0.7069
59352,0.7062
59533,0.7053
59686,0.7046
59823,0.7039
60025,0.7029
60200,0.702
60358,0.7012
60502,0.7005
60693,0.6996
60784,0.6991
60924,0.6984
61060,0.6978
61243,0.6968
61382,0.6962
61506,0.6955
61600,0.6951
61840,0.6939
61989,0.6932
62106,0.6926
62187,0.6922
62508,0.6906
62722,0.6895
62876,0.6888
63028,0.688
63093,0.6877
63245,0.6869
63345,0.6864
63495,0.6857
63686,0.6848
63789,0.6842
63936,0.6835
64103,0.6827
64303,0.6817
64423,0.6811
64671,0.6799
64827,0.6791
64988,0.6783
65369,0.6764
65461,0.676
65539,0.6756
65792,0.6743
65921,0.6737
66053,0.673
66258,0.672
66393,0.6714
66480,0.6709
66646,0.6701
66754,0.6696
67051,0.6681
67184,0.6674
67348,0.6666
67605,0.6654
67815,0.6643
67989,0.6635
68108,0.6629
68329,0.6618
68449,0.6612
68662,0.6601
68835,0.6593
68922,0.6588
69099,0.658
69175,0.6576
69327,0.6568
69542,0.6558
69661,0.6552
69798,0.6545
69893,0.654
70031,0.6533
70125,0.6529
70308,0.652
70558,0.6507
70660,0.6502
70783,0.6496
70925,0.6489
71083,0.6481
71339,0.6469
71507,0.646
71724,0.645
71947,0.6439
72084,0.6432
72297,0.6421
72385,0.6417
72510,0.6411
72647,0.6404
72772,0.6398
72940,0.6389
73218,0.6376
73342,0.637
73505,0.6362
73662,0.6354
73782,0.6348
73914,0.6341
74122,0.6331
74239,0.6325
74427,0.6316
74728,0.6301
74810,0.6297
74910,0.6292
75044,0.6285
75263,0.6274
75399,0.6268
75610,0.6257
75821,0.6247
76029,0.6237
76180,0.6229
76277,0.6224
76417,0.6217
76548,0.6211
76696,0.6204
76880,0.6194
77029,0.6187
77175,0.618
77265,0.6175
77515,0.6163
77633,0.6157
77769,0.615
78048,0.6137
78227,0.6128
78341,0.6122
78557,0.6111
78811,0.6099
78991,0.609
79135,0.6083
79224,0.6078
79457,0.6067
79611,0.6059
79766,0.6052
79902,0.6045
79997,0.604
80133,0.6033
80374,0.6021
80526,0.6014
80607,0.601
80818,0.6
81010,0.599
81176,0.5982
81309,0.5975
81524,0.5965
81756,0.5953
81893,0.5946
82176,0.5932
82396,0.5921
82543,0.5914
82710,0.5906
82821,0.59
83029,0.589
83196,0.5882
83346,0.5874
83499,0.5867
83695,0.5857
83768,0.5853
84051,0.5839
84217,0.5831
84302,0.5827
84388,0.5823
84573,0.5814
84696,0.5808
84924,0.5796
85096,0.5788
85243,0.578
85386,0.5773
85543,0.5766
85756,0.5755
85865,0.575
86082,0.5739
86359,0.5725
86549,0.5716
86632,0.5712
86824,0.5702
86922,0.5697
87035,0.5692
87142,0.5686
87388,0.5674
87596,0.5664
87810,0.5653
87973,0.5645
88187,0.5635
88314,0.5628
88426,0.5623
88536,0.5617
88761,0.5606
88863,0.5601
89049,0.5592
89189,0.5585
89351,0.5577
89500,0.557
89568,0.5566
89657,0.5562
89750,0.5557
89870,0.5551
90031,0.5543
90186,0.5536
90247,0.5533
90379,0.5526
90468,0.5522
90563,0.5517
90633,0.5514
90819,0.5504
90937,0.5499
91132,0.5489
91344,0.5478
91477,0.5472
91650,0.5463
91798,0.5456
92050,0.5444
92249,0.5434
92571,0.5418
92764,0.5408
93067,0.5393
93210,0.5386
93309,0.5381
93569,0.5368
93720,0.5361
93824,0.5356
93987,0.5348
94188,0.5338
94414,0.5327
94539,0.532
94622,0.5316
94914,0.5302
95167,0.5289
95301,0.5283
95444,0.5276
95654,0.5265
95904,0.5253
96084,0.5244
96308,0.5233
96506,0.5223
96588,0.5219
96683,0.5214
96885,0.5204
97023,0.5197
97141,0.5192
97251,0.5186
97444,0.5177
97572,0.517
97776,0.516
98005,0.5149
98166,0.5141
98460,0.5126
98638,0.5117
98740,0.5112
98903,0.5104
99033,0.5098
99182,0.509
99291,0.5085
99401,0.508
99587,0.507
99772,0.5061
99916,0.5054
100000,0.505
100005,0.505
100172,0.5041
100347,0.5033
100539,0.5023
100726,0.5014
100903,0.5005
101029,0.4999
101155,0.4993
101303,0.4986
101419,0.498
101662,0.4968
101818,0.496
101909,0.4956
102029,0.495
102269,0.4938
102385,0.4932
102581,0.4922
102729,0.4915
102856,0.4909
103070,0.4898
103183,0.4892
103376,0.4883
103648,0.4869
103973,0.4853
104211,0.4842
104432,0.4831
104596,0.4822
104824,0.4811
104916,0.4807
105138,0.4796
105276,0.4789
105429,0.4781
105550,0.4775
105716,0.4767
105808,0.4763
105951,0.4755
106104,0.4748
106322,0.4737
106427,0.4732
106634,0.4722
106754,0.4716
106838,0.4712
106967,0.4705
107073,0.47
107334,0.4687
107471,0.468
107621,0.4673
107789,0.4664
107940,0.4657
108083,0.465
108204,0.4644
108359,0.4636
108529,0.4628
108672,0.4621
108803,0.4614
109025,0.4603
109197,0.4595
109307,0.4589
109411,0.4584
109572,0.4576
109717,0.4569
109949,0.4558
110171,0.4547
110324,0.4539
110539,0.4528
110820,0.4514
110922,0.4509
111191,0.4496
111380,0.4487
111564,0.4478
111749,0.4468
112016,0.4455
112189,0.4447
112324,0.444
112629,0.4425
112772,0.4418
112891,0.4412
113254,0.4394
113318,0.4391
113498,0.4382
113759,0.4369
113836,0.4365
114072,0.4353
114240,0.4345
114465,0.4334
114623,0.4326
114736,0.4321
114938,0.4311
115237,0.4296
115483,0.4284
115675,0.4274
115916,0.4262
116188,0.4249
116306,0.4243
116514,0.4233
116692,0.4224
116855,0.4216
117032,0.4207
117116,0.4203
117287,0.4194
117410,0.4188
117598,0.4179
117723,0.4173
117878,0.4165
118126,0.4153
118288,0.4145
118438,0.4137
118674,0.4126
118818,0.4119
119100,0.4105
119317,0.4094
119434,0.4088
119537,0.4083
119676,0.4076
119837,0.4068
119969,0.4062
120176,0.4051
120420,0.4039
120688,0.4026
120806,0.402
120964,0.4012
121139,0.4004
121328,0.3994
121544,0.3984
121762,0.3973
121892,0.3966
122132,0.3954
122454,0.3939
122710,0.3926
122845,0.3919
122975,0.3913
123200,0.3902
123325,0.3895
123511,0.3886
123686,0.3878
123801,0.3872
123903,0.3867
124176,0.3853
124503,0.3837
124719,0.3826
125000,0.3812
125194,0.3803
125569,0.3784
125773,0.3774
125899,0.3768
126108,0.3758
126192,0.3753
126267,0.375
126384,0.3744
126583,0.3734
126789,0.3724
126958,0.3716
127204,0.3703
127434,0.3692
127625,0.3683
127842,0.3672
128052,0.3661
128234,0.3652
128499,0.3639
128678,0.363
128868,0.3621
129051,0.3612
129212,0.3604
129311,0.3599
129453,0.3592
129693,0.358
129993,0.3565
130192,0.3555
130294,0.355
130423,0.3544
130639,0.3533
130860,0.3522
131103,0.351
131239,0.3504
131397,0.3496
131612,0.3485
131745,0.3479
131839,0.3474
132181,0.3457
132414,0.3446
132583,0.3437
132821,0.3425
133002,0.3416
133080,0.3413
133251,0.3404
133378,0.3398
133565,0.3389
133693,0.3382
133910,0.3371
134094,0.3362
134195,0.3357
134368,0.3349
134560,0.3339
134775,0.3329
134927,0.3321
135157,0.331
135508,0.3292
135701,0.3283
135828,0.3277
136020,0.3267
136178,0.3259
136345,0.3251
136525,0.3242
136703,0.3233
136802,0.3228
137154,0.3211
137279,0.3205
137443,0.3197
137597,0.3189
137870,0.3175
138073,0.3165
138219,0.3158
138359,0.3151
138548,0.3142
138736,0.3133
138866,0.3126
139002,0.3119
139245,0.3107
139380,0.3101
139505,0.3095
139655,0.3087
139974,0.3071
140243,0.3058
140432,0.3049
140513,0.3045
140727,0.3034
140981,0.3021
141182,0.3011
141366,0.3002
141555,0.2993
141696,0.2986
141879,0.2977
142067,0.2968
142229,0.296
142385,0.2952
142782,0.2932
142865,0.2928
143088,0.2917
143520,0.2896
143694,0.2887
143919,0.2876
144040,0.287
144219,0.2861
144402,0.2852
144635,0.2841
144864,0.2829
145100,0.2818
145301,0.2808
145388,0.2803
145576,0.2794
145959,0.2775
146059,0.277
146273,0.2759
146410,0.2753
146650,0.2741
146750,0.2736
146883,0.2729
147158,0.2716
147333,0.2707
147497,0.2699
147721,0.2688
147977,0.2675
148184,0.2665
148294,0.2659
148495,0.2649
148697,0.2639
148970,0.2626
149073,0.2621
149274,0.2611
149609,0.2594
149698,0.259
149837,0.2583
150000,0.2575
150057,0.2572
150200,0.2565
150535,0.2549
150845,0.2533
151146,0.2518
151279,0.2512
151435,0.2504
151598,0.2496
151724,0.249
151971,0.2477
152198,0.2466
152428,0.2455
152728,0.244
152876,0.2433
153093,0.2422
153417,0.2406
153576,0.2398
153741,0.239
153919,0.2381
154284,0.2363
154508,0.2352
154627,0.2346
154735,0.2341
154839,0.2335
154961,0.2329
155212,0.2317
155461,0.2305
155578,0.2299
155728,0.2291
155876,0.2284
156055,0.2275
156314,0.2262
156464,0.2255
156686,0.2244
156829,0.2237
157007,0.2228
157248,0.2216
157370,0.221
157529,0.2202
157646,0.2197
157844,0.2187
158259,0.2166
158410,0.2159
158680,0.2145
158882,0.2135
159189,0.212
159544,0.2103
159774,0.2091
159898,0.2085
160137,0.2073
160366,0.2062
160444,0.2058
160682,0.2046
160883,0.2036
161065,0.2027
161307,0.2015
161423,0.201
161665,0.1998
161878,0.1987
162133,0.1974
162397,0.1961
162592,0.1952
162951,0.1934
163206,0.1921
163337,0.1915
163474,0.1908
163646,0.19
163762,0.1894
163899,0.1887
164039,0.188
164132,0.1875
164407,0.1862
164545,0.1855
164685,0.1848
164819,0.1841
164975,0.1834
165169,0.1824
165414,0.1812
165584,0.1804
165765,0.1795
165852,0.179
166038,0.1781
166138,0.1776
166257,0.177
166326,0.1767
166570,0.1755
166849,0.1741
167025,0.1732
167174,0.1725
167334,0.1717
167513,0.1708
167667,0.17
167791,0.1694
168006,0.1684
168216,0.1673
168410,0.1664
168652,0.1652
168878,0.1641
169074,0.1631
169196,0.1625
169337,0.1618
169544,0.1608
169773,0.1596
169952,0.1587
170191,0.1576
170378,0.1566
170622,0.1554
170802,0.1545
171047,0.1533
171231,0.1524
171502,0.1511
171838,0.1494
171969,0.1488
172144,0.1479
172298,0.1471
172473,0.1463
172694,0.1452
172965,0.1438
173322,0.1421
173522,0.1411
173649,0.1404
173736,0.14
173935,0.139
174169,0.1379
174352,0.137
174513,0.1362
174740,0.135
174975,0.1339
175158,0.133
175313,0.1322
175485,0.1313
175600,0.1308
175779,0.1299
175970,0.1289
176070,0.1285
176248,0.1276
176446,0.1266
176589,0.1259
176830,0.1247
177008,0.1238
177194,0.1229
177492,0.1214
177774,0.12
177936,0.1192
178258,0.1176
178514,0.1164
178789,0.115
178946,0.1142
179108,0.1134
179356,0.1122
179543,0.1113
179748,0.1102
180037,0.1088
180286,0.1076
180489,0.1066
180618,0.1059
180823,0.1049
181079,0.1037
181255,0.1028
181395,0.1021
181631,0.1009
181776,0.1002
181972,0.0992
182125,0.0985
182250,0.0979
182403,0.0971
182598,0.0961
182776,0.0953
182996,0.0942
183254,0.0929
183390,0.0922
183539,0.0915
183663,0.0909
183789,0.0902
183927,0.0896
184144,0.0885
184369,0.0874
184634,0.0861
184903,0.0847
185165,0.0834
185305,0.0827
185382,0.0824
185597,0.0813
185700,0.0808
185808,0.0803
185910,0.0797
186222,0.0782
186398,0.0773
186713,0.0758
186886,0.0749
187019,0.0743
187218,0.0733
187413,0.0723
187541,0.0717
187722,0.0708
187872,0.07
188208,0.0684
188342,0.0677
188578,0.0665
188705,0.0659
188916,0.0649
189033,0.0643
189431,0.0623
189508,0.0619
189744,0.0608
190023,0.0594
190217,0.0584
190306,0.058
190578,0.0566
190672,0.0562
190840,0.0553
190926,0.0549
191253,0.0533
191441,0.0524
191629,0.0514
191884,0.0502
192085,0.0492
192421,0.0475
192549,0.0469
192721,0.046
192955,0.0449
193119,0.0441
193266,0.0433
193407,0.0426
193623,0.0416
193793,0.0407
193924,0.0401
194167,0.0389
194350,0.038
194516,0.0371
194678,0.0363
194900,0.0352
195184,0.0338
195310,0.0332
195550,0.032
195855,0.0305
196116,0.0292
196194,0.0288
196394,0.0278
196536,0.0271
196719,0.0262
196895,0.0254
197000,0.0248
197120,0.0243
197333,0.0232
197541,0.0222
197677,0.0215
197845,0.0207
198045,0.0197
198180,0.019
198409,0.0179
198612,0.0169
198813,0.0159
199008,0.0149
199175,0.0141
199310,0.0134
199531,0.0123
199725,0.0114
199942,0.0103
200000,0.01
200097,0.01
200324,0.01
200467,0.01
200655,0.01
200828,0.01
201073,0.01
201272,0.01
201354,0.01
201545,0.01
201775,0.01
201940,0.01
202101,0.01
202319,0.01
202535,0.01
202749,0.01
202972,0.01
203095,0.01
203233,0.01
203389,0.01
203464,0.01
203674,0.01
203916,0.01
204063,0.01
204294,0.01
204432,0.01
204711,0.01
204941,0.01
205092,0.01
205291,0.01
205524,0.01
205690,0.01
205864,0.01
206024,0.01
206277,0.01
206407,0.01
206755,0.01
206957,0.01
207070,0.01
207285,0.01
207491,0.01
207650,0.01
207746,0.01
208051,0.01
208195,0.01
208330,0.01
208554,0.01
208721,0.01
208849,0.01
209080,0.01
209320,0.01
209675,0.01
209889,0.01
210074,0.01
210253,0.01
210493,0.01
210664,0.01
210789,0.01
210905,0.01
211059,0.01
211275,0.01
211590,0.01
211764,0.01
211916,0.01
212156,0.01
212341,0.01
212515,0.01
212774,0.01
212997,0.01
213191,0.01
213333,0.01
213527,0.01
213668,0.01
213839,0.01
213975,0.01
214169,0.01
214330,0.01
214558,0.01
214769,0.01
214923,0.01
215209,0.01
215356,0.01
215469,0.01
215736,0.01
216033,0.01
216269,0.01
216514,0.01
216744,0.01
216842,0.01
217021,0.01
217242,0.01
217356,0.01
217623,0.01
217856,0.01
217985,0.01
218154,0.01
218430,0.01
218565,0.01
218706,0.01
218935,0.01
219201,0.01
219367,0.01
219547,0.01
219713,0.01
219909,0.01
220203,0.01
220380,0.01
220575,0.01
220719,0.01
220847,0.01
221149,0.01
221333,0.01
221469,0.01
221595,0.01
221752,0.01
221914,0.01
222042,0.01
222218,0.01
222376,0.01
222730,0.01
222904,0.01
223133,0.01
223226,0.01
223409,0.01
223641,0.01
223742,0.01
224043,0.01
224263,0.01
224446,0.01
224679,0.01
224797,0.01
224948,0.01
225115,0.01
225210,0.01
225378,0.01
225623,0.01
225913,0.01
226063,0.01
226169,0.01
226400,0.01
226552,0.01
226724,0.01
226889,0.01
227051,0.01
227343,0.01
227452,0.01
227694,0.01
227833,0.01
228046,0.01
228161,0.01
228309,0.01
228428,0.01
228663,0.01
228887,0.01
229113,0.01
229318,0.01
229519,0.01
229717,0.01
229833,0.01
230053,0.01
230190,0.01
230460,0.01
230670,0.01
230867,0.01
230976,0.01
231156,0.01
231498,0.01
231665,0.01
231789,0.01
231965,0.01
232251,0.01
232439,0.01
232621,0.01
232836,0.01
233047,0.01
233236,0.01
233458,0.01
233700,0.01
233913,0.01
234035,0.01
234226,0.01
234352,0.01
234504,0.01
234647,0.01
234730,0.01
234867,0.01
235014,0.01
235117,0.01
235345,0.01
235522,0.01
235639,0.01
235736,0.01
235885,0.01
236063,0.01
236197,0.01
236317,0.01
236473,0.01
236606,0.01
236750,0.01
237008,0.01
237183,0.01
237392,0.01
237589,0.01
237729,0.01
237904,0.01
238122,0.01
238386,0.01
238512,0.01
238679,0.01
238889,0.01
239050,0.01
239368,0.01
239544,0.01
239701,0.01
240012,0.01
240229,0.01
240586,0.01
240842,0.01
240935,0.01
241144,0.01
241264,0.01
241412,0.01
241597,0.01
241862,0.01
242129,0.01
242224,0.01
242305,0.01
242497,0.01
242664,0.01
242888,0.01
243145,0.01
243424,0.01
243658,0.01
243875,0.01
244028,0.01
244220,0.01
244404,0.01
244607,0.01
244819,0.01
244954,0.01
245217,0.01
245408,0.01
245606,0.01
245814,0.01
246064,0.01
246155,0.01
246445,0.01
247048,0.01
247199,0.01
247342,0.01
247550,0.01
247740,0.01
248005,0.01
248214,0.01
248367,0.01
248481,0.01
248726,0.01
248901,0.01
249119,0.01
249356,0.01
249687,0.01
249772,0.01
250000,0.01
250112,0.01
250274,0.01
250420,0.01
250530,0.01
250744,0.01
250867,0.01
251102,0.01
251403,0.01
251531,0.01
251752,0.01
252020,0.01
252230,0.01
252457,0.01
252590,0.01
252796,0.01
252927,0.01
253109,0.01
253234,0.01
253459,0.01
253619,0.01
253842,0.01
253996,0.01
254207,0.01
254405,0.01
254573,0.01
254761,0.01
254917,0.01
255094,0.01
255284,0.01
255389,0.01
255587,0.01
255764,0.01
255915,0.01
256059,0.01
256257,0.01
256376,0.01
256580,0.01
256715,0.01
256918,0.01
257107,0.01
257214,0.01
257474,0.01
257599,0.01
257839,0.01
257993,0.01
258309,0.01
258476,0.01
258724,0.01
258843,0.01
259043,0.01
259118,0.01
259365,0.01
259534,0.01
259713,0.01
259920,0.01
260104,0.01
260309,0.01
260572,0.01
260774,0.01
260919,0.01
260998,0.01
261462,0.01
261569,0.01
261735,0.01
261924,0.01
262183,0.01
262428,0.01
262652,0.01
262769,0.01
262899,0.01
263033,0.01
263235,0.01
263440,0.01
263675,0.01
263929,0.01
264067,0.01
264250,0.01
264600,0.01
264867,0.01
265078,0.01
265312,0.01
265468,0.01
265603,0.01
265724,0.01
265966,0.01
266111,0.01
266310,0.01
266466,0.01
266596,0.01
266835,0.01
267148,0.01
267314,0.01
267560,0.01
267688,0.01
267935,0.01
268127,0.01
268392,0.01
268462,0.01
268662,0.01
268971,0.01
269238,0.01
269370,0.01
269550,0.01
269725,0.01
269850,0.01
270088,0.01
270280,0.01
270442,0.01
270656,0.01
270956,0.01
271224,0.01
271449,0.01
271583,0.01
271778,0.01
271968,0.01
272113,0.01
272295,0.01
272446,0.01
272582,0.01
272763,0.01
272923,0.01
273132,0.01
273257,0.01
273444,0.01
273668,0.01
273948,0.01
274131,0.01
274377,0.01
274566,0.01
274815,0.01
274946,0.01
275060,0.01
275215,0.01
275395,0.01
275623,0.01
275818,0.01
276156,0.01
276282,0.01
276438,0.01
276613,0.01
276877,0.01
276995,0.01
277239,0.01
277518,0.01
277679,0.01
277767,0.01
277862,0.01
278125,0.01
278307,0.01
278619,0.01
278810,0.01
278932,0.01
279102,0.01
279279,0.01
279488,0.01
279646,0.01
279896,0.01
280069,0.01
280163,0.01
280305,0.01
280563,0.01
280829,0.01
280997,0.01
281126,0.01
281231,0.01
281407,0.01
281589,0.01
281864,0.01
282104,0.01
282342,0.01
282542,0.01
282669,0.01
282939,0.01
283151,0.01
283515,0.01
283734,0.01
283836,0.01
284071,0.01
284257,0.01
284475,0.01
284714,0.01
284886,0.01
285150,0.01
285372,0.01
285484,0.01
285732,0.01
286014,0.01
286215,0.01
286456,0.01
286585,0.01
286843,0.01
287149,0.01
287362,0.01
287548,0.01
287875,0.01
288058,0.01
288314,0.01
288604,0.01
288834,0.01
289062,0.01
289200,0.01
289390,0.01
289570,0.01
289712,0.01
289892,0.01
290147,0.01
290458,0.01
290653,0.01
290867,0.01
291041,0.01
291301,0.01
291411,0.01
291565,0.01
291743,0.01
292052,0.01
292357,0.01
292650,0.01
292971,0.01
293246,0.01
293355,0.01
293504,0.01
293809,0.01
294057,0.01
294172,0.01
294460,0.01
294686,0.01
294880,0.01
295104,0.01
295311,0.01
295505,0.01
295639,0.01
295833,0.01
295976,0.01
296165,0.01
296416,0.01
296635,0.01
296920,0.01
297109,0.01
297288,0.01
297538,0.01
297704,0.01
298167,0.01
298322,0.01
298543,0.01
298653,0.01
298822,0.01
299106,0.01
299327,0.01
299556,0.01
299755,0.01
299922,0.01
300000,0.01
300206,0.01
300479,0.01
300665,0.01
300815,0.01
300896,0.01
301078,0.01
301283,0.01
301490,0.01
301606,0.01
301922,0.01
301999,0.01
302315,0.01
302459,0.01
302636,0.01
302902,0.01
303079,0.01
303273,0.01
303414,0.01
303752,0.01
303914,0.01
304209,0.01
304375,0.01
304556,0.01
304824,0.01
305039,0.01
305160,0.01
305405,0.01
305768,0.01
305969,0.01
306144,0.01
306264,0.01
306406,0.01
306629,0.01
306819,0.01
307008,0.01
307203,0.01
307457,0.01
307702,0.01
307915,0.01
308138,0.01
308433,0.01
308666,0.01
308939,0.01
309240,0.01
309513,0.01
309775,0.01
309996,0.01
310161,0.01
310365,0.01
310512,0.01
310740,0.01
310883,0.01
311069,0.01
311250,0.01
311506,0.01
311773,0.01
311956,0.01
312162,0.01
312349,0.01
312608,0.01
312766,0.01
313034,0.01
313367,0.01
313661,0.01
313830,0.01
314170,0.01
314304,0.01
314699,0.01
314809,0.01
315098,0.01
315389,0.01
315593,0.01
315834,0.01
316123,0.01
316271,0.01
316453,0.01
316559,0.01
316890,0.01
317074,0.01
317295,0.01
317597,0.01
317863,0.01
318028,0.01
318219,0.01
318431,0.01
318672,0.01
318917,0.01
319271,0.01
319431,0.01
319593,0.01
319897,0.01
320246,0.01
320451,0.01
320583,0.01
320875,0.01
321141,0.01
321392,0.01
321569,0.01
321740,0.01
321909,0.01
322066,0.01
322186,0.01
322483,0.01
322836,0.01
323087,0.01
323199,0.01
323352,0.01
323609,0.01
323772,0.01
323939,0.01
324118,0.01
324318,0.01
324434,0.01
324724,0.01
325013,0.01
325328,0.01
325566,0.01
325758,0.01
325943,0.01
326110,0.01
326293,0.01
326537,0.01
326729,0.01
326935,0.01
327164,0.01
327304,0.01
327547,0.01
327757,0.01
327852,0.01
327982,0.01
328191,0.01
328301,0.01
328488,0.01
328706,0.01
328908,0.01
329016,0.01
329225,0.01
329488,0.01
329673,0.01
329945,0.01
330145,0.01
330316,0.01
330626,0.01
330800,0.01
331042,0.01
331216,0.01
331499,0.01
331743,0.01
331921,0.01
332122,0.01
332331,0.01
332621,0.01
332858,0.01
333130,0.01
333340,0.01
333563,0.01
333665,0.01
333981,0.01
334208,0.01
334410,0.01
334611,0.01
334841,0.01
334992,0.01
335331,0.01
335706,0.01
335924,0.01
336194,0.01
336402,0.01
336627,0.01
336797,0.01
336885,0.01
337272,0.01
337461,0.01
337715,0.01
337978,0.01
338166,0.01
338413,0.01
338662,0.01
338840,0.01
339082,0.01
339322,0.01
339505,0.01
339705,0.01
339965,0.01
340140,0.01
340385,0.01
340609,0.01
340866,0.01
341057,0.01
341263,0.01
341435,0.01
341723,0.01
341929,0.01
342142,0.01
342496,0.01
342754,0.01
342941,0.01
343167,0.01
343323,0.01
343630,0.01
343829,0.01
344108,0.01
344381,0.01
344565,0.01
344887,0.01
345064,0.01
345155,0.01
345379,0.01
345772,0.01
345967,0.01
346184,0.01
346350,0.01
346583,0.01
346865,0.01
347021,0.01
347210,0.01
347434,0.01
347606,0.01
347862,0.01
348082,0.01
348352,0.01
348519,0.01
348725,0.01
348944,0.01
349117,0.01
349267,0.01
349520,0.01
349648,0.01
349870,0.01
350000,0.01
350083,0.01
350422,0.01
350695,0.01
350859,0.01
350982,0.01
351324,0.01
351461,0.01
351749,0.01
352068,0.01
352209,0.01
352437,0.01
352762,0.01
352900,0.01
353103,0.01
353348,0.01
353503,0.01
353725,0.01
354003,0.01
354214,0.01
354321,0.01
354585,0.01
354720,0.01
355001,0.01
355225,0.01
355508,0.01
355936,0.01
356092,0.01
356339,0.01
356554,0.01
356691,0.01
356979,0.01
357232,0.01
357373,0.01
357503,0.01
357774,0.01
357961,0.01
358135,0.01
358343,0.01
358563,0.01
358867,0.01
359078,0.01
359211,0.01
359521,0.01
359634,0.01
359838,0.01
360219,0.01
360380,0.01
360585,0.01
360765,0.01
361064,0.01
361290,0.01
361480,0.01
361715,0.01
361966,0.01
362286,0.01
362383,0.01
362611,0.01
362797,0.01
362997,0.01
363331,0.01
363631,0.01
363807,0.01
363986,0.01
364197,0.01
364353,0.01
364563,0.01
364896,0.01
365163,0.01
365357,0.01
365511,0.01
365666,0.01
365754,0.01
365887,0.01
366088,0.01
366398,0.01
366584,0.01
366692,0.01
367025,0.01
367291,0.01
367636,0.01
367770,0.01
367931,0.01
368218,0.01
368328,0.01
368445,0.01
368679,0.01
368897,0.01
369116,0.01
369317,0.01
369573,0.01
369757,0.01
369926,0.01
370141,0.01
370300,0.01
370521,0.01
370752,0.01
370983,0.01
371291,0.01
371398,0.01
371617,0.01
371906,0.01
372030,0.01
372257,0.01
372377,0.01
372573,0.01
372855,0.01
373046,0.01
373263,0.01
373516,0.01
373728,0.01
373900,0.01
374046,0.01
374190,0.01
374486,0.01
374671,0.01
374913,0.01
375027,0.01
375250,0.01
375439,0.01
375608,0.01
375800,0.01
376027,0.01
376266,0.01
376478,0.01
376639,0.01
376817,0.01
376996,0.01
377203,0.01
377339,0.01
377602,0.01
377872,0.01
378211,0.01
378353,0.01
378519,0.01
378652,0.01
378810,0.01
379101,0.01
379398,0.01
379666,0.01
379978,0.01
380351,0.01
380503,0.01
380654,0.01
380942,0.01
381149,0.01
381349,0.01
381631,0.01
381775,0.01
381954,0.01
382186,0.01
382323,0.01
382466,0.01
382652,0.01
382764,0.01
383108,0.01
383326,0.01
383461,0.01
383691,0.01
383804,0.01
383947,0.01
384150,0.01
384365,0.01
384548,0.01
384812,0.01
385005,0.01
385220,0.01
385355,0.01
385533,0.01
385828,0.01
386059,0.01
386292,0.01
386396,0.01
386524,0.01
386805,0.01
386926,0.01
387261,0.01
387475,0.01
387691,0.01
388020,0.01
388259,0.01
388469,0.01
388747,0.01
388884,0.01
389103,0.01
389254,0.01
389380,0.01
389562,0.01
389701,0.01
389811,0.01
389993,0.01
390168,0.01
390303,0.01
390462,0.01
390730,0.01
390844,0.01
391258,0.01
391524,0.01
391747,0.01
391965,0.01
392195,0.01
392468,0.01
392628,0.01
392820,0.01
393122,0.01
393242,0.01
393472,0.01
393672,0.01
394025,0.01
394247,0.01
394460,0.01
394690,0.01
394893,0.01
395012,0.01
395267,0.01
395433,0.01
395568,0.01
395764,0.01
395896,0.01
396009,0.01
396143,0.01
396303,0.01
396538,0.01
396670,0.01
396935,0.01
397086,0.01
397273,0.01
397419,0.01
397636,0.01
397891,0.01
398250,0.01
398563,0.01
398863,0.01
399050,0.01
399219,0.01
399419,0.01
399647,0.01
399870,0.01
400000,0.01
400109,0.01
400333,0.01
400479,0.01
400654,0.01
400878,0.01
401213,0.01
401476,0.01
401752,0.01
401923,0.01
402268,0.01
402511,0.01
402747,0.01
402975,0.01
403279,0.01
403458,0.01
403673,0.01
403823,0.01
404029,0.01
404388,0.01
404488,0.01
404727,0.01
404869,0.01
405039,0.01
405369,0.01
405653,0.01
405904,0.01
406146,0.01
406349,0.01
406645,0.01
406863,0.01
407078,0.01
407354,0.01
407573,0.01
407756,0.01
408094,0.01
408185,0.01
408580,0.01
408681,0.01
408910,0.01
409160,0.01
409504,0.01
409723,0.01
409921,0.01
410137,0.01
410403,0.01
410682,0.01
410946,0.01
411263,0.01
411481,0.01
411678,0.01
411953,0.01
412272,0.01
412598,0.01
412769,0.01
412909,0.01
413138,0.01
413427,0.01
413606,0.01
413868,0.01
414145,0.01
414314,0.01
414497,0.01
414752,0.01
415068,0.01
415273,0.01
415456,0.01
415648,0.01
415817,0.01
416095,0.01
416320,0.01
416483,0.01
416688,0.01
416885,0.01
416994,0.01
417301,0.01
417592,0.01
417756,0.01
417865,0.01
418161,0.01
418420,0.01
418538,0.01
418757,0.01
419012,0.01
419148,0.01
419342,0.01
419789,0.01
419919,0.01
420145,0.01
420355,0.01
420608,0.01
420868,0.01
421193,0.01
421416,0.01
421802,0.01
422108,0.01
422331,0.01
422687,0.01
422841,0.01
423016,0.01
423257,0.01
423518,0.01
423844,0.01
424060,0.01
424139,0.01
424306,0.01
424495,0.01
424725,0.01
425114,0.01
425353,0.01
425546,0.01
425932,0.01
426124,0.01
426281,0.01
426427,0.01
426565,0.01
426749,0.01
426987,0.01
427148,0.01
427373,0.01
427572,0.01
427701,0.01
428107,0.01
428297,0.01
428432,0.01
428607,0.01
428910,0.01
429181,0.01
429428,0.01
429584,0.01
429745,0.01
429916,0.01
430039,0.01
430206,0.01
430483,0.01
430678,0.01
430889,0.01
431107,0.01
431377,0.01
431531,0.01
431777,0.01
431894,0.01
432113,0.01
432391,0.01
432556,0.01
432790,0.01
433046,0.01
433185,0.01
433452,0.01
433652,0.01
433799,0.01
433968,0.01
434234,0.01
434551,0.01
434802,0.01
434996,0.01
435104,0.01
435265,0.01
435558,0.01
435786,0.01
436012,0.01
436300,0.01
436607,0.01
436795,0.01
436902,0.01
437062,0.01
437342,0.01
437459,0.01
437640,0.01
437914,0.01
438090,0.01
438247,0.01
438437,0.01
438589,0.01
438824,0.01
439013,0.01
439184,0.01
439352,0.01
439740,0.01
439856,0.01
440080,0.01
440256,0.01
440447,0.01
440686,0.01
440855,0.01
440987,0.01
441087,0.01
441385,0.01
441677,0.01
441798,0.01
442026,0.01
442279,0.01
442605,0.01
442808,0.01
443006,0.01
443305,0.01
443411,0.01
443685,0.01
443792,0.01
443984,0.01
444104,0.01
444363,0.01
444571,0.01
444658,0.01
444861,0.01
445183,0.01
445327,0.01
445518,0.01
445777,0.01
445938,0.01
446110,0.01
446423,0.01
446734,0.01
447002,0.01
447206,0.01
447351,0.01
447687,0.01
447885,0.01
448071,0.01
448306,0.01
448449,0.01
448626,0.01
448859,0.01
449078,0.01
449241,0.01
449426,0.01
449590,0.01
449765,0.01
449969,0.01
450000,0.01
450208,0.01
450369,0.01
450504,0.01
450768,0.01
451035,0.01
451287,0.01
451425,0.01
451634,0.01
451832,0.01
452104,0.01
452273,0.01
452458,0.01
452679,0.01
452808,0.01
452946,0.01
453258,0.01
453345,0.01
453545,0.01
453730,0.01
453941,0.01
454136,0.01
454296,0.01
454474,0.01
454677,0.01
454953,0.01
455096,0.01
455343,0.01
455455,0.01
455595,0.01
455771,0.01
456019,0.01
456199,0.01
456394,0.01
456663,0.01
456813,0.01
457036,0.01
457179,0.01
457390,0.01
457574,0.01
457804,0.01
457971,0.01
458142,0.01
458254,0.01
458420,0.01
458550,0.01
458713,0.01
458813,0.01
459017,0.01
459219,0.01
459363,0.01
459603,0.01
459848,0.01
460119,0.01
460372,0.01
460574,0.01
460800,0.01
460974,0.01
461299,0.01
461461,0.01
461623,0.01
461949,0.01
462145,0.01
462298,0.01
462540,0.01
462758,0.01
462956,0.01
463247,0.01
463417,0.01
463632,0.01
463795,0.01
463981,0.01
464146,0.01
464330,0.01
464608,0.01
464861,0.01
464960,0.01
465276,0.01
465555,0.01
465708,0.01
465987,0.01
466234,0.01
466418,0.01
466662,0.01
467030,0.01
467242,0.01
467547,0.01
467724,0.01
467971,0.01
468066,0.01
468432,0.01
468612,0.01
468781,0.01
469107,0.01
469257,0.01
469523,0.01
469705,0.01
469982,0.01
470195,0.01
470449,0.01
470634,0.01
470884,0.01
471075,0.01
471254,0.01
471363,0.01
471471,0.01
471611,0.01
471784,0.01
471913,0.01
472004,0.01
472104,0.01
472292,0.01
472570,0.01
472893,0.01
473137,0.01
473268,0.01
473576,0.01
473793,0.01
474108,0.01
474278,0.01
474541,0.01
474736,0.01
474897,0.01
475230,0.01
475311,0.01
475533,0.01
475786,0.01
475948,0.01
476230,0.01
476360,0.01
476643,0.01
476874,0.01
477046,0.01
477158,0.01
477431,0.01
477669,0.01
477901,0.01
478108,0.01
478350,0.01
478688,0.01
478823,0.01
478968,0.01
479195,0.01
479427,0.01
479724,0.01
479978,0.01
480173,0.01
480424,0.01
480592,0.01
480792,0.01
481120,0.01
481268,0.01
481575,0.01
481954,0.01
482177,0.01
482402,0.01
482773,0.01
482909,0.01
483065,0.01
483300,0.01
483586,0.01
483785,0.01
483979,0.01
484208,0.01
484427,0.01
484586,0.01
484739,0.01
484965,0.01
485245,0.01
485465,0.01
485699,0.01
485974,0.01
486187,0.01
486444,0.01
486720,0.01
486994,0.01
487240,0.01
487663,0.01
487855,0.01
488019,0.01
488257,0.01
488501,0.01
488827,0.01
488968,0.01
489143,0.01
489243,0.01
489583,0.01
489803,0.01
489952,0.01
490087,0.01
490324,0.01
490455,0.01
490691,0.01
490806,0.01
490974,0.01
491310,0.01
491464,0.01
491641,0.01
491837,0.01
492071,0.01
492193,0.01
492437,0.01
492767,0.01
493034,0.01
493190,0.01
493346,0.01
493501,0.01
493666,0.01
493893,0.01
494159,0.01
494480,0.01
494642,0.01
494885,0.01
495043,0.01
495276,0.01
495641,0.01
495823,0.01
495986,0.01
496378,0.01
496643,0.01
496916,0.01
497247,0.01
497493,0.01
497746,0.01
497998,0.01
498111,0.01
498445,0.01
498683,0.01
498868,0.01
499039,0.01
499274,0.01
499504,0.01
499686,0.01
499800,0.01
500000,0.01
500112,0.01
500264,0.01
500440,0.01
500647,0.01
500814,0.01
501006,0.01
501106,0.01
501382,0.01
501620,0.01
501832,0.01
502116,0.01
502489,0.01
502710,0.01
502786,0.01
503049,0.01
503191,0.01
503415,0.01
503732,0.01
503983,0.01
504183,0.01
504417,0.01
504705,0.01
504874,0.01
505131,0.01
505282,0.01
505503,0.01
505885,0.01
506036,0.01
506188,0.01
506408,0.01
506632,0.01
506874,0.01
507198,0.01
507337,0.01
507507,0.01
507688,0.01
507795,0.01
508032,0.01
508302,0.01
508474,0.01
508646,0.01
508908,0.01
509099,0.01
509385,0.01
509661,0.01
509764,0.01
509983,0.01
510263,0.01
510408,0.01
510561,0.01
510748,0.01
510967,0.01
511263,0.01
511421,0.01
511521,0.01
511762,0.01
511914,0.01
512106,0.01
512342,0.01
512590,0.01
512915,0.01
513145,0.01
513390,0.01
513615,0.01
513797,0.01
513980,0.01
514194,0.01
514504,0.01
514761,0.01
514902,0.01
515182,0.01
515404,0.01
515707,0.01
515932,0.01
516176,0.01
516473,0.01
516702,0.01
516955,0.01
517253,0.01
517448,0.01
517774,0.01
518166,0.01
518254,0.01
518402,0.01
518540,0.01
518754,0.01
518964,0.01
519081,0.01
519390,0.01
519633,0.01
519725,0.01
519941,0.01
520091,0.01
520360,0.01
520637,0.01
520842,0.01
521058,0.01
521211,0.01
521372,0.01
521605,0.01
521811,0.01
522071,0.01
522293,0.01
522516,0.01
522646,0.01
522899,0.01
523170,0.01
523384,0.01
523519,0.01
523694,0.01
524026,0.01
524237,0.01
524456,0.01
524599,0.01
524846,0.01
525008,0.01
525175,0.01
525483,0.01
525699,0.01
525968,0.01
526294,0.01
526431,0.01
526757,0.01
527001,0.01
527284,0.01
527686,0.01
527827,0.01
527994,0.01
528204,0.01
528292,0.01
528577,0.01
528794,0.01
528965,0.01
529285,0.01
529400,0.01
529597,0.01
529788,0.01
530056,0.01
530280,0.01
530563,0.01
530777,0.01
530941,0.01
531184,0.01
531334,0.01
531634,0.01
531977,0.01
532199,0.01
532459,0.01
532661,0.01
532913,0.01
533138,0.01
533352,0.01
533527,0.01
533728,0.01
534045,0.01
534191,0.01
534421,0.01
534624,0.01
534804,0.01
535063,0.01
535292,0.01
535475,0.01
535716,0.01
535907,0.01
536019,0.01
536265,0.01
536386,0.01
536675,0.01
536793,0.01
537040,0.01
537296,0.01
537496,0.01
537830,0.01
538084,0.01
538286,0.01
538396,0.01
538618,0.01
538801,0.01
538977,0.01
539103,0.01
539377,0.01
539570,0.01
539840,0.01
540152,0.01
540293,0.01
540496,0.01
540825,0.01
541099,0.01
541326,0.01
541532,0.01
541729,0.01
541930,0.01
542252,0.01
542509,0.01
542694,0.01
542904,0.01
543219,0.01
543369,0.01
543572,0.01
543815,0.01
544010,0.01
544204,0.01
544475,0.01
544647,0.01
544879,0.01
545028,0.01
545316,0.01
545528,0.01
545791,0.01
545943,0.01
546051,0.01
546156,0.01
546319,0.01
546495,0.01
546878,0.01
547044,0.01
547397,0.01
547589,0.01
547778,0.01
547981,0.01
548212,0.01
548477,0.01
548683,0.01
548875,0.01
549128,0.01
549305,0.01
549540,0.01
549892,0.01
550000,0.01
550185,0.01
550339,0.01
550516,0.01
550759,0.01
550925,0.01
551254,0.01
551459,0.01
551711,0.01
551923,0.01
552190,0.01
552418,0.01
552726,0.01
552952,0.01
553181,0.01
553520,0.01
553769,0.01
554123,0.01
554320,0.01
554579,0.01
554810,0.01
554987,0.01
555162,0.01
555373,0.01
555540,0.01
555760,0.01
556093,0.01
556308,0.01
556567,0.01
556694,0.01
556941,0.01
557256,0.01
557533,0.01
557671,0.01
557862,0.01
558074,0.01
558320,0.01
558580,0.01
558823,0.01
559096,0.01
559470,0.01
559621,0.01
559849,0.01
560117,0.01
560349,0.01
560722,0.01
560930,0.01
561061,0.01
561327,0.01
561532,0.01
561821,0.01
562169,0.01
562379,0.01
562537,0.01
562735,0.01
563048,0.01
563364,0.01
563682,0.01
563867,0.01
564050,0.01
564485,0.01
564680,0.01
564891,0.01
565187,0.01
565518,0.01
565756,0.01
565972,0.01
566113,0.01
566616,0.01
566961,0.01
567130,0.01
567254,0.01
567464,0.01
567691,0.01
567852,0.01
567995,0.01
568239,0.01
568430,0.01
568642,0.01
568877,0.01
569139,0.01
569461,0.01
569678,0.01
569926,0.01
570112,0.01
570330,0.01
570579,0.01
570779,0.01
571186,0.01
571401,0.01
571541,0.01
571804,0.01
571955,0.01
572062,0.01
572314,0.01
572457,0.01
572727,0.01
573024,0.01
573314,0.01
573622,0.01
573703,0.01
573901,0.01
574099,0.01
574268,0.01
574610,0.01
574681,0.01
574779,0.01
574877,0.01
575082,0.01
575257,0.01
575631,0.01
575764,0.01
575930,0.01
576095,0.01
576252,0.01
576566,0.01
576829,0.01
577123,0.01
577348,0.01
577558,0.01
577787,0.01
578087,0.01
578277,0.01
578489,0.01
578805,0.01
578987,0.01
579301,0.01
579691,0.01
579810,0.01
579957,0.01
580127,0.01
580405,0.01
580592,0.01
580803,0.01
581038,0.01
581227,0.01
581356,0.01
581490,0.01
581741,0.01
582000,0.01
582181,0.01
582307,0.01
582508,0.01
582797,0.01
583077,0.01
583242,0.01
583443,0.01
583560,0.01
583861,0.01
584104,0.01
584312,0.01
584495,0.01
584913,0.01
585060,0.01
585335,0.01
585493,0.01
585670,0.01
585898,0.01
586099,0.01
586390,0.01
586626,0.01
586929,0.01
587250,0.01
587519,0.01
587637,0.01
587918,0.01
588114,0.01
588502,0.01
588748,0.01
589003,0.01
589162,0.01
589236,0.01
589365,0.01
589573,0.01
589770,0.01
589965,0.01
590152,0.01
590360,0.01
590620,0.01
590900,0.01
591086,0.01
591317,0.01
591565,0.01
591804,0.01
592144,0.01
592344,0.01
592554,0.01
592769,0.01
592979,0.01
593305,0.01
593555,0.01
593822,0.01
594080,0.01
594302,0.01
594661,0.01
594864,0.01
595079,0.01
595375,0.01
595578,0.01
595790,0.01
596031,0.01
596252,0.01
596499,0.01
596772,0.01
597027,0.01
597164,0.01
597377,0.01
597629,0.01
597932,0.01
598155,0.01
598492,0.01
598606,0.01
598793,0.01
599015,0.01
599326,0.01
599514,0.01
599868,0.01
600000,0.01
600017,0.01
600257,0.01
600598,0.01
600727,0.01
600908,0.01
601145,0.01
601351,0.01
601576,0.01
601781,0.01
601985,0.01
602286,0.01
602504,0.01
602730,0.01
602909,0.01
603072,0.01
603298,0.01
603604,0.01
603796,0.01
604021,0.01
604354,0.01
604695,0.01
604885,0.01
605224,0.01
605540,0.01
605718,0.01
605998,0.01
606175,0.01
606412,0.01
606695,0.01
606950,0.01
607260,0.01
607453,0.01
607690,0.01
608005,0.01
608228,0.01
608347,0.01
608561,0.01
608853,0.01
609241,0.01
609519,0.01
609760,0.01
609968,0.01
610278,0.01
610491,0.01
610709,0.01
610986,0.01
611198,0.01
611505,0.01
611682,0.01
611867,0.01
612155,0.01
612381,0.01
612648,0.01
612864,0.01
613239,0.01
613438,0.01
613838,0.01
614095,0.01
614344,0.01
614566,0.01
614781,0.01
615004,0.01
615182,0.01
615487,0.01
615751,0.01
615930,0.01
616212,0.01
616514,0.01
616724,0.01
616939,0.01
617356,0.01
617540,0.01
617824,0.01
618149,0.01
618392,0.01
618542,0.01
618839,0.01
619194,0.01
619452,0.01
619677,0.01
620007,0.01
620207,0.01
620397,0.01
620529,0.01
620680,0.01
620893,0.01
621193,0.01
621412,0.01
621629,0.01
621786,0.01
622029,0.01
622248,0.01
622410,0.01
622628,0.01
622861,0.01
622988,0.01
623269,0.01
623528,0.01
623785,0.01
624117,0.01
624391,0.01
624525,0.01
624780,0.01
624947,0.01
625277,0.01
625545,0.01
625791,0.01
626088,0.01
626285,0.01
626471,0.01
626690,0.01
626943,0.01
627131,0.01
627354,0.01
627644,0.01
627877,0.01
628124,0.01
628387,0.01
628673,0.01
628822,0.01
629136,0.01
629394,0.01
629633,0.01
629936,0.01
630122,0.01
630294,0.01
630433,0.01
630779,0.01
631067,0.01
631260,0.01
631547,0.01
631727,0.01
631914,0.01
632076,0.01
632429,0.01
632700,0.01
632990,0.01
633200,0.01
633371,0.01
633535,0.01
633729,0.01
633941,0.01
634294,0.01
634434,0.01
634709,0.01
634930,0.01
635070,0.01
635326,0.01
635444,0.01
635771,0.01
636024,0.01
636311,0.01
636607,0.01
636973,0.01
637318,0.01
637699,0.01
638072,0.01
638312,0.01
638618,0.01
639026,0.01
639162,0.01
639338,0.01
639651,0.01
639908,0.01
640049,0.01
640310,0.01
640524,0.01
640754,0.01
640912,0.01
641158,0.01
641368,0.01
641635,0.01
641836,0.01
642101,0.01
642421,0.01
642791,0.01
643113,0.01
643485,0.01
643674,0.01
643893,0.01
644082,0.01
644274,0.01
644718,0.01
644935,0.01
645154,0.01
645360,0.01
645522,0.01
645664,0.01
646035,0.01
646114,0.01
646269,0.01
646479,0.01
646610,0.01
646874,0.01
647011,0.01
647182,0.01
647329,0.01
647664,0.01
647871,0.01
648194,0.01
648364,0.01
648553,0.01
648886,0.01
649069,0.01
649351,0.01
649648,0.01
650000,0.01
650022,0.01
650301,0.01
650534,0.01
650908,0.01
651016,0.01
651288,0.01
651620,0.01
651798,0.01
652042,0.01
652293,0.01
652489,0.01
652840,0.01
653058,0.01
653321,0.01
653576,0.01
653826,0.01
654002,0.01
654330,0.01
654577,0.01
654793,0.01
654936,0.01
655164,0.01
655299,0.01
655722,0.01
655913,0.01
656163,0.01
656304,0.01
656617,0.01
656914,0.01
657095,0.01
657431,0.01
657690,0.01
657904,0.01
658182,0.01
658461,0.01
658711,0.01
658924,0.01
659051,0.01
659336,0.01
659698,0.01
659858,0.01
660159,0.01
660340,0.01
660518,0.01
660768,0.01
660972,0.01
661164,0.01
661422,0.01
661785,0.01
662063,0.01
662252,0.01
662541,0.01
662921,0.01
663103,0.01
663408,0.01
663702,0.01
663989,0.01
664429,0.01
664728,0.01
664907,0.01
665041,0.01
665427,0.01
665661,0.01
665978,0.01
666137,0.01
666422,0.01
666730,0.01
667029,0.01
667234,0.01
667393,0.01
667634,0.01
667946,0.01
668057,0.01
668354,0.01
668509,0.01
668684,0.01
668948,0.01
669237,0.01
669509,0.01
669741,0.01
670041,0.01
670241,0.01
670481,0.01
670826,0.01
670908,0.01
671140,0.01
671538,0.01
671693,0.01
671938,0.01
672246,0.01
672491,0.01
672732,0.01
672968,0.01
673296,0.01
673540,0.01
673876,0.01
674160,0.01
674388,0.01
674651,0.01
674835,0.01
675106,0.01
675432,0.01
675554,0.01
675814,0.01
676054,0.01
676320,0.01
676651,0.01
676795,0.01
676970,0.01
677137,0.01
677365,0.01
677574,0.01
677786,0.01
678041,0.01
678222,0.01
678553,0.01
678816,0.01
679149,0.01
679374,0.01
679678,0.01
679824,0.01
680144,0.01
680382,0.01
680606,0.01
680805,0.01
680947,0.01
681207,0.01
681454,0.01
681730,0.01
681860,0.01
682203,0.01
682363,0.01
682538,0.01
682789,0.01
682954,0.01
683115,0.01
683470,0.01
683640,0.01
683887,0.01
684347,0.01
684661,0.01
684888,0.01
685045,0.01
685411,0.01
685729,0.01
685899,0.01
686219,0.01
686414,0.01
686631,0.01
686899,0.01
687147,0.01
687468,0.01
687622,0.01
687758,0.01
687945,0.01
688169,0.01
688481,0.01
688700,0.01
688880,0.01
689120,0.01
689362,0.01
689602,0.01
689823,0.01
690034,0.01
690195,0.01
690368,0.01
690458,0.01
690712,0.01
690917,0.01
691151,0.01
691404,0.01
691682,0.01
691816,0.01
692119,0.01
692268,0.01
692554,0.01
692769,0.01
693235,0.01
693461,0.01
693778,0.01
693981,0.01
694132,0.01
694362,0.01
694592,0.01
694893,0.01
695251,0.01
695454,0.01
695733,0.01
696060,0.01
696261,0.01
696487,0.01
696662,0.01
696948,0.01
697163,0.01
697375,0.01
697531,0.01
697857,0.01
698083,0.01
698349,0.01
698638,0.01
698868,0.01
699125,0.01
699393,0.01
699596,0.01
699841,0.01
699972,0.01
700000,0.01
700232,0.01
700397,0.01
700578,0.01
700860,0.01
701127,0.01
701429,0.01
701740,0.01
701941,0.01
702320,0.01
702517,0.01
702749,0.01
703015,0.01
703308,0.01
703421,0.01
703715,0.01
703915,0.01
704113,0.01
704382,0.01
704467,0.01
704893,0.01
705106,0.01
705378,0.01
705648,0.01
705923,0.01
706254,0.01
706433,0.01
706855,0.01
706975,0.01
707250,0.01
707448,0.01
707885,0.01
708086,0.01
708317,0.01
708464,0.01
708727,0.01
708889,0.01
709099,0.01
709364,0.01
709622,0.01
709838,0.01
709955,0.01
710062,0.01
710270,0.01
710502,0.01
710751,0.01
710907,0.01
711157,0.01
711320,0.01
711662,0.01
711861,0.01
712162,0.01
712360,0.01
712647,0.01
712850,0.01
712988,0.01
713283,0.01
713631,0.01
713935,0.01
714146,0.01
714351,0.01
714736,0.01
714943,0.01
715136,0.01
715231,0.01
715313,0.01
715472,0.01
715656,0.01
715899,0.01
716038,0.01
716277,0.01
716563,0.01
716857,0.01
717160,0.01
717354,0.01
717549,0.01
717768,0.01
718140,0.01
718421,0.01
718606,0.01
718891,0.01
719045,0.01
719267,0.01
719458,0.01
719930,0.01
720046,0.01
720259,0.01
720383,0.01
720620,0.01
720901,0.01
721101,0.01
721170,0.01
721334,0.01
721573,0.01
721777,0.01
722062,0.01
722205,0.01
722407,0.01
722687,0.01
723061,0.01
723290,0.01
723484,0.01
723620,0.01
723884,0.01
724098,0.01
724356,0.01
724607,0.01
724877,0.01
725126,0.01
725275,0.01
725496,0.01
725611,0.01
725892,0.01
726082,0.01
726342,0.01
726475,0.01
726756,0.01
726943,0.01
727080,0.01
727260,0.01
727443,0.01
727598,0.01
727761,0.01
728019,0.01
728236,0.01
728533,0.01
728772,0.01
729084,0.01
729393,0.01
729565,0.01
729867,0.01
730009,0.01
730166,0.01
730490,0.01
730824,0.01
731047,0.01
731164,0.01
731410,0.01
731622,0.01
731863,0.01
732274,0.01
732457,0.01
732759,0.01
732938,0.01
733134,0.01
733434,0.01
733653,0.01
733856,0.01
734192,0.01
734513,0.01
734753,0.01
734920,0.01
735102,0.01
735425,0.01
735629,0.01
735933,0.01
736190,0.01
736428,0.01
736699,0.01
736858,0.01
737154,0.01
737431,0.01
737661,0.01
738007,0.01
738263,0.01
738520,0.01
738734,0.01
739059,0.01
739372,0.01
739685,0.01
739831,0.01
740067,0.01
740390,0.01
740619,0.01
740799,0.01
741119,0.01
741400,0.01
741629,0.01
741930,0.01
742191,0.01
742405,0.01
742723,0.01
743203,0.01
743608,0.01
743942,0.01
744170,0.01
744381,0.01
744568,0.01
744779,0.01
745105,0.01
745346,0.01
745582,0.01
745901,0.01
746079,0.01
746355,0.01
746583,0.01
746890,0.01
747116,0.01
747313,0.01
747699,0.01
747855,0.01
748067,0.01
748314,0.01
748511,0.01
748795,0.01
748923,0.01
749153,0.01
749335,0.01
749561,0.01
749818,0.01
750000,0.01
750073,0.01
750447,0.01
750605,0.01
750819,0.01
751051,0.01
751270,0.01
751553,0.01
751728,0.01
752023,0.01
752222,0.01
752411,0.01
752618,0.01
752879,0.01
753174,0.01
753555,0.01
753829,0.01
754143,0.01
754446,0.01
754584,0.01
754922,0.01
755336,0.01
755593,0.01
755771,0.01
755979,0.01
756250,0.01
756412,0.01
756631,0.01
756928,0.01
757110,0.01
757473,0.01
757593,0.01
757849,0.01
758272,0.01
758322,0.01
758663,0.01
758801,0.01
759008,0.01
759257,0.01
759590,0.01
759685,0.01
760026,0.01
760230,0.01
760620,0.01
760755,0.01
760902,0.01
761241,0.01
761509,0.01
761658,0.01
761829,0.01
762003,0.01
762241,0.01
762499,0.01
762685,0.01
762991,0.01
763197,0.01
763334,0.01
763662,0.01
763821,0.01
764009,0.01
764321,0.01
764485,0.01
764678,0.01
765021,0.01
765185,0.01
765386,0.01
765592,0.01
765723,0.01
765907,0.01
766277,0.01
766460,0.01
766692,0.01
766897,0.01
767168,0.01
767469,0.01
767738,0.01
767959,0.01
768208,0.01
768468,0.01
768590,0.01
768803,0.01
769186,0.01
769513,0.01
769802,0.01
770021,0.01
770415,0.01
770661,0.01
770872,0.01
771051,0.01
771263,0.01
771601,0.01
772001,0.01
772215,0.01
772489,0.01
772767,0.01
773075,0.01
773292,0.01
773428,0.01
773620,0.01
773824,0.01
773986,0.01
774167,0.01
774450,0.01
774633,0.01
774878,0.01
775026,0.01
775302,0.01
775540,0.01
775704,0.01
775970,0.01
776106,0.01
776326,0.01
776565,0.01
776876,0.01
777307,0.01
777579,0.01
777758,0.01
778028,0.01
778293,0.01
778714,0.01
778843,0.01
779064,0.01
779283,0.01
779474,0.01
779751,0.01
780013,0.01
780183,0.01
780424,0.01
780756,0.01
780991,0.01
781236,0.01
781462,0.01
781733,0.01
781937,0.01
782133,0.01
782311,0.01
782558,0.01
782887,0.01
783118,0.01
783525,0.01
783813,0.01
784125,0.01
784288,0.01
784635,0.01
784952,0.01
785297,0.01
785520,0.01
785722,0.01
785980,0.01
786269,0.01
786403,0.01
786618,0.01
786999,0.01
787182,0.01
787420,0.01
787639,0.01
787907,0.01
788153,0.01
788254,0.01
788436,0.01
788686,0.01
788909,0.01
789077,0.01
789410,0.01
789672,0.01
789868,0.01
790140,0.01
790492,0.01
790695,0.01
791004,0.01
791140,0.01
791410,0.01
791718,0.01
791837,0.01
792046,0.01
792338,0.01
792630,0.01
792860,0.01
793120,0.01
793277,0.01
793468,0.01
793740,0.01
793923,0.01
794138,0.01
794445,0.01
794675,0.01
794843,0.01
795241,0.01
795482,0.01
795744,0.01
795981,0.01
796295,0.01
796460,0.01
796582,0.01
796857,0.01
797044,0.01
797412,0.01
797551,0.01
797843,0.01
798097,0.01
798238,0.01
798504,0.01
798700,0.01
799123,0.01
799396,0.01
799576,0.01
799852,0.01
799987,0.01
800000,0.01
800231,0.01
800503,0.01
800779,0.01
801065,0.01
801273,0.01
801523,0.01
801848,0.01
802074,0.01
802408,0.01
802612,0.01
802765,0.01
802957,0.01
803192,0.01
803516,0.01
803693,0.01
804143,0.01
804323,0.01
804524,0.01
804776,0.01
805002,0.01
805232,0.01
805423,0.01
805668,0.01
805957,0.01
806152,0.01
806619,0.01
806824,0.01
807121,0.01
807313,0.01
807608,0.01
807812,0.01
807910,0.01
808087,0.01
808351,0.01
808538,0.01
808657,0.01
809005,0.01
809217,0.01
809434,0.01
809653,0.01
809850,0.01
810071,0.01
810330,0.01
810566,0.01
810812,0.01
811022,0.01
811419,0.01
811612,0.01
811820,0.01
812024,0.01
812326,0.01
812543,0.01
812758,0.01
812952,0.01
813240,0.01
813409,0.01
813739,0.01
814150,0.01
814323,0.01
814572,0.01
814839,0.01
815041,0.01
815182,0.01
815523,0.01
815722,0.01
816034,0.01
816181,0.01
816504,0.01
816857,0.01
816992,0.01
817198,0.01
817549,0.01
817852,0.01
818085,0.01
818273,0.01
818481,0.01
818669,0.01
818922,0.01
819063,0.01
819315,0.01
819501,0.01
819675,0.01
819777,0.01
820106,0.01
820298,0.01
820476,0.01
820660,0.01
821090,0.01
821233,0.01
821359,0.01
821563,0.01
821917,0.01
822206,0.01
822427,0.01
822673,0.01
822960,0.01
823262,0.01
823481,0.01
823752,0.01
823927,0.01
824255,0.01
824410,0.01
824676,0.01
825054,0.01
825275,0.01
825499,0.01
825718,0.01
825914,0.01
826081,0.01
826344,0.01
826523,0.01
826954,0.01
827131,0.01
827300,0.01
827618,0.01
827951,0.01
828146,0.01
828412,0.01
828610,0.01
828904,0.01
829203,0.01
829507,0.01
829801,0.01
829986,0.01
830282,0.01
830753,0.01
830856,0.01
830980,0.01
831287,0.01
831402,0.01
831687,0.01
832050,0.01
832268,0.01
832454,0.01
832738,0.01
832965,0.01
833259,0.01
833462,0.01
833685,0.01
833917,0.01
834073,0.01
834310,0.01
834580,0.01
834773,0.01
835110,0.01
835324,0.01
835522,0.01
835783,0.01
835937,0.01
836167,0.01
836403,0.01
836666,0.01
836870,0.01
837051,0.01
837333,0.01
837712,0.01
837914,0.01
838214,0.01
838395,0.01
838741,0.01
838977,0.01
839239,0.01
839485,0.01
839790,0.01
840089,0.01
840363,0.01
840559,0.01
840867,0.01
841076,0.01
841244,0.01
841488,0.01
841799,0.01
842129,0.01
842395,0.01
842621,0.01
842849,0.01
843043,0.01
843354,0.01
843700,0.01
843880,0.01
844331,0.01
844413,0.01
844627,0.01
844922,0.01
845301,0.01
845592,0.01
845811,0.01
846107,0.01
846311,0.01
846532,0.01
846854,0.01
847166,0.01
847439,0.01
847666,0.01
848061,0.01
848205,0.01
848507,0.01
848811,0.01
849157,0.01
849483,0.01
849807,0.01
850000,0.01
850185,0.01
850421,0.01
850766,0.01
850836,0.01
850954,0.01
851075,0.01
851410,0.01
851800,0.01
851936,0.01
852112,0.01
852280,0.01
852712,0.01
853051,0.01
853304,0.01
853500,0.01
853656,0.01
853819,0.01
854157,0.01
854411,0.01
854675,0.01
854845,0.01
855037,0.01
855368,0.01
855603,0.01
855857,0.01
856283,0.01
856568,0.01
856836,0.01
857099,0.01
857263,0.01
857497,0.01
857795,0.01
858066,0.01
858245,0.01
858473,0.01
858614,0.01
858862,0.01
859042,0.01
859201,0.01
859462,0.01
859650,0.01
859965,0.01
860235,0.01
860580,0.01
860850,0.01
860947,0.01
861147,0.01
861300,0.01
861579,0.01
861703,0.01
861806,0.01
862011,0.01
862284,0.01
862454,0.01
862679,0.01
862824,0.01
863121,0.01
863353,0.01
863598,0.01
863912,0.01
864018,0.01
864263,0.01
864542,0.01
864775,0.01
865114,0.01
865447,0.01
865636,0.01
865870,0.01
866275,0.01
866416,0.01
866670,0.01
866903,0.01
867154,0.01
867408,0.01
867621,0.01
867725,0.01
867963,0.01
868164,0.01
868400,0.01
868721,0.01
868947,0.01
869114,0.01
869463,0.01
869741,0.01
869997,0.01
870274,0.01
870573,0.01
870749,0.01
871006,0.01
871230,0.01
871523,0.01
871762,0.01
872044,0.01
872271,0.01
872530,0.01
872749,0.01
873068,0.01
873282,0.01
873509,0.01
873707,0.01
873859,0.01
874073,0.01
874317,0.01
874611,0.01
874851,0.01
875168,0.01
875327,0.01
875630,0.01
875814,0.01
876128,0.01
876322,0.01
876687,0.01
877066,0.01
877229,0.01
877540,0.01
877782,0.01
878015,0.01
878258,0.01
878578,0.01
878730,0.01
878979,0.01
879113,0.01
879350,0.01
879703,0.01
879892,0.01
880284,0.01
880679,0.01
880907,0.01
881065,0.01
881279,0.01
881625,0.01
881786,0.01
882002,0.01
882302,0.01
882484,0.01
882631,0.01
882857,0.01
883086,0.01
883403,0.01
883582,0.01
883940,0.01
884234,0.01
884564,0.01
884733,0.01
885023,0.01
885242,0.01
885359,0.01
885545,0.01
885848,0.01
886040,0.01
886238,0.01
886478,0.01
886665,0.01
886908,0.01
887044,0.01
887417,0.01
887651,0.01
887765,0.01
888000,0.01
888307,0.01
888663,0.01
888838,0.01
889099,0.01
889306,0.01
889559,0.01
889797,0.01
889930,0.01
890251,0.01
890448,0.01
890809,0.01
891062,0.01
891300,0.01
891414,0.01
891610,0.01
891763,0.01
891973,0.01
892191,0.01
892340,0.01
892481,0.01
892686,0.01
892953,0.01
893317,0.01
893571,0.01
893834,0.01
894036,0.01
894289,0.01
894551,0.01
894785,0.01
895012,0.01
895349,0.01
895704,0.01
895871,0.01
896184,0.01
896478,0.01
896714,0.01
897050,0.01
897299,0.01
897553,0.01
897747,0.01
898062,0.01
898297,0.01
898527,0.01
898780,0.01
898958,0.01
899112,0.01
899340,0.01
899474,0.01
899778,0.01
899990,0.01
900000,0.01
900259,0.01
900626,0.01
900720,0.01
901029,0.01
901230,0.01
901525,0.01
901861,0.01
902131,0.01
902265,0.01
902508,0.01
902689,0.01
903154,0.01
903383,0.01
903579,0.01
903831,0.01
904023,0.01
904165,0.01
904431,0.01
904622,0.01
904851,0.01
905037,0.01
905119,0.01
905418,0.01
905771,0.01
906111,0.01
906383,0.01
906788,0.01
907104,0.01
907394,0.01
907587,0.01
907864,0.01
907975,0.01
908174,0.01
908361,0.01
908649,0.01
908794,0.01
908952,0.01
909199,0.01
909456,0.01
909700,0.01
909791,0.01
910051,0.01
910233,0.01
910428,0.01
910751,0.01
910908,0.01
911083,0.01
911356,0.01
911656,0.01
911831,0.01
912044,0.01
912438,0.01
912654,0.01
912883,0.01
913256,0.01
913392,0.01
913581,0.01
913850,0.01
914042,0.01
914280,0.01
914560,0.01
914879,0.01
915122,0.01
915459,0.01
915651,0.01
915762,0.01
916153,0.01
916507,0.01
916713,0.01
916942,0.01
917160,0.01
917510,0.01
917633,0.01
917855,0.01
918126,0.01
918382,0.01
918760,0.01
918911,0.01
919187,0.01
919465,0.01
919820,0.01
920201,0.01
920483,0.01
920682,0.01
920852,0.01
921114,0.01
921404,0.01
921615,0.01
921920,0.01
922111,0.01
922317,0.01
922522,0.01
922851,0.01
923029,0.01
923170,0.01
923472,0.01
923984,0.01
924271,0.01
924639,0.01
924852,0.01
925071,0.01
925217,0.01
925525,0.01
925794,0.01
926148,0.01
926304,0.01
926497,0.01
926911,0.01
927213,0.01
927427,0.01
927791,0.01
927983,0.01
928336,0.01
928529,0.01
928764,0.01
928952,0.01
929296,0.01
929583,0.01
929956,0.01
930195,0.01
930460,0.01
930666,0.01
930937,0.01
931177,0.01
931435,0.01
931572,0.01
931815,0.01
932097,0.01
932319,0.01
932517,0.01
932646,0.01
932801,0.01
933132,0.01
933339,0.01
933701,0.01
933990,0.01
934276,0.01
934487,0.01
934622,0.01
934803,0.01
935028,0.01
935398,0.01
935741,0.01
935878,0.01
936139,0.01
936285,0.01
936537,0.01
936670,0.01
936871,0.01
937112,0.01
937489,0.01
937726,0.01
938056,0.01
938242,0.01
938515,0.01
938726,0.01
939010,0.01
939259,0.01
939504,0.01
939748,0.01
939941,0.01
940161,0.01
940399,0.01
940710,0.01
941018,0.01
941286,0.01
941506,0.01
941712,0.01
941983,0.01
942185,0.01
942456,0.01
942690,0.01
942799,0.01
943107,0.01
943367,0.01
943605,0.01
943877,0.01
944078,0.01
944248,0.01
944474,0.01
944761,0.01
945004,0.01
945140,0.01
945331,0.01
945644,0.01
945811,0.01
945986,0.01
946190,0.01
946339,0.01
946493,0.01
946835,0.01
947069,0.01
947318,0.01
947563,0.01
947733,0.01
947996,0.01
948162,0.01
948444,0.01
948707,0.01
948915,0.01
949176,0.01
949644,0.01
949900,0.01
950000,0.01
950036,0.01
950352,0.01
950706,0.01
950938,0.01
951153,0.01
951345,0.01
951764,0.01
951882,0.01
952085,0.01
952277,0.01
952579,0.01
952679,0.01
952987,0.01
953207,0.01
953425,0.01
953773,0.01
954029,0.01
954360,0.01
954483,0.01
954776,0.01
955014,0.01
955418,0.01
955609,0.01
955897,0.01
956073,0.01
956260,0.01
956495,0.01
956743,0.01
956955,0.01
957141,0.01
957378,0.01
957640,0.01
957934,0.01
958167,0.01
958420,0.01
958681,0.01
958815,0.01
959119,0.01
959362,0.01
959596,0.01
959921,0.01
960179,0.01
960492,0.01
960592,0.01
960786,0.01
960943,0.01
961219,0.01
961471,0.01
961770,0.01
962032,0.01
962100,0.01
962329,0.01
962592,0.01
962752,0.01
962997,0.01
963276,0.01
963477,0.01
963769,0.01
963887,0.01
964058,0.01
964376,0.01
964694,0.01
964863,0.01
965223,0.01
965479,0.01
965773,0.01
965958,0.01
966285,0.01
966585,0.01
966748,0.01
967034,0.01
967361,0.01
967573,0.01
967734,0.01
968077,0.01
968339,0.01
968603,0.01
968705,0.01
968951,0.01
969091,0.01
969251,0.01
969487,0.01
969680,0.01
969929,0.01
970145,0.01
970542,0.01
970868,0.01
971190,0.01
971473,0.01
971753,0.01
971982,0.01
972291,0.01
972550,0.01
972915,0.01
973257,0.01
973455,0.01
973646,0.01
973859,0.01
973998,0.01
974222,0.01
974479,0.01
974744,0.01
975131,0.01
975609,0.01
975810,0.01
976219,0.01
976494,0.01
976764,0.01
977009,0.01
977418,0.01
977668,0.01
977894,0.01
978291,0.01
978529,0.01
978887,0.01
979327,0.01
979561,0.01
979741,0.01
979913,0.01
980161,0.01
980317,0.01
980507,0.01
980674,0.01
980980,0.01
981276,0.01
981513,0.01
981776,0.01
981923,0.01
982202,0.01
982280,0.01
982404,0.01
982591,0.01
983096,0.01
983317,0.01
983491,0.01
983882,0.01
984094,0.01
984371,0.01
984718,0.01
985003,0.01
985217,0.01
985528,0.01
985890,0.01
986145,0.01
986363,0.01
986609,0.01
986924,0.01
987175,0.01
987382,0.01
987515,0.01
987768,0.01
987901,0.01
988029,0.01
988349,0.01
988522,0.01
988767,0.01
988987,0.01
989271,0.01
989515,0.01
989762,0.01
990086,0.01
990330,0.01
990686,0.01
991038,0.01
991263,0.01
991602,0.01
991789,0.01
992055,0.01
992321,0.01
992646,0.01
992843,0.01
993195,0.01
993469,0.01
993666,0.01
993802,0.01
994138,0.01
994325,0.01
994619,0.01
994857,0.01
995148,0.01
995379,0.01
995656,0.01
996068,0.01
996298,0.01
996643,0.01
996782,0.01
997014,0.01
997297,0.01
997517,0.01
997686,0.01
997913,0.01
998159,0.01
998331,0.01
998567,0.01
998789,0.01
999013,0.01
999169,0.01
999414,0.01
999708,0.01
999994,0.01
1000000,0.01
1000135,0.01
1000444,0.01
1000610,0.01
1000883,0.01
1001175,0.01
1001461,0.01
1001725,0.01
1002001,0.01
1002319,0.01
1002516,0.01
1002683,0.01
1002887,0.01
1003074,0.01
1003299,0.01
1003667,0.01
1003769,0.01
1004089,0.01
1004298,0.01
1004467,0.01
1005092,0.01
1005313,0.01
1005678,0.01
1005880,0.01
1006061,0.01
1006355,0.01
1006623,0.01
1006783,0.01
1007097,0.01
1007288,0.01
1007672,0.01
1007823,0.01
1008075,0.01
1008195,0.01
1008609,0.01
1008789,0.01
1008960,0.01
1009219,0.01
1009557,0.01
1009920,0.01
1010108,0.01
1010326,0.01
1010610,0.01
1010841,0.01
1011131,0.01
1011297,0.01
1011410,0.01
1011632,0.01
1011898,0.01
1012310,0.01
1012513,0.01
1012730,0.01
1013015,0.01
1013201,0.01
1013439,0.01
1013783,0.01
1014012,0.01
1014285,0.01
1014599,0.01
1014732,0.01
1015012,0.01
1015215,0.01
1015429,0.01
1015733,0.01
1015915,0.01
1016129,0.01
1016454,0.01
1016736,0.01
1016985,0.01
1017343,0.01
1017536,0.01
1017691,0.01
1017842,0.01
1018144,0.01
1018329,0.01
1018718,0.01
1018958,0.01
1019275,0.01
1019562,0.01
1019856,0.01
1020118,0.01
1020299,0.01
1020465,0.01
1020687,0.01
1020995,0.01
1021363,0.01
1021610,0.01
1021873,0.01
1022157,0.01
1022302,0.01
1022541,0.01
1022681,0.01
1023001,0.01
1023351,0.01
1023666,0.01
1023874,0.01
1024081,0.01
1024385,0.01
1024672,0.01
1024900,0.01
1025217,0.01
1025374,0.01
1025660,0.01
1025986,0.01
1026160,0.01
1026268,0.01
1026764,0.01
1027041,0.01
1027301,0.01
1027559,0.01
1027792,0.01
1028044,0.01
1028339,0.01
1028540,0.01
1028950,0.01
1029168,0.01
1029530,0.01
1029730,0.01
1029958,0.01
1030124,0.01
1030436,0.01
1030696,0.01
1030882,0.01
1031329,0.01
1031494,0.01
1031643,0.01
1031834,0.01
1032017,0.01
1032242,0.01
1032715,0.01
1033035,0.01
1033349,0.01
1033608,0.01
1033913,0.01
1034199,0.01
1034482,0.01
1034721,0.01
1034905,0.01
1035056,0.01
1035309,0.01
1035458,0.01
1035673,0.01
1035921,0.01
1036128,0.01
1036302,0.01
1036583,0.01
1036850,0.01
1037072,0.01
1037262,0.01
1037549,0.01
1037793,0.01
1038150,0.01
1038302,0.01
1038658,0.01
1038863,0.01
1039054,0.01
1039189,0.01
1039423,0.01
1039778,0.01
1040009,0.01
1040297,0.01
1040526,0.01
1040728,0.01
1040882,0.01
1041097,0.01
1041273,0.01
1041444,0.01
1041597,0.01
1041748,0.01
1042018,0.01
1042290,0.01
1042455,0.01
1042771,0.01
1042981,0.01
1043172,0.01
1043434,0.01
1043702,0.01
1043909,0.01
1044073,0.01
1044392,0.01
1044607,0.01
1044828,0.01
1045221,0.01
1045468,0.01
1045600,0.01
1045873,0.01
1046211,0.01
1046437,0.01
1046798,0.01
1047011,0.01
1047269,0.01
1047438,0.01
1047631,0.01
1047858,0.01
1048055,0.01
1048149,0.01
1048387,0.01
1048556,0.01
1048745,0.01
1049071,0.01
1049342,0.01
1049487,0.01
1049779,0.01
1049963,0.01
1050000,0.01
1050123,0.01
1050421,0.01
1050722,0.01
1051021,0.01
1051219,0.01
1051497,0.01
1051693,0.01
1052000,0.01
1052353,0.01
1052676,0.01
1052937,0.01
1053255,0.01
1053395,0.01
1053716,0.01
1053949,0.01
1054087,0.01
1054435,0.01
1054779,0.01
1055033,0.01
1055265,0.01
1055561,0.01
1055686,0.01
1055890,0.01
1056147,0.01
1056334,0.01
1056521,0.01
1056805,0.01
1057032,0.01
1057330,0.01
1057725,0.01
1057849,0.01
1058061,0.01
1058200,0.01
1058533,0.01
1058783,0.01
1059080,0.01
1059450,0.01
1059700,0.01
1059972,0.01
1060207,0.01
1060388,0.01
1060604,0.01
1060868,0.01
1061045,0.01
1061280,0.01
1061541,0.01
1061794,0.01
1062078,0.01
1062365,0.01
1062498,0.01
1062830,0.01
1062948,0.01
1063090,0.01
1063368,0.01
1063643,0.01
1063919,0.01
1064111,0.01
1064382,0.01
1064611,0.01
1064767,0.01
1065005,0.01
1065123,0.01
1065335,0.01
1065632,0.01
1065785,0.01
1065971,0.01
1066275,0.01
1066468,0.01
1066724,0.01
1066878,0.01
1067100,0.01
1067348,0.01
1067666,0.01
1067842,0.01
1068037,0.01
1068565,0.01
1068757,0.01
1069005,0.01
1069250,0.01
1069483,0.01
1069843,0.01
1070070,0.01
1070351,0.01
1070603,0.01
1070869,0.01
1071025,0.01
1071461,0.01
1071642,0.01
1071907,0.01
1072137,0.01
1072333,0.01
1072623,0.01
1072929,0.01
1073030,0.01
1073248,0.01
1073492,0.01
1073863,0.01
1074095,0.01
1074257,0.01
1074434,0.01
1074693,0.01
1075090,0.01
1075353,0.01
1075735,0.01
1076009,0.01
1076235,0.01
1076389,0.01
1076636,0.01
1076861,0.01
1077180,0.01
1077395,0.01
1077655,0.01
1078050,0.01
1078244,0.01
1078489,0.01
1078736,0.01
1079021,0.01
1079199,0.01
1079506,0.01
1079618,0.01
1079919,0.01
1080313,0.01
1080404,0.01
1080716,0.01
1081056,0.01
1081206,0.01
1081357,0.01
1081719,0.01
1081852,0.01
1082056,0.01
1082249,0.01
1082489,0.01
1082714,0.01
1083089,0.01
1083384,0.01
1083700,0.01
1083964,0.01
1084353,0.01
1084514,0.01
1084675,0.01
1084912,0.01
1085240,0.01
1085570,0.01
1085949,0.01
1086161,0.01
1086372,0.01
1086584,0.01
1086779,0.01
1087111,0.01
1087280,0.01
1087524,0.01
1087800,0.01
1088147,0.01
1088409,0.01
1088791,0.01
1089011,0.01
1089231,0.01
1089440,0.01
1089747,0.01
1089994,0.01
1090240,0.01
1090564,0.01
1090793,0.01
1091022,0.01
1091173,0.01
1091476,0.01
1091770,0.01
1092104,0.01
1092387,0.01
1092622,0.01
1092970,0.01
1093319,0.01
1093498,0.01
1093727,0.01
1094032,0.01
1094241,0.01
1094518,0.01
1094732,0.01
1094858,0.01
1095092,0.01
1095226,0.01
1095457,0.01
1095766,0.01
1096005,0.01
1096209,0.01
1096571,0.01
1096880,0.01
1097243,0.01
1097418,0.01
1097643,0.01
1097928,0.01
1098158,0.01
1098311,0.01
1098501,0.01
1098932,0.01
1099208,0.01
1099408,0.01
1099588,0.01
1099780,0.01
1100000,0.01
1100099,0.01
1100399,0.01
1100786,0.01
1100951,0.01
1101201,0.01
1101513,0.01
1101748,0.01
1102028,0.01
1102331,0.01
1102503,0.01
1102835,0.01
1103206,0.01
1103351,0.01
1103713,0.01
1104030,0.01
1104227,0.01
1104506,0.01
1104727,0.01
1104997,0.01
1105269,0.01
1105404,0.01
1105610,0.01
1105821,0.01
1106180,0.01
1106530,0.01
1106826,0.01
1107137,0.01
1107408,0.01
1107662,0.01
1107918,0.01
1108189,0.01
1108408,0.01
1108644,0.01
1108804,0.01
1109018,0.01
1109165,0.01
1109272,0.01
1109493,0.01
1109901,0.01
1110137,0.01
1110266,0.01
1110501,0.01
1110887,0.01
1111156,0.01
1111643,0.01
1111893,0.01
1112230,0.01
1112533,0.01
1112699,0.01
1113057,0.01
1113363,0.01
1113566,0.01
1113822,0.01
1114062,0.01
1114335,0.01
1114557,0.01
1114644,0.01
1114966,0.01
1115335,0.01
1115485,0.01
1115727,0.01
1116018,0.01
1116184,0.01
1116521,0.01
1116772,0.01
1117037,0.01
1117390,0.01
1117622,0.01
1117880,0.01
1118180,0.01
1118615,0.01
1118796,0.01
1119108,0.01
1119302,0.01
1119557,0.01
1119859,0.01
1119982,0.01
1120287,0.01
1120456,0.01
1120694,0.01
1120986,0.01
1121243,0.01
1121577,0.01
1121765,0.01
1122008,0.01
1122203,0.01
1122408,0.01
1122539,0.01
1122757,0.01
1122874,0.01
1123176,0.01
1123367,0.01
1123645,0.01
1123857,0.01
1124094,0.01
1124376,0.01
1124634,0.01
1124848,0.01
1125131,0.01
1125394,0.01
1125703,0.01
1125920,0.01
1126288,0.01
1126620,0.01
1126841,0.01
1127107,0.01
1127351,0.01
1127552,0.01
1127808,0.01
1128085,0.01
1128245,0.01
1128583,0.01
1128860,0.01
1129215,0.01
1129434,0.01
1129791,0.01
1130061,0.01
1130379,0.01
1130652,0.01
1130917,0.01
1131296,0.01
1131626,0.01
1131917,0.01
1132155,0.01
1132419,0.01
1132638,0.01
1132906,0.01
1133194,0.01
1133608,0.01
1133811,0.01
1134038,0.01
1134425,0.01
1134664,0.01
1134923,0.01
1135137,0.01
1135472,0.01
1135623,0.01
1135958,0.01
1136190,0.01
1136414,0.01
1136567,0.01
1136768,0.01
1137052,0.01
1137227,0.01
1137522,0.01
1137953,0.01
1138161,0.01
1138533,0.01
1138787,0.01
1139054,0.01
1139431,0.01
1139666,0.01
1140019,0.01
1140189,0.01
1140509,0.01
1140802,0.01
1141109,0.01
1141334,0.01
1141523,0.01
1141910,0.01
1142276,0.01
1142373,0.01
1142786,0.01
1143128,0.01
1143405,0.01
1143550,0.01
1143850,0.01
1144124,0.01
1144431,0.01
1144608,0.01
1144716,0.01
1145030,0.01
1145206,0.01
1145534,0.01
1145791,0.01
1145892,0.01
1146209,0.01
1146471,0.01
1146754,0.01
1147005,0.01
1147220,0.01
1147437,0.01
1147648,0.01
1147787,0.01
1148089,0.01
1148273,0.01
1148467,0.01
1148649,0.01
1148846,0.01
1149060,0.01
1149265,0.01
1149558,0.01
1149840,0.01
1150000,0.01
1150036,0.01
1150185,0.01
1150437,0.01
1150634,0.01
1151145,0.01
1151463,0.01
1151679,0.01
1151965,0.01
1152194,0.01
1152444,0.01
1152700,0.01
1152868,0.01
1153162,0.01
1153387,0.01
1153570,0.01
1153771,0.01
1154032,0.01
1154309,0.01
1154608,0.01
1154787,0.01
1155025,0.01
1155209,0.01
1155439,0.01
1155739,0.01
1156086,0.01
1156355,0.01
1156565,0.01
1156818,0.01
1156982,0.01
1157160,0.01
1157343,0.01
1157665,0.01
1158022,0.01
1158177,0.01
1158473,0.01
1158737,0.01
1158950,0.01
1159113,0.01
1159291,0.01
1159570,0.01
1159825,0.01
1159987,0.01
1160290,0.01
1160517,0.01
1160668,0.01
1161065,0.01
1161237,0.01
1161517,0.01
1161754,0.01
1162016,0.01
1162293,0.01
1162634,0.01
1162891,0.01
1163113,0.01
1163293,0.01
1163569,0.01
1163790,0.01
1164134,0.01
1164403,0.01
1164649,0.01
1164989,0.01
1165294,0.01
1165616,0.01
1165840,0.01
1166138,0.01
1166353,0.01
1166723,0.01
1166995,0.01
1167327,0.01
1167508,0.01
1167798,0.01
1168036,0.01
1168413,0.01
1168671,0.01
1169223,0.01
1169502,0.01
1169736,0.01
1170146,0.01
1170445,0.01
1170734,0.01
1170923,0.01
1171213,0.01
1171515,0.01
1171697,0.01
1171943,0.01
1172180,0.01
1172426,0.01
1172704,0.01
1172964,0.01
1173300,0.01
1173433,0.01
1173695,0.01
1173969,0.01
1174211,0.01
1174521,0.01
1174943,0.01
1175218,0.01
1175454,0.01
1175647,0.01
1175757,0.01
1176017,0.01
1176334,0.01
1176531,0.01
1176772,0.01
1177011,0.01
1177368,0.01
1177549,0.01
1177795,0.01
1178025,0.01
1178327,0.01
1178459,0.01
1178736,0.01
1178984,0.01
1179165,0.01
1179406,0.01
1179672,0.01
1180073,0.01
1180385,0.01
1180684,0.01
1180979,0.01
1181131,0.01
1181432,0.01
1181823,0.01
1182102,0.01
1182242,0.01
1182448,0.01
1182677,0.01
1182990,0.01
1183212,0.01
1183453,0.01
1183610,0.01
1183843,0.01
1184067,0.01
1184253,0.01
1184494,0.01
1184702,0.01
1184995,0.01
1185214,0.01
1185516,0.01
1185667,0.01
1185889,0.01
1186226,0.01
1186475,0.01
1186793,0.01
1187016,0.01
1187164,0.01
1187393,0.01
1187573,0.01
1187959,0.01
1188282,0.01
1188554,0.01
1188798,0.01
1189137,0.01
1189333,0.01
1189655,0.01
1189965,0.01
1190083,0.01
1190273,0.01
1190646,0.01
1190902,0.01
1191187,0.01
1191417,0.01
1191725,0.01
1191985,0.01
1192214,0.01
1192436,0.01
1192634,0.01
1193058,0.01
1193174,0.01
1193337,0.01
1193601,0.01
1193819,0.01
1194055,0.01
1194260,0.01
1194556,0.01
1194866,0.01
1195015,0.01
1195231,0.01
1195541,0.01
1195769,0.01
1196144,0.01
1196462,0.01
1196735,0.01
1197007,0.01
1197278,0.01
1197496,0.01
1197747,0.01
1197909,0.01
1198214,0.01
1198348,0.01
1198639,0.01
1198842,0.01
1199178,0.01
1199399,0.01
1199673,0.01
1199767,0.01
1200000,0.01
1200062,0.01
1200282,0.01
1200556,0.01
1200818,0.01
1201056,0.01
1201447,0.01
1201722,0.01
1201950,0.01
1202244,0.01
1202412,0.01
1202671,0.01
1202978,0.01
1203190,0.01
1203411,0.01
1203710,0.01
1203877,0.01
1204219,0.01
1204475,0.01
1204635,0.01
1204895,0.01
1205099,0.01
1205361,0.01
1205675,0.01
1205827,0.01
1206111,0.01
1206265,0.01
1206607,0.01
1206933,0.01
1207196,0.01
1207349,0.01
1207677,0.01
1207980,0.01
1208369,0.01
1208572,0.01
1208821,0.01
1209168,0.01
1209398,0.01
1209665,0.01
1210102,0.01
1210585,0.01
1210745,0.01
1211105,0.01
1211261,0.01
1211595,0.01
1211811,0.01
1212097,0.01
1212538,0.01
1212799,0.01
1213145,0.01
1213550,0.01
1213738,0.01
1214161,0.01
1214587,0.01
1214926,0.01
1215174,0.01
1215462,0.01
1215682,0.01
1215823,0.01
1216212,0.01
1216357,0.01
1216604,0.01
1216893,0.01
1217213,0.01
1217355,0.01
1217543,0.01
1217703,0.01
1217961,0.01
1218187,0.01
1218377,0.01
1218703,0.01
1218972,0.01
1219197,0.01
1219423,0.01
1219655,0.01
1219917,0.01
1220174,0.01
1220396,0.01
1220597,0.01
1220881,0.01
1221208,0.01
1221358,0.01
1221569,0.01
1221791,0.01
1222012,0.01
1222205,0.01
1222507,0.01
1222731,0.01
1223078,0.01
1223302,0.01
1223482,0.01
1223717,0.01
1224128,0.01
1224330,0.01
1224580,0.01
1224889,0.01
1225149,0.01
1225308,0.01
1225533,0.01
1225879,0.01
1226117,0.01
1226378,0.01
1226592,0.01
1226830,0.01
1227081,0.01
1227431,0.01
1227704,0.01
1227851,0.01
1228136,0.01
1228370,0.01
1228609,0.01
1228917,0.01
1229156,0.01
1229390,0.01
1229698,0.01
1230018,0.01
1230298,0.01
1230537,0.01
1230781,0.01
1231025,0.01
1231179,0.01
1231352,0.01
1231690,0.01
1231926,0.01
1232123,0.01
1232366,0.01
1232526,0.01
1232933,0.01
1233112,0.01
1233414,0.01
1233710,0.01
1233889,0.01
1234308,0.01
1234514,0.01
1234764,0.01
1235037,0.01
1235231,0.01
1235571,0.01
1235864,0.01
1236081,0.01
1236372,0.01
1236588,0.01
1236982,0.01
1237224,0.01
1237573,0.01
1237734,0.01
1238066,0.01
1238413,0.01
1238618,0.01
1238971,0.01
1239263,0.01
1239529,0.01
1239738,0.01
1239972,0.01
1240186,0.01
1240442,0.01
1240708,0.01
1240947,0.01
1241281,0.01
1241455,0.01
1241855,0.01
1242207,0.01
1242449,0.01
1242755,0.01
1243024,0.01
1243342,0.01
1243694,0.01
1244119,0.01
1244263,0.01
1244454,0.01
1244679,0.01
1244968,0.01
1245272,0.01
1245496,0.01
1245861,0.01
1246171,0.01
1246435,0.01
1246660,0.01
1246893,0.01
1247104,0.01
1247355,0.01
1247681,0.01
1247812,0.01
1248166,0.01
1248491,0.01
1248586,0.01
1248948,0.01
1249116,0.01
1249419,0.01
1249617,0.01
1249926,0.01
1250000,0.01
1250166,0.01
1250518,0.01
1250874,0.01
1251201,0.01
1251449,0.01
1251615,0.01
1251893,0.01
1252205,0.01
1252359,0.01
1252510,0.01
1252816,0.01
1253125,0.01
1253441,0.01
1253674,0.01
1253809,0.01
1254067,0.01
1254174,0.01
1254444,0.01
1254653,0.01
1254981,0.01
1255195,0.01
1255496,0.01
1255858,0.01
1256179,0.01
1256473,0.01
1256632,0.01
1256835,0.01
1257295,0.01
1257528,0.01
1257769,0.01
1257985,0.01
1258295,0.01
1258669,0.01
1259050,0.01
1259279,0.01
1259530,0.01
1259871,0.01
1260078,0.01
1260347,0.01
1260672,0.01
1261003,0.01
1261398,0.01
1261660,0.01
1261891,0.01
1262309,0.01
1262548,0.01
1262697,0.01
1263101,0.01
1263383,0.01
1263573,0.01
1263786,0.01
1263988,0.01
1264310,0.01
1264491,0.01
1264652,0.01
1264931,0.01
1265390,0.01
1265558,0.01
1265818,0.01
1266074,0.01
1266450,0.01
1266803,0.01
1266956,0.01
1267224,0.01
1267426,0.01
1267729,0.01
1268058,0.01
1268276,0.01
1268526,0.01
1268879,0.01
1269083,0.01
1269399,0.01
1269774,0.01
1269923,0.01
1270257,0.01
1270398,0.01
1270756,0.01
1271079,0.01
1271289,0.01
1271643,0.01
1271937,0.01
1272179,0.01
1272566,0.01
1272793,0.01
1273092,0.01
1273391,0.01
1273568,0.01
1273761,0.01
1273956,0.01
1274282,0.01
1274534,0.01
1274722,0.01
1274998,0.01
1275415,0.01
1275630,0.01
1275833,0.01
1276142,0.01
1276359,0.01
1276628,0.01
1276943,0.01
1277327,0.01
1277600,0.01
1277755,0.01
1278080,0.01
1278350,0.01
1278694,0.01
1278931,0.01
1279207,0.01
1279461,0.01
1279851,0.01
1280220,0.01
1280448,0.01
1280624,0.01
1281084,0.01
1281367,0.01
1281656,0.01
1281868,0.01
1282232,0.01
1282523,0.01
1282685,0.01
1283032,0.01
1283275,0.01
1283513,0.01
1283802,0.01
1283969,0.01
1284154,0.01
1284429,0.01
1284653,0.01
1284933,0.01
1285129,0.01
1285291,0.01
1285686,0.01
1286028,0.01
1286300,0.01
1286573,0.01
1286884,0.01
1287018,0.01
1287265,0.01
1287432,0.01
1287684,0.01
1287907,0.01
1288065,0.01
1288333,0.01
1288606,0.01
1288797,0.01
1288960,0.01
1289244,0.01
1289652,0.01
1289848,0.01
1290283,0.01
1290688,0.01
1290850,0.01
1291063,0.01
1291421,0.01
1291644,0.01
1292174,0.01
1292378,0.01
1292700,0.01
1292869,0.01
1293131,0.01
1293495,0.01
1293836,0.01
1294050,0.01
1294283,0.01
1294501,0.01
1294708,0.01
1295147,0.01
1295449,0.01
1295718,0.01
1296094,0.01
1296531,0.01
1296738,0.01
1297169,0.01
1297600,0.01
1297982,0.01
1298325,0.01
1298452,0.01
1298804,0.01
1299074,0.01
1299595,0.01
1300000,0.01
1300056,0.01
1300199,0.01
1300620,0.01
1300844,0.01
1301038,0.01
1301292,0.01
1301592,0.01
1301934,0.01
1302202,0.01
1302577,0.01
1302938,0.01
1303117,0.01
1303505,0.01
1303935,0.01
1304321,0.01
1304781,0.01
1305074,0.01
1305329,0.01
1305562,0.01
1305825,0.01
1306046,0.01
1306166,0.01
1306427,0.01
1306730,0.01
1307035,0.01
1307351,0.01
1307515,0.01
1307679,0.01
1308004,0.01
1308130,0.01
1308355,0.01
1308489,0.01
1308675,0.01
1309130,0.01
1309422,0.01
1309596,0.01
1309804,0.01
1310010,0.01
1310210,0.01
1310731,0.01
1310946,0.01
1311239,0.01
1311477,0.01
1311660,0.01
1311950,0.01
1312306,0.01
1312534,0.01
1312985,0.01
1313259,0.01
1313438,0.01
1313796,0.01
1314171,0.01
1314300,0.01
1314441,0.01
1314649,0.01
1314821,0.01
1315193,0.01
1315386,0.01
1315642,0.01
1315780,0.01
1316025,0.01
1316438,0.01
1316658,0.01
1316975,0.01
1317288,0.01
1317472,0.01
1317770,0.01
1318012,0.01
1318320,0.01
1318473,0.01
1318699,0.01
1318853,0.01
1319056,0.01
1319273,0.01
1319528,0.01
1319754,0.01
1320197,0.01
1320371,0.01
1320520,0.01
1320811,0.01
1320945,0.01
1321190,0.01
1321342,0.01
1321496,0.01
1321807,0.01
1322120,0.01
1322253,0.01
1322448,0.01
1322577,0.01
1322785,0.01
1323211,0.01
1323398,0.01
1323650,0.01
1323892,0.01
1324092,0.01
1324337,0.01
1324620,0.01
1324902,0.01
1325186,0.01
1325579,0.01
1325696,0.01
1325988,0.01
1326219,0.01
1326506,0.01
1326816,0.01
1327099,0.01
1327588,0.01
1327954,0.01
1328390,0.01
1328515,0.01
1328743,0.01
1328910,0.01
1329159,0.01
1329378,0.01
1329775,0.01
1330033,0.01
1330325,0.01
1330584,0.01
1330810,0.01
1331157,0.01
1331432,0.01
1331712,0.01
1331997,0.01
1332153,0.01
1332611,0.01
1332756,0.01
1332979,0.01
1333336,0.01
1333463,0.01
1333732,0.01
1333874,0.01
1334234,0.01
1334571,0.01
1334843,0.01
1335143,0.01
1335483,0.01
1335813,0.01
1336091,0.01
1336374,0.01
1336604,0.01
1336802,0.01
1337024,0.01
1337347,0.01
1337527,0.01
1337776,0.01
1338118,0.01
1338324,0.01
1338763,0.01
1339042,0.01
1339403,0.01
1339713,0.01
1340077,0.01
1340384,0.01
1340733,0.01
1340990,0.01
1341190,0.01
1341568,0.01
1341831,0.01
1342063,0.01
1342283,0.01
1342613,0.01
1342837,0.01
1343098,0.01
1343309,0.01
1343539,0.01
1343761,0.01
1344073,0.01
1344309,0.01
1344480,0.01
1344757,0.01
1344993,0.01
1345288,0.01
1345513,0.01
1345684,0.01
1345830,0.01
1346160,0.01
1346442,0.01
1346670,0.01
1346992,0.01
1347176,0.01
1347309,0.01
1347520,0.01
1347709,0.01
1348096,0.01
1348340,0.01
1348601,0.01
1349023,0.01
1349279,0.01
1349509,0.01
1349709,0.01
1349944,0.01
1350000,0.01
1350112,0.01
1350379,0.01
1350868,0.01
1351096,0.01
1351285,0.01
1351386,0.01
1351659,0.01
1351821,0.01
1352010,0.01
1352220,0.01
1352584,0.01
1352745,0.01
1353094,0.01
1353320,0.01
1353546,0.01
1353720,0.01
1353888,0.01
1354122,0.01
1354454,0.01
1354663,0.01
1354909,0.01
1355029,0.01
1355235,0.01
1355485,0.01
1355597,0.01
1355756,0.01
1356063,0.01
1356245,0.01
1356644,0.01
1356872,0.01
1357095,0.01
1357328,0.01
1357524,0.01
1357849,0.01
1358223,0.01
1358383,0.01
1358563,0.01
1358914,0.01
1359123,0.01
1359344,0.01
1359627,0.01
1359863,0.01
1360112,0.01
1360434,0.01
1360704,0.01
1360974,0.01
1361180,0.01
1361456,0.01
1361678,0.01
1361920,0.01
1362207,0.01
1362396,0.01
1362534,0.01
1362767,0.01
1363064,0.01
1363496,0.01
1363728,0.01
1364013,0.01
1364210,0.01
1364479,0.01
1364744,0.01
1365061,0.01
1365277,0.01
1365449,0.01
1365640,0.01
1365968,0.01
1366345,0.01
1366735,0.01
1366982,0.01
1367232,0.01
1367571,0.01
1367830,0.01
1368134,0.01
1368360,0.01
1368603,0.01
1368844,0.01
1369136,0.01
1369422,0.01
1369639,0.01
1369904,0.01
1370106,0.01
1370294,0.01
1370545,0.01
1370964,0.01
1371137,0.01
1371436,0.01
1371794,0.01
1371968,0.01
1372258,0.01
1372438,0.01
1372674,0.01
1372967,0.01
1373290,0.01
1373475,0.01
1373762,0.01
1374097,0.01
1374318,0.01
1374664,0.01
1374933,0.01
1375067,0.01
1375322,0.01
1375583,0.01
1375816,0.01
1376203,0.01
1376474,0.01
1376631,0.01
1377002,0.01
1377221,0.01
1377607,0.01
1377740,0.01
1377965,0.01
1378184,0.01
1378530,0.01
1378878,0.01
1379151,0.01
1379413,0.01
1379567,0.01
1379839,0.01
1380134,0.01
1380307,0.01
1380451,0.01
1380651,0.01
1381000,0.01
1381145,0.01
1381331,0.01
1381582,0.01
1381849,0.01
1382088,0.01
1382645,0.01
1382908,0.01
1383245,0.01
1383563,0.01
1383918,0.01
1384247,0.01
1384491,0.01
1384750,0.01
1384940,0.01
1385159,0.01
1385348,0.01
1385566,0.01
1385854,0.01
1386087,0.01
1386260,0.01
1386528,0.01
1386750,0.01
1386984,0.01
1387240,0.01
1387610,0.01
1387904,0.01
1388051,0.01
1388362,0.01
1388623,0.01
1388840,0.01
1389074,0.01
1389275,0.01
1389429,0.01
1389738,0.01
1389916,0.01
1390130,0.01
1390344,0.01
1390628,0.01
1390855,0.01
1391171,0.01
1391410,0.01
1391659,0.01
1391828,0.01
1392104,0.01
1392406,0.01
1392675,0.01
1392918,0.01
1393089,0.01
1393313,0.01
1393500,0.01
1393789,0.01
1394073,0.01
1394253,0.01
1394527,0.01
1394742,0.01
1394996,0.01
1395348,0.01
1395481,0.01
1395681,0.01
1396001,0.01
1396283,0.01
1396573,0.01
1396772,0.01
1397090,0.01
1397260,0.01
1397535,0.01
1397722,0.01
1398061,0.01
1398308,0.01
1398627,0.01
1398783,0.01
1398957,0.01
1399238,0.01
1399614,0.01
1399819,0.01
1399992,0.01
1400000,0.01
1400173,0.01
1400541,0.01
1400847,0.01
1400991,0.01
1401259,0.01
1401548,0.01
1401916,0.01
1402283,0.01
1402468,0.01
1402762,0.01
1403067,0.01
1403429,0.01
1403687,0.01
1403982,0.01
1404342,0.01
1404580,0.01
1404731,0.01
1404959,0.01
1405269,0.01
1405464,0.01
1405604,0.01
1405884,0.01
1406077,0.01
1406288,0.01
1406552,0.01
1406819,0.01
1407091,0.01
1407449,0.01
1407739,0.01
1407965,0.01
1408197,0.01
1408548,0.01
1408733,0.01
1409161,0.01
1409381,0.01
1409576,0.01
1409985,0.01
1410180,0.01
1410493,0.01
1410823,0.01
1411076,0.01
1411371,0.01
1411652,0.01
1412058,0.01
1412276,0.01
1412440,0.01
1412674,0.01
1413031,0.01
1413283,0.01
1413546,0.01
1413881,0.01
1414292,0.01
1414547,0.01
1414877,0.01
1415357,0.01
1415577,0.01
1415885,0.01
1416359,0.01
1416530,0.01
1416654,0.01
1416926,0.01
1417386,0.01
1417562,0.01
1417900,0.01
1418126,0.01
1418358,0.01
1418534,0.01
1418927,0.01
1419188,0.01
1419383,0.01
1419619,0.01
1419798,0.01
1420028,0.01
1420296,0.01
1420580,0.01
1420800,0.01
1421085,0.01
1421334,0.01
1421735,0.01
1422084,0.01
1422329,0.01
1422421,0.01
1422668,0.01
1422874,0.01
1423059,0.01
1423309,0.01
1423564,0.01
1423754,0.01
1423973,0.01
1424233,0.01
1424430,0.01
1424775,0.01
1424959,0.01
1425161,0.01
1425559,0.01
1425807,0.01
1426089,0.01
1426364,0.01
1426539,0.01
1426780,0.01
1427076,0.01
1427265,0.01
1427517,0.01
1427852,0.01
1428128,0.01
1428320,0.01
1428696,0.01
1429053,0.01
1429251,0.01
1429512,0.01
1429858,0.01
1430253,0.01
1430746,0.01
1431018,0.01
1431302,0.01
1431541,0.01
1431712,0.01
1432030,0.01
1432159,0.01
1432523,0.01
1432937,0.01
1433240,0.01
1433400,0.01
1433799,0.01
1434022,0.01
1434308,0.01
1434518,0.01
1434787,0.01
1434952,0.01
1435202,0.01
1435489,0.01
1435653,0.01
1435818,0.01
1436217,0.01
1436685,0.01
1436885,0.01
1437094,0.01
1437350,0.01
1437483,0.01
1437751,0.01
1438073,0.01
1438484,0.01
1438743,0.01
1438937,0.01
1439238,0.01
1439490,0.01
1439650,0.01
1440004,0.01
1440231,0.01
1440564,0.01
1440799,0.01
1441083,0.01
1441275,0.01
1441589,0.01
1441859,0.01
1442176,0.01
1442351,0.01
1442631,0.01
1442912,0.01
1443179,0.01
1443605,0.01
1443881,0.01
1444078,0.01
1444262,0.01
1444570,0.01
1444918,0.01
1445235,0.01
1445374,0.01
1445715,0.01
1446081,0.01
1446380,0.01
1446714,0.01
1446942,0.01
1447199,0.01
1447448,0.01
1447878,0.01
1448168,0.01
1448360,0.01
1448661,0.01
1449019,0.01
1449256,0.01
1449417,0.01
1449668,0.01
1449905,0.01
1450000,0.01
1450209,0.01
1450517,0.01
1450702,0.01
1450990,0.01
1451248,0.01
1451484,0.01
1451737,0.01
1451936,0.01
1452172,0.01
1452470,0.01
1452770,0.01
1452975,0.01
1453236,0.01
1453594,0.01
1453992,0.01
1454306,0.01
1454519,0.01
1454805,0.01
1455008,0.01
1455389,0.01
1455721,0.01
1456043,0.01
1456392,0.01
1456693,0.01
1456953,0.01
1457244,0.01
1457683,0.01
1458109,0.01
1458327,0.01
1458645,0.01
1458823,0.01
1459116,0.01
1459451,0.01
1459653,0.01
1459948,0.01
1460218,0.01
1460411,0.01
1460718,0.01
1460900,0.01
1461243,0.01
1461458,0.01
1461600,0.01
1461827,0.01
1462070,0.01
1462371,0.01
1462468,0.01
1462839,0.01
1463154,0.01
1463348,0.01
1463861,0.01
1464002,0.01
1464156,0.01
1464553,0.01
1464910,0.01
1465130,0.01
1465349,0.01
1465744,0.01
1465973,0.01
1466249,0.01
1466494,0.01
1466709,0.01
1466976,0.01
1467246,0.01
1467620,0.01
1467900,0.01
1468139,0.01
1468379,0.01
1468689,0.01
1468939,0.01
1469196,0.01
1469420,0.01
1469767,0.01
1469924,0.01
1470260,0.01
1470450,0.01
1470809,0.01
1471049,0.01
1471250,0.01
1471487,0.01
1471832,0.01
1472298,0.01
1472618,0.01
1472800,0.01
1473085,0.01
1473397,0.01
1473660,0.01
1473947,0.01
1474378,0.01
1474605,0.01
1474800,0.01
1475117,0.01
1475468,0.01
1475724,0.01
1476130,0.01
1476416,0.01
1476633,0.01
1476994,0.01
1477159,0.01
1477302,0.01
1477423,0.01
1477706,0.01
1477984,0.01
1478146,0.01
1478367,0.01
1478670,0.01
1478956,0.01
1479166,0.01
1479349,0.01
1479646,0.01
1479853,0.01
1480056,0.01
1480215,0.01
1480398,0.01
1480804,0.01
1481067,0.01
1481325,0.01
1481650,0.01
1481802,0.01
1482051,0.01
1482441,0.01
1482824,0.01
1483084,0.01
1483268,0.01
1483488,0.01
1483693,0.01
1484057,0.01
1484323,0.01
1484671,0.01
1484929,0.01
1485286,0.01
1485568,0.01
1485834,0.01
1486060,0.01
1486268,0.01
1486584,0.01
1486809,0.01
1487112,0.01
1487290,0.01
1487582,0.01
1487806,0.01
1488117,0.01
1488460,0.01
1488752,0.01
1488968,0.01
1489267,0.01
1489632,0.01
1489855,0.01
1490134,0.01
1490458,0.01
1490683,0.01
1490904,0.01
1491121,0.01
1491295,0.01
1491495,0.01
1492039,0.01
1492309,0.01
1492427,0.01
1492937,0.01
1493189,0.01
1493377,0.01
1493677,0.01
1493927,0.01
1494161,0.01
1494473,0.01
1494656,0.01
1494950,0.01
1495211,0.01
1495554,0.01
1495761,0.01
1496052,0.01
1496433,0.01
1496846,0.01
1497061,0.01
1497235,0.01
1497829,0.01
1497986,0.01
1498274,0.01
1498585,0.01
1498706,0.01
1498939,0.01
1499124,0.01
1499525,0.01
1499730,0.01
1499998,0.01
1500000,0.01
1500304,0.01
1500523,0.01
1500820,0.01
1501253,0.01
1501436,0.01
1501730,0.01
1501961,0.01
1502152,0.01
1502522,0.01
1502715,0.01
1503131,0.01
1503277,0.01
1503726,0.01
1503962,0.01
1504177,0.01
1504517,0.01
1505004,0.01
1505319,0.01
1505733,0.01
1505970,0.01
1506295,0.01
1506465,0.01
1506782,0.01
1506951,0.01
1507158,0.01
1507282,0.01
1507582,0.01
1507786,0.01
1508033,0.01
1508306,0.01
1508607,0.01
1508939,0.01
1509138,0.01
1509345,0.01
1509729,0.01
1509963,0.01
1510173,0.01
1510442,0.01
1510733,0.01
1511038,0.01
1511252,0.01
1511514,0.01
1511817,0.01
1512092,0.01
1512287,0.01
1512501,0.01
1512814,0.01
1512997,0.01
1513204,0.01
1513369,0.01
1513646,0.01
1513879,0.01
1514321,0.01
1514519,0.01
1514851,0.01
1515052,0.01
1515168,0.01
1515522,0.01
1515716,0.01
1516148,0.01
1516411,0.01
1516571,0.01
1516859,0.01
1517245,0.01
1517554,0.01
1517765,0.01
1518052,0.01
1518369,0.01
1518617,0.01
1519043,0.01
1519135,0.01
1519460,0.01
1519773,0.01
1519954,0.01
1520140,0.01
1520515,0.01
1520736,0.01
1520937,0.01
1521222,0.01
1521445,0.01
1521825,0.01
1522029,0.01
1522493,0.01
1522771,0.01
1523242,0.01
1523420,0.01
1523672,0.01
1523935,0.01
1524256,0.01
1524725,0.01
1524876,0.01
1525109,0.01
1525350,0.01
1525555,0.01
1525912,0.01
1526415,0.01
1526764,0.01
1526893,0.01
1527127,0.01
1527456,0.01
1527846,0.01
1528054,0.01
1528183,0.01
1528289,0.01
1528582,0.01
1528812,0.01
1529105,0.01
1529541,0.01
1529861,0.01
1530172,0.01
1530532,0.01
1530733,0.01
1531060,0.01
1531275,0.01
1531573,0.01
1531789,0.01
1532039,0.01
1532266,0.01
1532565,0.01
1532938,0.01
1533211,0.01
1533446,0.01
1533651,0.01
1534255,0.01
1534444,0.01
1534974,0.01
1535168,0.01
1535517,0.01
1535678,0.01
1535907,0.01
1536141,0.01
1536482,0.01
1536742,0.01
1537184,0.01
1537411,0.01
1537666,0.01
1537914,0.01
1538082,0.01
1538270,0.01
1538473,0.01
1538718,0.01
1539036,0.01
1539409,0.01
1539693,0.01
1539866,0.01
1540035,0.01
1540268,0.01
1540552,0.01
1540689,0.01
1540997,0.01
1541286,0.01
1541730,0.01
1541948,0.01
1542164,0.01
1542483,0.01
1542622,0.01
1542948,0.01
1543329,0.01
1543605,0.01
1543922,0.01
1544184,0.01
1544280,0.01
1544529,0.01
1544806,0.01
1544995,0.01
1545287,0.01
1545495,0.01
1545721,0.01
1546016,0.01
1546453,0.01
1546646,0.01
1546942,0.01
1547316,0.01
1547609,0.01
1548162,0.01
1548364,0.01
1548613,0.01
1548957,0.01
1549158,0.01
1549377,0.01
1549663,0.01
1549981,0.01
1550000,0.01
1550225,0.01
1550437,0.01
1550657,0.01
1551094,0.01
1551340,0.01
1551754,0.01
1552030,0.01
1552392,0.01
1552781,0.01
1553102,0.01
1553395,0.01
1553611,0.01
1554000,0.01
1554250,0.01
1554613,0.01
1554802,0.01
1555174,0.01
1555412,0.01
1555861,0.01
1556109,0.01
1556341,0.01
1556722,0.01
1557012,0.01
1557376,0.01
1557671,0.01
1557925,0.01
1558159,0.01
1558385,0.01
1558635,0.01
1558868,0.01
1559354,0.01
1559540,0.01
1559937,0.01
1560099,0.01
1560362,0.01
1560655,0.01
1560840,0.01
1561063,0.01
1561375,0.01
1561534,0.01
1561780,0.01
1561958,0.01
1562163,0.01
1562412,0.01
1562674,0.01
1562865,0.01
1563131,0.01
1563489,0.01
1563683,0.01
1563941,0.01
1564080,0.01
1564242,0.01
1564516,0.01
1564862,0.01
1565219,0.01
1565574,0.01
1565806,0.01
1565979,0.01
1566498,0.01
1566793,0.01
1567026,0.01
1567279,0.01
1567641,0.01
1567770,0.01
1567966,0.01
1568249,0.01
1568501,0.01
1568921,0.01
1569109,0.01
1569350,0.01
1569638,0.01
1569846,0.01
1570224,0.01
1570672,0.01
1570967,0.01
1571277,0.01
1571484,0.01
1571752,0.01
1572175,0.01
1572357,0.01
1572545,0.01
1572823,0.01
1573283,0.01
1573552,0.01
1573725,0.01
1573951,0.01
1574175,0.01
1574313,0.01
1574697,0.01
1574805,0.01
1575141,0.01
1575322,0.01
1575627,0.01
1575843,0.01
1576105,0.01
1576385,0.01
1576664,0.01
1576800,0.01
1577270,0.01
1577373,0.01
1577531,0.01
1577862,0.01
1577994,0.01
1578183,0.01
1578474,0.01
1578959,0.01
1579354,0.01
1579601,0.01
1579720,0.01
1579913,0.01
1580140,0.01
1580474,0.01
1580816,0.01
1581173,0.01
1581433,0.01
1581656,0.01
1581927,0.01
1582192,0.01
1582546,0.01
1582851,0.01
1583000,0.01
1583493,0.01
1583729,0.01
1583873,0.01
1584097,0.01
1584475,0.01
1584900,0.01
1585025,0.01
1585215,0.01
1585459,0.01
1585812,0.01
1586285,0.01
1586624,0.01
1586841,0.01
1587045,0.01
1587244,0.01
1587487,0.01
1587893,0.01
1588101,0.01
1588449,0.01
1588680,0.01
1588998,0.01
1589334,0.01
1589509,0.01
1589774,0.01
1590004,0.01
1590200,0.01
1590485,0.01
1590897,0.01
1591019,0.01
1591223,0.01
1591506,0.01
1591955,0.01
1592242,0.01
1592531,0.01
1592756,0.01
1592941,0.01
1593306,0.01
1593569,0.01
1593937,0.01
1594170,0.01
1594528,0.01
1594773,0.01
1594911,0.01
1595199,0.01
1595463,0.01
1595805,0.01
1596120,0.01
1596395,0.01
1596780,0.01
1596986,0.01
1597235,0.01
1597538,0.01
1597829,0.01
1598144,0.01
1598432,0.01
1598652,0.01
1599026,0.01
1599292,0.01
1599572,0.01
1599931,0.01
1600000,0.01
1600110,0.01
1600363,0.01
1600578,0.01
1600933,0.01
1601289,0.01
1601505,0.01
1601763,0.01
1602021,0.01
1602248,0.01
1602469,0.01
1602770,0.01
1603048,0.01
1603181,0.01
1603486,0.01
1603815,0.01
1604062,0.01
1604357,0.01
1604568,0.01
1604968,0.01
1605251,0.01
1605392,0.01
1605628,0.01
1605842,0.01
1606067,0.01
1606281,0.01
1606625,0.01
1607164,0.01
1607404,0.01
1607663,0.01
1607897,0.01
1608186,0.01
1608389,0.01
1608613,0.01
1608895,0.01
1609068,0.01
1609255,0.01
1609411,0.01
1609553,0.01
1609755,0.01
1609943,0.01
1610105,0.01
1610423,0.01
1610723,0.01
1610953,0.01
1611285,0.01
1611688,0.01
1611913,0.01
1612242,0.01
1612655,0.01
1612803,0.01
1613072,0.01
1613313,0.01
1613624,0.01
1613788,0.01
1614038,0.01
1614370,0.01
1614681,0.01
1614996,0.01
1615262,0.01
1615445,0.01
1615551,0.01
1615779,0.01
1616042,0.01
1616205,0.01
1616479,0.01
1616900,0.01
1617117,0.01
1617410,0.01
1617974,0.01
1618291,0.01
1618726,0.01
1618996,0.01
1619234,0.01
1619334,0.01
1619496,0.01
1619719,0.01
1620053,0.01
1620608,0.01
1620866,0.01
1621068,0.01
1621321,0.01
1621527,0.01
1621845,0.01
1622108,0.01
1622466,0.01
1622628,0.01
1622866,0.01
1623432,0.01
1623617,0.01
1623879,0.01
1624146,0.01
1624571,0.01
1624789,0.01
1625081,0.01
1625568,0.01
1625852,0.01
1626126,0.01
1626396,0.01
1626628,0.01
1626869,0.01
1627118,0.01
1627409,0.01
1627823,0.01
1628071,0.01
1628427,0.01
1628646,0.01
1628969,0.01
1629253,0.01
1629545,0.01
1629972,0.01
1630237,0.01
1630638,0.01
1630823,0.01
1631308,0.01
1631563,0.01
1631911,0.01
1632232,0.01
1632414,0.01
1632697,0.01
1633025,0.01
1633223,0.01
1633520,0.01
1633802,0.01
1634102,0.01
1634324,0.01
1634563,0.01
1634798,0.01
1634968,0.01
1635209,0.01
1635438,0.01
1635665,0.01
1635997,0.01
1636218,0.01
1636353,0.01
1636626,0.01
1636943,0.01
1637299,0.01
1637557,0.01
1637783,0.01
1638034,0.01
1638454,0.01
1638745,0.01
1638910,0.01
1639119,0.01
1639327,0.01
1639523,0.01
1639729,0.01
1640034,0.01
1640235,0.01
1640473,0.01
1640636,0.01
1640887,0.01
1641163,0.01
1641551,0.01
1641870,0.01
1642331,0.01
1642542,0.01
1642874,0.01
1643108,0.01
1643356,0.01
1643592,0.01
1643866,0.01
1644053,0.01
1644528,0.01
1644792,0.01
1644968,0.01
1645264,0.01
1645573,0.01
1646043,0.01
1646203,0.01
1646560,0.01
1646682,0.01
1646876,0.01
1647115,0.01
1647334,0.01
1647604,0.01
1648075,0.01
1648184,0.01
1648492,0.01
1648833,0.01
1649028,0.01
1649245,0.01
1649451,0.01
1649843,0.01
1650000,0.01
1650118,0.01
1650254,0.01
1650377,0.01
1650605,0.01
1650953,0.01
1651136,0.01
1651782,0.01
1651939,0.01
1652404,0.01
1652857,0.01
1653109,0.01
1653358,0.01
1653605,0.01
1653836,0.01
1654119,0.01
1654361,0.01
1654611,0.01
1654988,0.01
1655209,0.01
1655808,0.01
1656082,0.01
1656279,0.01
1656790,0.01
1657144,0.01
1657483,0.01
1657748,0.01
1657911,0.01
1658229,0.01
1658498,0.01
1658737,0.01
1658948,0.01
1659285,0.01
1659512,0.01
1659627,0.01
1659781,0.01
1659978,0.01
1660376,0.01
1660647,0.01
1661006,0.01
1661302,0.01
1661529,0.01
1661811,0.01
1662042,0.01
1662286,0.01
1662507,0.01
1662848,0.01
1663138,0.01
1663427,0.01
1663808,0.01
1664034,0.01
1664203,0.01
1664457,0.01
1664643,0.01
1664967,0.01
1665198,0.01
1665630,0.01
1665713,0.01
1665891,0.01
1666230,0.01
1666441,0.01
1666630,0.01
1666721,0.01
1666887,0.01
1666977,0.01
1667154,0.01
1667476,0.01
1667543,0.01
1667675,0.01
1667931,0.01
1668113,0.01
1668567,0.01
1668703,0.01
1668958,0.01
1669187,0.01
1669284,0.01
1669627,0.01
1669910,0.01
1670124,0.01
1670363,0.01
1670540,0.01
1670779,0.01
1671108,0.01
1671312,0.01
1671521,0.01
1671737,0.01
1671980,0.01
1672203,0.01
1672501,0.01
1672756,0.01
1672877,0.01
1673356,0.01
1673537,0.01
1673763,0.01
1673892,0.01
1674339,0.01
1674669,0.01
1675002,0.01
1675278,0.01
1675511,0.01
1675724,0.01
1676151,0.01
1676438,0.01
1676680,0.01
1676994,0.01
1677210,0.01
1677472,0.01
1677715,0.01
1677975,0.01
1678202,0.01
1678424,0.01
1678769,0.01
1678966,0.01
1679239,0.01
1679730,0.01
1679894,0.01
1680208,0.01
1680518,0.01
1680631,0.01
1680926,0.01
1681250,0.01
1681439,0.01
1681779,0.01
1682034,0.01
1682375,0.01
1682674,0.01
1682994,0.01
1683275,0.01
1683498,0.01
1683784,0.01
1683949,0.01
1684273,0.01
1684552,0.01
1684750,0.01
1684982,0.01
1685271,0.01
1685449,0.01
1685582,0.01
1685892,0.01
1686201,0.01
1686476,0.01
1686654,0.01
1686855,0.01
1687067,0.01
1687329,0.01
1687772,0.01
1687908,0.01
1688181,0.01
1688354,0.01
1688582,0.01
1688909,0.01
1689151,0.01
1689331,0.01
1689581,0.01
1690074,0.01
1690286,0.01
1690562,0.01
1690779,0.01
1691033,0.01
1691394,0.01
1691681,0.01
1692211,0.01
1692448,0.01
1692720,0.01
1692965,0.01
1693170,0.01
1693454,0.01
1693734,0.01
1694053,0.01
1694381,0.01
1694629,0.01
1694919,0.01
1695156,0.01
1695467,0.01
1695761,0.01
1695907,0.01
1696011,0.01
1696440,0.01
1696681,0.01
1696908,0.01
1697179,0.01
1697549,0.01
1697863,0.01
1698120,0.01
1698360,0.01
1698617,0.01
1698827,0.01
1699029,0.01
1699373,0.01
1699611,0.01
1699917,0.01
1700000,0.01
1700095,0.01
1700334,0.01
1700564,0.01
1700798,0.01
1701017,0.01
1701306,0.01
1701484,0.01
1701718,0.01
1702052,0.01
1702392,0.01
1702638,0.01
1703012,0.01
1703139,0.01
1703374,0.01
1703508,0.01
1703730,0.01
1704054,0.01
1704426,0.01
1704657,0.01
1705050,0.01
1705244,0.01
1705528,0.01
1705830,0.01
1706155,0.01
1706355,0.01
1706659,0.01
1706957,0.01
1707305,0.01
1707538,0.01
1707851,0.01
1708078,0.01
1708431,0.01
1708644,0.01
1708847,0.01
1709043,0.01
1709346,0.01
1709596,0.01
1709728,0.01
1709984,0.01
1710328,0.01
1710552,0.01
1710727,0.01
1711007,0.01
1711227,0.01
1711551,0.01
1711927,0.01
1712282,0.01
1712533,0.01
1712920,0.01
1713157,0.01
1713418,0.01
1713649,0.01
1713940,0.01
1714213,0.01
1714569,0.01
1715042,0.01
1715437,0.01
1715683,0.01
1715838,0.01
1716070,0.01
1716522,0.01
1716816,0.01
1716986,0.01
1717262,0.01
1717472,0.01
1717765,0.01
1717955,0.01
1718196,0.01
1718437,0.01
1718699,0.01
1719212,0.01
1719422,0.01
1719575,0.01
1719885,0.01
1720106,0.01
1720364,0.01
1720588,0.01
1721109,0.01
1721347,0.01
1721540,0.01
1721819,0.01
1722164,0.01
1722382,0.01
1722653,0.01
1722887,0.01
1723186,0.01
1723463,0.01
1723654,0.01
1723881,0.01
1724043,0.01
1724329,0.01
1724502,0.01
1724674,0.01
1725148,0.01
1725396,0.01
1725740,0.01
1725952,0.01
1726375,0.01
1726613,0.01
1727069,0.01
1727533,0.01
1727783,0.01
1728070,0.01
1728471,0.01
1728740,0.01
1729073,0.01
1729245,0.01
1729483,0.01
1729741,0.01
1730020,0.01
1730320,0.01
1730523,0.01
1730903,0.01
1731103,0.01
1731444,0.01
1731681,0.01
1732092,0.01
1732482,0.01
1732851,0.01
1733061,0.01
1733281,0.01
1733576,0.01
1734055,0.01
1734262,0.01
1734544,0.01
1735198,0.01
1735335,0.01
1735608,0.01
1735867,0.01
1736017,0.01
1736174,0.01
1736450,0.01
1736724,0.01
1736974,0.01
1737331,0.01
1737643,0.01
1737957,0.01
1738265,0.01
1738517,0.01
1738705,0.01
1739056,0.01
1739303,0.01
1739453,0.01
1739793,0.01
1740044,0.01
1740274,0.01
1740498,0.01
1740866,0.01
1741217,0.01
1741664,0.01
1741893,0.01
1742224,0.01
1742433,0.01
1742650,0.01
1742944,0.01
1743214,0.01
1743622,0.01
1743841,0.01
1744394,0.01
1744674,0.01
1744912,0.01
1745171,0.01
1745507,0.01
1745826,0.01
1746246,0.01
1746541,0.01
1746851,0.01
1747092,0.01
1747316,0.01
1747705,0.01
1747922,0.01
1748166,0.01
1748579,0.01
1748761,0.01
1748924,0.01
1749100,0.01
1749524,0.01
1749711,0.01
1749911,0.01
1750000,0.01
1750172,0.01
1750555,0.01
1750832,0.01
1751130,0.01
1751343,0.01
1751486,0.01
1751663,0.01
1751893,0.01
1752318,0.01
1752694,0.01
1752964,0.01
1753286,0.01
1753648,0.01
1753950,0.01
1754163,0.01
1754512,0.01
1754835,0.01
1755081,0.01
1755525,0.01
1755773,0.01
1756043,0.01
1756419,0.01
1756809,0.01
1757082,0.01
1757340,0.01
1757646,0.01
1757900,0.01
1758289,0.01
1758610,0.01
1758733,0.01
1758935,0.01
1759117,0.01
1759266,0.01
1759624,0.01
1759922,0.01
1760053,0.01
1760372,0.01
1760610,0.01
1760983,0.01
1761280,0.01
1761634,0.01
1762023,0.01
1762274,0.01
1762460,0.01
1762772,0.01
1763025,0.01
1763251,0.01
1763516,0.01
1763724,0.01
1764162,0.01
1764294,0.01
1764716,0.01
1764956,0.01
1765240,0.01
1765543,0.01
1765785,0.01
1765969,0.01
1766304,0.01
1766570,0.01
1766725,0.01
1766947,0.01
1767119,0.01
1767344,0.01
1767603,0.01
1767747,0.01
1768323,0.01
1768574,0.01
1768842,0.01
1769102,0.01
1769388,0.01
1769626,0.01
1769910,0.01
1770142,0.01
1770554,0.01
1770664,0.01
1771088,0.01
1771650,0.01
1771958,0.01
1772172,0.01
1772626,0.01
1773015,0.01
1773269,0.01
1773492,0.01
1773789,0.01
1774057,0.01
1774267,0.01
1774519,0.01
1774796,0.01
1775132,0.01
1775437,0.01
1775686,0.01
1776022,0.01
1776425,0.01
1776590,0.01
1777038,0.01
1777389,0.01
1777589,0.01
1777819,0.01
1778230,0.01
1778465,0.01
1778884,0.01
1779158,0.01
1779645,0.01
1779910,0.01
1780112,0.01
1780285,0.01
1780560,0.01
1780927,0.01
1781181,0.01
1781438,0.01
1781653,0.01
1781951,0.01
1782147,0.01
1782500,0.01
1782814,0.01
1782932,0.01
1783255,0.01
1783638,0.01
1784058,0.01
1784392,0.01
1784704,0.01
1784971,0.01
1785303,0.01
1785618,0.01
1785912,0.01
1786219,0.01
1786425,0.01
1786727,0.01
1786844,0.01
1787120,0.01
1787461,0.01
1787753,0.01
1788049,0.01
1788220,0.01
1788672,0.01
1788911,0.01
1789173,0.01
1789618,0.01
1789824,0.01
1790065,0.01
1790335,0.01
1790553,0.01
1790883,0.01
1791054,0.01
1791305,0.01
1791717,0.01
1792030,0.01
1792309,0.01
1792636,0.01
1792843,0.01
1793139,0.01
1793487,0.01
1793745,0.01
1793959,0.01
1794158,0.01
1794561,0.01
1794875,0.01
1795078,0.01
1795375,0.01
1795743,0.01
1795911,0.01
1796143,0.01
1796447,0.01
1796685,0.01
1797023,0.01
1797290,0.01
1797548,0.01
1797856,0.01
1798143,0.01
1798360,0.01
1798654,0.01
1798790,0.01
1799052,0.01
1799310,0.01
1799584,0.01
1799980,0.01
1800000,0.01
1800405,0.01
1800648,0.01
1801097,0.01
1801354,0.01
1801618,0.01
1801857,0.01
1802275,0.01
1802532,0.01
1802725,0.01
1802929,0.01
1803178,0.01
1803634,0.01
1803911,0.01
1804209,0.01
1804475,0.01
1804688,0.01
1805113,0.01
1805337,0.01
1805679,0.01
1805966,0.01
1806280,0.01
1806836,0.01
1807245,0.01
1807530,0.01
1807905,0.01
1808118,0.01
1808385,0.01
1808694,0.01
1808958,0.01
1809137,0.01
1809478,0.01
1809699,0.01
1810099,0.01
1810386,0.01
1810627,0.01
1810989,0.01
1811151,0.01
1811521,0.01
1811888,0.01
1812129,0.01
1812591,0.01
1812850,0.01
1813294,0.01
1813417,0.01
1813927,0.01
1814082,0.01
1814337,0.01
1814642,0.01
1814905,0.01
1815180,0.01
1815355,0.01
1815519,0.01
1815826,0.01
1816050,0.01
1816538,0.01
1816969,0.01
1817367,0.01
1817798,0.01
1818158,0.01
1818348,0.01
1818579,0.01
1818903,0.01
1819282,0.01
1819506,0.01
1819732,0.01
1820166,0.01
1820365,0.01
1820608,0.01
1820936,0.01
1821252,0.01
1821460,0.01
1821680,0.01
1821998,0.01
1822374,0.01
1822714,0.01
1822796,0.01
1823249,0.01
1823459,0.01
1823646,0.01
1823891,0.01
1824104,0.01
1824233,0.01
1824753,0.01
1824962,0.01
1825202,0.01
1825480,0.01
1825834,0.01
1826051,0.01
1826364,0.01
1826772,0.01
1827111,0.01
1827335,0.01
1827574,0.01
1827923,0.01
1828272,0.01
1828483,0.01
1828801,0.01
1829151,0.01
1829462,0.01
1829775,0.01
1829947,0.01
1830331,0.01
1830595,0.01
1830826,0.01
1831140,0.01
1831368,0.01
1831603,0.01
1831932,0.01
1832138,0.01
1832441,0.01
1832802,0.01
1833185,0.01
1833521,0.01
1833690,0.01
1834051,0.01
1834275,0.01
1834498,0.01
1834967,0.01
1835200,0.01
1835609,0.01
1835905,0.01
1836095,0.01
1836399,0.01
1836811,0.01
1837017,0.01
1837286,0.01
1837711,0.01
1837864,0.01
1838103,0.01
1838376,0.01
1838740,0.01
1838953,0.01
1839291,0.01
1839479,0.01
1839730,0.01
1840055,0.01
1840329,0.01
1840620,0.01
1841027,0.01
1841265,0.01
1841566,0.01
1841894,0.01
1842147,0.01
1842345,0.01
1842521,0.01
1842995,0.01
1843327,0.01
1843592,0.01
1844068,0.01
1844364,0.01
1844512,0.01
1844705,0.01
1845057,0.01
1845223,0.01
1845525,0.01
1846039,0.01
1846185,0.01
1846752,0.01
1847055,0.01
1847498,0.01
1847781,0.01
1848277,0.01
1848630,0.01
1849162,0.01
1849567,0.01
1849785,0.01
1850000,0.01
1850144,0.01
1850363,0.01
1850509,0.01
1850795,0.01
1851049,0.01
1851348,0.01
1851649,0.01
1851934,0.01
1852143,0.01
1852525,0.01
1852862,0.01
1853074,0.01
1853492,0.01
1853746,0.01
1854155,0.01
1854412,0.01
1854654,0.01
1854924,0.01
1855273,0.01
1855595,0.01
1855986,0.01
1856222,0.01
1856515,0.01
1856676,0.01
1856888,0.01
1857090,0.01
1857252,0.01
1857521,0.01
1857954,0.01
1858288,0.01
1858518,0.01
1858977,0.01
1859365,0.01
1859550,0.01
1859924,0.01
1860128,0.01
1860505,0.01
1860807,0.01
1861027,0.01
1861535,0.01
1861768,0.01
1862248,0.01
1862492,0.01
1862703,0.01
1862862,0.01
1863285,0.01
1863452,0.01
1863716,0.01
1863905,0.01
1864314,0.01
1864766,0.01
1865040,0.01
1865312,0.01
1865608,0.01
1865949,0.01
1866312,0.01
1866515,0.01
1866816,0.01
1866970,0.01
1867404,0.01
1867706,0.01
1867915,0.01
1868166,0.01
1868694,0.01
1868960,0.01
1869172,0.01
1869782,0.01
1870055,0.01
1870310,0.01
1870545,0.01
1870899,0.01
1871107,0.01
1871318,0.01
1871570,0.01
1871758,0.01
1871954,0.01
1872259,0.01
1872526,0.01
1872928,0.01
1873434,0.01
1873747,0.01
1874078,0.01
1874424,0.01
1874577,0.01
1874992,0.01
1875507,0.01
1875664,0.01
1876028,0.01
1876342,0.01
1876496,0.01
1876726,0.01
1876944,0.01
1877183,0.01
1877482,0.01
1877746,0.01
1877926,0.01
1878161,0.01
1878368,0.01
1878574,0.01
1878974,0.01
1879383,0.01
1879599,0.01
1879791,0.01
1880000,0.01
1880359,0.01
1880734,0.01
1880909,0.01
1881233,0.01
1881575,0.01
1881822,0.01
1882107,0.01
1882382,0.01
1882841,0.01
1883281,0.01
1883465,0.01
1883640,0.01
1883893,0.01
1884253,0.01
1884683,0.01
1884980,0.01
1885361,0.01
1885726,0.01
1886014,0.01
1886295,0.01
1886491,0.01
1886762,0.01
1887026,0.01
1887264,0.01
1887753,0.01
1888047,0.01
1888200,0.01
1888607,0.01
1888984,0.01
1889214,0.01
1889456,0.01
1889636,0.01
1889913,0.01
1890123,0.01
1890376,0.01
1890764,0.01
1891065,0.01
1891438,0.01
1891608,0.01
1891959,0.01
1892144,0.01
1892611,0.01
1892979,0.01
1893127,0.01
1893484,0.01
1894002,0.01
1894215,0.01
1894402,0.01
1894818,0.01
1895101,0.01
1895304,0.01
1895496,0.01
1895847,0.01
1896090,0.01
1896404,0.01
1896755,0.01
1897234,0.01
1897570,0.01
1897693,0.01
1898065,0.01
1898291,0.01
1898456,0.01
1898670,0.01
1898938,0.01
1899404,0.01
1899611,0.01
1899828,0.01
1900000,0.01
1900337,0.01
1900562,0.01
1900805,0.01
1901055,0.01
1901258,0.01
1901724,0.01
1901981,0.01
1902282,0.01
1902612,0.01
1902875,0.01
1903037,0.01
1903561,0.01
1904004,0.01
1904222,0.01
1904729,0.01
1904978,0.01
1905477,0.01
1905747,0.01
1905926,0.01
1906105,0.01
1906459,0.01
1906884,0.01
1907030,0.01
1907408,0.01
1907745,0.01
1907953,0.01
1908365,0.01
1908710,0.01
1908952,0.01
1909130,0.01
1909533,0.01
1909836,0.01
1910141,0.01
1910415,0.01
1910711,0.01
1910985,0.01
1911168,0.01
1911440,0.01
1911633,0.01
1911841,0.01
1912242,0.01
1912376,0.01
1912635,0.01
1913169,0.01
1913538,0.01
1913794,0.01
1914081,0.01
1914200,0.01
1914630,0.01
1914986,0.01
1915223,0.01
1915653,0.01
1915833,0.01
1916243,0.01
1916406,0.01
1916669,0.01
1916834,0.01
1917150,0.01
1917352,0.01
1917641,0.01
1917925,0.01
1918210,0.01
1918398,0.01
1918892,0.01
1919357,0.01
1919604,0.01
1920042,0.01
1920349,0.01
1920699,0.01
1920942,0.01
1921136,0.01
1921401,0.01
1921812,0.01
1922215,0.01
1922465,0.01
1922581,0.01
1922834,0.01
1923107,0.01
1923383,0.01
1923708,0.01
1923896,0.01
1924266,0.01
1924570,0.01
1924828,0.01
1925071,0.01
1925513,0.01
1925805,0.01
1925985,0.01
1926139,0.01
1926546,0.01
1926785,0.01
1927034,0.01
1927386,0.01
1927629,0.01
1927848,0.01
1928037,0.01
1928298,0.01
1928577,0.01
1928716,0.01
1929259,0.01
1929724,0.01
1929897,0.01
1930229,0.01
1930476,0.01
1930686,0.01
1930852,0.01
1931054,0.01
1931262,0.01
1931582,0.01
1931914,0.01
1932183,0.01
1932351,0.01
1932628,0.01
1932953,0.01
1933224,0.01
1933400,0.01
1933719,0.01
1933948,0.01
1934336,0.01
1934629,0.01
1934822,0.01
1935027,0.01
1935284,0.01
1935656,0.01
1935845,0.01
1936168,0.01
1936421,0.01
1936749,0.01
1936952,0.01
1937162,0.01
1937487,0.01
1937755,0.01
1938011,0.01
1938162,0.01
1938494,0.01
1938694,0.01
1939045,0.01
1939345,0.01
1939682,0.01
1940053,0.01
1940281,0.01
1940549,0.01
1940813,0.01
1941064,0.01
1941335,0.01
1941578,0.01
1941734,0.01
1941846,0.01
1942123,0.01
1942501,0.01
1942759,0.01
1942981,0.01
1943180,0.01
1943359,0.01
1943519,0.01
1943828,0.01
1944063,0.01
1944204,0.01
1944709,0.01
1944995,0.01
1945377,0.01
1945813,0.01
1946112,0.01
1946489,0.01
1946794,0.01
1947032,0.01
1947205,0.01
1947466,0.01
1947733,0.01
1947890,0.01
1948405,0.01
1948679,0.01
1948956,0.01
1949084,0.01
1949271,0.01
1949681,0.01
1950000,0.01
1950296,0.01
1950428,0.01
1950595,0.01
1950814,0.01
1951045,0.01
1951476,0.01
1951977,0.01
1952355,0.01
1952597,0.01
1953024,0.01
1953246,0.01
1953588,0.01
1953824,0.01
1954260,0.01
1954420,0.01
1954673,0.01
1955146,0.01
1955636,0.01
1955976,0.01
1956107,0.01
1956403,0.01
1956879,0.01
1957270,0.01
1957425,0.01
1957738,0.01
1957912,0.01
1958130,0.01
1958289,0.01
1958543,0.01
1958793,0.01
1958920,0.01
1959245,0.01
1959741,0.01
1960067,0.01
1960585,0.01
1960821,0.01
1961240,0.01
1961455,0.01
1961813,0.01
1962038,0.01
1962284,0.01
1962502,0.01
1962690,0.01
1963013,0.01
1963273,0.01
1963683,0.01
1963926,0.01
1964521,0.01
1964848,0.01
1965215,0.01
1965412,0.01
1965812,0.01
1966014,0.01
1966230,0.01
1966432,0.01
1966813,0.01
1967227,0.01
1967722,0.01
1967919,0.01
1968255,0.01
1968540,0.01
1968870,0.01
1969248,0.01
1969699,0.01
1969919,0.01
1970285,0.01
1970619,0.01
1970795,0.01
1971202,0.01
1971458,0.01
1971771,0.01
1971960,0.01
1972214,0.01
1972413,0.01
1972804,0.01
1973044,0.01
1973262,0.01
1973486,0.01
1973655,0.01
1974039,0.01
1974265,0.01
1974488,0.01
1974963,0.01
1975405,0.01
1975713,0.01
1975941,0.01
1976306,0.01
1976721,0.01
1976934,0.01
1977561,0.01
1977669,0.01
1977940,0.01
1978071,0.01
1978375,0.01
1978541,0.01
1978847,0.01
1979169,0.01
1979544,0.01
1979821,0.01
1980062,0.01
1980380,0.01
1980541,0.01
1980712,0.01
1980975,0.01
1981279,0.01
1981429,0.01
1981674,0.01
1982013,0.01
1982192,0.01
1982592,0.01
1982847,0.01
1983090,0.01
1983321,0.01
1983614,0.01
1983846,0.01
1984196,0.01
1984475,0.01
1984671,0.01
1984931,0.01
1985062,0.01
1985316,0.01
1985573,0.01
1985929,0.01
1986162,0.01
1986494,0.01
1986929,0.01
1987142,0.01
1987327,0.01
1987501,0.01
1987649,0.01
1987892,0.01
1988218,0.01
1988624,0.01
1988867,0.01
1989086,0.01
1989258,0.01
1989507,0.01
1989795,0.01
1989969,0.01
1990375,0.01
1990578,0.01
1990854,0.01
1991127,0.01
1991494,0.01
1991667,0.01
1991998,0.01
1992473,0.01
1992879,0.01
1993160,0.01
1993616,0.01
1993966,0.01
1994330,0.01
1994659,0.01
1994857,0.01
1995139,0.01
1995417,0.01
1995649,0.01
1995966,0.01
1996339,0.01
1996575,0.01
1996885,0.01
1997107,0.01
1997377,0.01
1997538,0.01
1998174,0.01
1998480,0.01
1998595,0.01
1998834,0.01
1999217,0.01
1999471,0.01
1999884,0.01
2000000,0.01
