pasos,ep_rew_mean
216,220.0
386,187.5
545,137.5
691,124.0
990,135.833
1122,146.875
1251,136.667
1438,138.5
1582,136.25
1756,129.231
1889,137.143
2012,127.5
2219,135.588
2370,132.222
2513,124.0
2627,121.667
2757,117.727
2942,132.917
3083,134.0
3223,132.308
3386,132.679
3638,137.414
3764,137.5
3872,131.094
4172,133.636
4385,139.412
4531,136.389
4758,139.189
4905,137.763
5096,139.625
5288,140.122
5405,142.262
5560,139.545
5710,140.667
5901,138.37
6049,138.438
6179,136.429
6327,135.3
6484,136.538
6708,138.019
6857,137.13
7128,138.304
7332,136.579
7462,139.052
7624,139.25
7758,137.869
7932,140.645
8091,139.531
8211,138.154
8339,137.348
8414,134.485
8538,134.348
8686,134.071
8880,134.097
9088,134.795
9209,133.851
9399,134.013
9489,132.662
9682,132.372
9904,132.625
9995,131.728
10127,131.585
10260,130.298
10446,130.0
10585,130.058
10701,129.375
10821,129.326
10931,128.611
11071,127.174
11183,126.452
11285,125.532
11361,125.104
11565,126.031
11668,125.561
11845,125.1
11968,124.45
12077,123.25
12211,123.65
12420,123.65
12626,125.35
12787,125.85
12951,125.4
13166,126.6
13302,126.5
13428,126.25
13545,124.5
13726,125.95
13920,125.15
14041,125.95
14160,126.15
14337,127.0
14447,127.3
14734,124.3
14949,124.2
15126,124.65
15277,127.2
15431,125.6
15599,124.75
15809,129.7
15997,129.5
16136,127.3
16329,128.9
16453,127.75
16573,128.05
16667,125.4
16803,124.7
16952,123.55
17195,125.0
17284,124.15
17416,124.9
17574,124.45
17738,125.25
17980,129.05
18137,128.05
18221,126.4
18347,126.3
18482,123.75
18651,123.7
18853,125.6
18957,124.4
19128,125.55
19219,122.85
19398,123.15
19551,124.15
19716,124.3
19869,127.15
20000,126.4
20079,125.45
20166,124.45
20289,123.45
20461,123.85
20529,122.35
20722,122.4
20813,121.8
20925,120.4
21006,120.4
21127,120.0
21281,121.2
21544,122.8
21699,124.0
21813,123.25
21946,123.05
22070,123.95
22387,127.55
22554,127.95
22677,128.05
22811,127.25
22989,126.45
23148,128.2
23317,128.15
23496,127.15
23698,129.15
23809,128.05
24056,130.5
24200,128.0
24389,125.95
24610,127.55
24790,126.55
24880,125.85
25037,126.6
25206,129.8
25382,132.3
25594,133.35
25703,131.95
25930,134.2
26061,134.5
26341,135.6
26463,134.45
26585,134.0
26783,131.3
26927,130.65
27046,129.9
27218,132.6
27415,130.05
27606,129.5
27815,130.1
27927,129.2
28088,128.9
28261,131.85
28425,132.5
28570,132.95
28769,136.3
28876,135.25
29013,135.4
29233,135.55
29340,134.85
29616,140.55
29782,137.2
29960,140.3
30186,139.85
30344,144.6
30522,145.55
30634,145.55
30930,144.2
31266,149.0
31464,150.75
31561,150.5
31656,149.05
31737,147.75
31856,146.55
31978,145.5
32101,146.3
32249,146.15
32358,146.15
32546,146.35
32734,146.45
32852,146.95
33126,152.55
33214,152.35
33388,152.1
33609,153.7
33777,154.65
34004,156.35
34163,154.25
34355,157.7
34509,157.55
34691,157.7
34807,155.75
34991,155.75
35175,155.85
35343,156.65
35460,157.3
35579,154.9
35769,155.35
35890,156.3
36029,154.9
36196,155.9
36302,155.4
36480,152.85
36578,153.1
36829,154.5
36980,153.15
37224,154.75
37393,153.95
37665,153.6
37805,151.5
37884,150.05
38111,149.65
38211,147.45
38305,147.35
38470,145.55
38663,146.25
38888,146.1
39030,147.0
39260,147.7
39374,148.9
39489,146.6
39585,145.85
39747,144.4
39844,144.35
39995,143.75
40172,144.35
40372,141.75
40617,142.5
40873,146.85
40955,147.5
41108,143.0
41305,144.4
41438,143.95
41671,146.35
41753,147.05
41930,142.25
42108,143.25
42281,140.3
42485,138.65
42663,138.25
42836,137.85
42936,138.25
43040,135.35
43216,131.2
43401,130.85
43537,131.25
43828,133.4
44041,137.75
44188,137.15
44482,138.35
44571,139.95
44654,139.55
44785,140.4
44968,141.1
45172,142.45
45312,142.6
45412,137.35
45707,139.4
45892,142.2
46139,146.65
46261,146.35
46456,143.4
46672,143.9
46816,140.85
46994,141.15
47185,141.75
47286,141.8
47462,139.7
47713,142.05
47922,143.85
48058,142.85
48282,144.35
48412,144.1
48561,142.7
48661,142.15
48884,145.65
49090,147.05
49258,148.6
49339,148.05
49587,148.5
49808,151.2
49926,149.6
50073,149.9
50193,147.65
50324,147.65
50457,146.6
50631,147.7
50758,148.25
50896,149.0
51033,148.0
51136,147.3
51282,146.45
51391,145.8
51476,144.0
51594,142.65
51810,145.25
51910,145.5
52080,145.3
52206,145.05
52448,147.6
52658,147.5
52765,147.55
52890,146.75
53098,142.25
53329,146.05
53460,146.2
53631,145.15
53782,146.5
53982,142.7
54125,144.7
54251,142.85
54360,141.1
54473,139.25
54599,138.8
54703,138.3
54943,138.8
55083,140.3
55184,141.1
55286,138.8
55480,139.4
55588,139.05
55712,135.75
55913,134.45
56056,136.1
56237,134.15
56401,137.65
56554,137.7
56812,139.35
56962,138.1
57081,136.9
57257,136.0
57393,136.9
57619,134.3
57812,135.35
57922,131.15
58028,130.05
58157,129.95
58289,128.6
58406,128.35
58555,126.65
58746,128.15
58875,128.7
59047,129.9
59211,129.35
59352,127.3
59533,128.7
59686,127.75
59823,128.55
60025,130.4
60200,133.25
60358,129.85
60502,129.2
60693,128.6
60784,128.15
60924,125.75
61060,122.75
61243,122.9
61382,122.9
61506,124.0
61600,123.85
61840,125.7
61989,124.3
62106,124.4
62187,123.45
62508,127.6
62722,131.95
62876,133.25
63028,133.2
63093,133.05
63245,133.75
63345,131.6
63495,131.75
63686,132.55
63789,132.5
63936,129.65
64103,129.05
64303,130.3
64423,129.8
64671,130.45
64827,127.35
64988,127.6
65369,130.85
65461,130.05
65539,130.25
65792,133.35
65921,134.3
66053,134.1
66258,137.15
66393,136.65
66480,136.7
66646,136.4
66754,135.2
67051,135.35
67184,140.65
67348,141.05
67605,142.2
67815,145.8
67989,144.7
68108,144.25
68329,145.0
68449,141.2
68662,144.3
68835,143.15
68922,142.65
69099,142.75
69175,142.7
69327,142.55
69542,144.1
69661,141.7
69798,141.15
69893,141.55
70031,140.9
70125,140.3
70308,140.55
70558,145.65
70660,144.7
70783,143.85
70925,141.95
71083,141.25
71339,145.0
71507,145.1
71724,148.25
71947,147.85
72084,149.05
72297,146.1
72385,148.15
72510,148.15
72647,147.45
72772,148.05
72940,147.6
73218,149.4
73342,153.3
73505,152.65
73662,152.35
73782,151.95
73914,151.65
74122,152.15
74239,152.0
74427,153.5
74728,150.65
74810,147.55
74910,145.7
75044,146.25
75263,146.5
75399,148.1
75610,149.2
75821,151.6
76029,152.0
76180,155.25
76277,155.25
76417,154.55
76548,153.35
76696,154.45
76880,151.5
77029,151.45
77175,150.85
77265,146.1
77515,147.75
77633,149.7
77769,145.95
78048,149.95
78227,149.5
78341,148.65
78557,149.8
78811,151.5
78991,150.55
79135,151.0
79224,150.25
79457,145.95
79611,145.1
79766,144.8
79902,141.3
79997,141.15
80133,140.1
80374,140.35
80526,141.4
80607,138.45
80818,140.95
81010,141.95
81176,141.9
81309,142.25
81524,142.45
81756,143.4
81893,142.15
82176,143.15
82396,147.1
82543,147.6
82710,148.75
82821,148.15
83029,142.85
83196,142.25
83346,142.7
83499,144.4
83695,146.75
83768,142.6
84051,144.0
84217,140.3
84302,139.4
84388,136.0
84573,136.55
84696,135.75
84924,137.75
85096,137.75
85243,137.5
85386,138.65
85543,137.35
85756,133.0
85865,135.45
86082,137.1
86359,138.35
86549,137.1
86632,136.6
86824,136.9
86922,136.4
87035,134.7
87142,133.4
87388,134.1
87596,135.15
87810,136.3
87973,135.4
88187,135.35
88314,132.65
88426,130.5
88536,126.9
88761,128.65
88863,128.15
89049,129.75
89189,128.55
89351,130.8
89500,130.85
89568,130.55
89657,130.8
89750,128.5
89870,126.55
90031,127.2
90186,122.55
90247,122.35
90379,120.2
90468,119.05
90563,117.6
90633,115.8
90819,118.2
90937,119.25
91132,120.35
91344,119.55
91477,121.05
91650,121.0
91798,121.05
92050,122.05
92249,125.1
92571,127.85
92764,128.65
93067,129.45
93210,129.5
93309,129.25
93569,132.25
93720,132.65
93824,130.65
93987,131.0
94188,131.2
94414,128.5
94539,129.7
94622,128.55
94914,131.4
95167,133.9
95301,134.55
95444,134.5
95654,135.35
95904,136.25
96084,138.45
96308,142.1
96506,143.75
96588,143.65
96683,143.0
96885,143.7
97023,141.2
97141,139.45
97251,139.15
97444,139.6
97572,139.3
97776,140.2
98005,142.2
98166,139.95
98460,139.8
98638,139.95
98740,139.55
98903,140.35
99033,139.8
99182,140.25
99291,140.4
99401,140.25
99587,140.4
99772,138.95
99916,139.35
100005,138.0
100172,136.9
100347,137.8
100539,139.1
100726,138.95
100903,140.8
101029,141.05
101155,140.0
101303,140.85
101419,138.65
101662,140.7
101818,141.0
101909,142.25
102029,142.8
102269,143.85
102385,143.35
102581,145.25
102729,145.65
102856,146.35
103070,148.4
103183,148.65
103376,149.4
103648,148.9
103973,149.05
104211,151.35
104432,154.6
104596,153.15
104824,154.8
104916,154.45
105138,153.55
105276,151.05
105429,148.0
105550,148.35
105716,146.55
105808,145.25
105951,144.45
106104,142.8
106322,145.35
106427,144.9
106634,143.6
106754,142.25
106838,141.15
106967,138.95
107073,138.7
107334,139.85
107471,136.95
107621,136.95
107789,136.2
107940,134.15
108083,131.15
108204,129.5
108359,122.9
108529,122.15
108672,121.95
108803,124.1
109025,125.15
109197,126.35
109307,125.05
109411,125.3
109572,125.5
109717,125.85
109949,127.3
110171,126.6
110324,127.35
110539,126.5
110820,128.0
110922,127.75
111191,130.35
111380,130.0
111564,131.45
111749,131.95
112016,135.75
112189,135.45
112324,135.45
112629,135.2
112772,137.2
112891,138.35
113254,140.15
113318,140.65
113498,141.95
113759,139.95
113836,140.6
114072,142.3
114240,142.75
114465,144.95
114623,143.0
114736,143.45
114938,143.5
115237,146.4
115483,149.05
115675,149.7
115916,150.0
116188,153.25
116306,155.3
116514,153.95
116692,154.65
116855,156.1
117032,155.2
117116,154.75
117287,150.95
117410,147.8
117598,148.0
117723,146.5
117878,147.55
118126,152.7
118288,151.85
118438,152.0
118674,153.8
118818,155.25
119100,157.85
119317,162.55
119434,164.95
119537,161.45
119676,162.45
119837,163.7
119969,164.05
120176,166.85
120420,171.4
120688,175.45
120806,171.75
120964,171.75
121139,172.1
121328,174.05
121544,174.55
121762,176.6
121892,177.05
122132,178.25
122454,182.6
122710,185.45
122845,185.75
122975,185.35
123200,185.7
123325,188.85
123511,190.05
123686,190.4
123801,189.0
123903,186.7
124176,190.05
124503,195.05
124719,195.7
125000,196.65
125194,199.75
125569,202.25
125773,204.75
125899,205.85
126108,205.8
126192,206.35
126267,205.5
126384,205.5
126583,206.25
126789,206.3
126958,206.4
127204,206.45
127434,207.5
127625,208.0
127842,210.15
128052,212.15
128234,210.85
128499,214.45
128678,215.1
128868,214.6
129051,214.8
129212,215.2
129311,212.05
129453,209.2
129693,208.4
129993,212.0
130192,209.6
130294,208.5
130423,208.1
130639,209.45
130860,210.2
131103,212.5
131239,212.5
131397,213.8
131612,217.35
131745,216.85
131839,216.45
132181,220.2
132414,216.85
132583,220.0
132821,223.95
133002,222.05
133080,219.1
133251,218.25
133378,214.8
133565,213.1
133693,213.35
133910,213.35
134094,214.0
134195,213.45
134368,211.35
134560,210.1
134775,206.9
134927,209.05
135157,211.9
135508,213.05
135701,215.35
135828,216.9
136020,217.1
136178,217.9
136345,218.05
136525,215.2
136703,213.65
136802,212.25
137154,214.25
137279,217.85
137443,217.35
137597,216.95
137870,219.2
138073,221.7
138219,221.7
138359,218.2
138548,213.75
138736,213.0
138866,210.5
139002,209.0
139245,204.0
139380,201.25
139505,201.2
139655,201.3
139974,203.75
140243,207.75
140432,208.8
140513,207.35
140727,207.4
140981,208.25
141182,207.6
141366,206.05
141555,207.8
141696,205.95
141879,206.45
142067,205.6
142229,203.6
142385,202.85
142782,205.7
142865,209.3
143088,211.45
143520,215.8
143694,218.3
143919,217.9
144040,214.1
144219,214.45
144402,214.95
144635,215.2
144864,218.1
145100,218.55
145301,215.6
145388,215.85
145576,215.6
145959,216.4
146059,216.9
146273,218.45
146410,218.25
146650,215.45
146750,214.85
146883,210.85
147158,211.75
147333,213.8
147497,213.6
147721,216.0
147977,215.55
148184,216.75
148294,216.3
148495,216.7
148697,217.95
148970,221.15
149073,219.5
149274,219.15
149609,224.55
149698,221.5
149837,219.95
150057,220.15
150200,219.85
150535,220.2
150845,226.55
151146,226.65
151279,226.25
151435,229.3
151598,229.65
151724,227.0
151971,223.5
152198,225.35
152428,225.65
152728,227.05
152876,225.3
153093,227.5
153417,232.45
153576,232.0
153741,232.1
153919,234.15
154284,237.1
154508,244.35
154627,242.65
154735,241.75
154839,242.3
154961,236.45
155212,235.2
155461,234.35
155578,235.9
155728,235.0
155876,233.6
156055,231.85
156314,233.9
156464,232.3
156686,234.25
156829,233.05
157007,234.8
157248,235.4
157370,234.6
157529,231.75
157646,227.5
157844,225.1
158259,223.45
158410,227.0
158680,229.95
158882,228.75
159189,230.15
159544,235.1
159774,236.9
159898,233.2
160137,232.05
160366,233.0
160444,233.6
160682,233.05
160883,231.3
161065,233.7
161307,236.7
161423,233.65
161665,233.7
161878,234.8
162133,234.9
162397,235.0
162592,236.8
162951,238.8
163206,240.45
163337,239.65
163474,238.8
163646,238.6
163762,237.9
163899,237.45
164039,235.35
164132,235.4
164407,235.95
164545,233.05
164685,233.65
164819,232.9
164975,232.9
165169,234.1
165414,234.05
165584,228.9
165765,231.85
165852,230.2
166038,229.55
166138,229.25
166257,228.8
166326,226.15
166570,225.6
166849,225.6
167025,225.05
167174,225.4
167334,223.6
167513,219.2
167667,220.15
167791,220.1
168006,217.6
168216,215.4
168410,210.2
168652,213.3
168878,216.1
169074,216.6
169196,218.8
169337,217.15
169544,219.85
169773,219.2
169952,220.15
170191,221.25
170378,222.8
170622,222.6
170802,221.8
171047,220.3
171231,220.15
171502,220.5
171838,223.95
171969,224.45
172144,225.65
172298,227.2
172473,227.85
172694,233.2
172965,230.2
173322,229.75
173522,231.35
173649,230.45
173736,224.25
173935,222.45
174169,227.5
174352,227.45
174513,226.5
174740,227.55
174975,229.05
175158,229.05
175313,226.0
175485,222.45
175600,221.3
175779,219.95
175970,219.65
176070,219.25
176248,219.2
176446,217.2
176589,216.6
176830,215.65
177008,217.05
177194,218.35
177492,225.5
177774,226.05
177936,228.25
178258,234.5
178514,239.3
178789,239.95
178946,237.85
179108,238.25
179356,239.35
179543,239.4
179748,240.1
180037,238.8
180286,242.95
180489,243.75
180618,241.25
180823,242.25
181079,243.0
181255,247.0
181395,248.1
181631,246.3
181776,246.15
181972,245.35
182125,243.75
182250,244.85
182403,243.25
182598,243.75
182776,244.95
182996,247.85
183254,248.3
183390,249.7
183539,248.6
183663,245.7
183789,243.55
183927,243.95
184144,244.65
184369,242.6
184634,245.5
184903,246.55
185165,246.6
185305,246.4
185382,244.55
185597,246.45
185700,244.7
185808,244.5
185910,241.8
186222,235.7
186398,243.1
186713,244.25
186886,244.0
187019,236.35
187218,236.45
187413,235.65
187541,230.9
187722,229.75
187872,230.7
188208,235.6
188342,233.95
188578,232.35
188705,232.7
188916,233.45
189033,233.6
189431,235.45
189508,234.9
189744,236.6
190023,239.45
190217,239.95
190306,239.4
190578,242.2
190672,240.5
190840,238.05
190926,236.4
191253,239.4
191441,239.2
191629,238.35
191884,238.05
192085,234.6
192421,238.1
192549,232.15
192721,226.8
192955,228.4
193119,227.2
193266,229.45
193407,227.1
193623,226.8
193793,225.3
193924,223.7
194167,220.55
194350,216.05
194516,217.35
194678,217.8
194900,218.55
195184,216.05
195310,219.8
195550,221.65
195855,223.65
196116,223.45
196194,224.5
196394,224.5
196536,225.6
196719,224.6
196895,225.1
197000,224.65
197120,220.25
197333,217.75
197541,218.75
197677,220.1
197845,220.6
198045,219.9
198180,221.05
198409,222.8
198612,221.25
198813,223.75
199008,224.3
199175,223.0
199310,223.65
199531,223.7
199725,222.3
199942,225.9
200097,226.9
200324,227.85
200467,223.1
200655,222.6
200828,224.3
201073,224.05
201272,226.2
201354,225.75
201545,228.45
201775,228.85
201940,228.55
202101,227.65
202319,229.15
202535,231.55
202749,228.65
202972,229.7
203095,228.9
203233,225.5
203389,223.8
203464,223.25
203674,222.4
203916,221.85
204063,222.05
204294,223.45
204432,222.7
204711,225.55
204941,225.9
205092,225.55
205291,223.55
205524,223.8
205690,224.4
205864,223.6
206024,222.5
206277,217.75
206407,219.4
206755,225.4
206957,224.0
207070,223.35
207285,224.5
207491,226.5
207650,225.7
207746,224.1
208051,225.0
208195,229.2
208330,227.25
208554,228.95
208721,228.6
208849,227.05
209080,227.25
209320,225.9
209675,226.05
209889,222.7
210074,225.3
210253,227.85
210493,230.05
210664,231.15
210789,230.15
210905,227.45
211059,227.15
211275,228.95
211590,229.75
211764,232.0
211916,230.3
212156,230.9
212341,233.0
212515,232.05
212774,230.65
212997,233.45
213191,225.55
213333,223.8
213527,223.7
213668,222.8
213839,220.55
213975,222.3
214169,221.25
214330,222.85
214558,223.75
214769,224.4
214923,224.0
215209,224.1
215356,223.3
215469,220.95
215736,224.2
216033,223.95
216269,223.4
216514,225.75
216744,227.8
216842,222.2
217021,220.05
217242,221.85
217356,220.0
217623,225.9
217856,227.4
217985,225.95
218154,228.2
218430,231.45
218565,230.2
218706,230.3
218935,231.55
219201,232.55
219367,229.65
219547,228.05
219713,229.7
219909,226.5
220203,228.2
220380,227.7
220575,226.95
220719,226.4
220847,225.6
221149,223.25
221333,221.35
221469,220.05
221595,217.55
221752,217.65
221914,215.2
222042,216.25
222218,221.1
222376,222.9
222730,225.45
222904,226.6
223133,225.15
223226,224.05
223409,228.0
223641,228.9
223742,224.55
224043,225.35
224263,231.85
224446,230.35
224679,231.2
224797,227.25
224948,226.65
225115,228.2
225210,228.35
225378,228.9
225623,232.2
225913,234.2
226063,232.35
226169,232.05
226400,232.1
226552,232.6
226724,232.2
226889,231.25
227051,230.2
227343,231.15
227452,233.5
227694,234.0
227833,234.35
228046,237.65
228161,234.8
228309,233.25
228428,231.5
228663,230.95
228887,233.15
229113,232.6
229318,232.4
229519,232.95
229717,233.35
229833,232.5
230053,231.6
230190,231.95
230460,232.3
230670,230.9
230867,232.15
230976,232.15
231156,230.8
231498,237.1
231665,232.85
231789,231.25
231965,230.8
232251,236.05
232439,234.05
232621,234.1
232836,235.8
233047,231.85
233236,235.3
233458,237.65
233700,240.5
233913,240.7
234035,239.6
234226,238.5
234352,237.8
234504,239.25
234647,239.55
234730,238.2
234867,234.3
235014,234.75
235117,234.4
235345,238.9
235522,237.9
235639,237.75
235736,236.25
235885,231.95
236063,230.15
236197,226.1
236317,223.9
236473,222.4
236606,223.3
236750,219.95
237008,219.45
237183,225.25
237392,225.6
237589,220.55
237729,217.15
237904,215.25
238122,217.3
238386,218.8
238512,221.6
238679,221.85
238889,222.1
239050,220.3
239368,221.65
239544,224.05
239701,224.4
240012,229.2
240229,234.65
240586,234.65
240842,245.0
240935,244.15
241144,243.7
241264,241.35
241412,240.15
241597,241.75
241862,240.8
242129,244.0
242224,244.25
242305,240.85
242497,241.65
242664,238.9
242888,242.65
243145,244.1
243424,245.6
243658,247.85
243875,249.1
244028,245.6
244220,247.1
244404,246.3
244607,248.2
244819,251.7
244954,253.15
245217,253.05
245408,246.25
245606,245.2
245814,245.0
246064,252.4
246155,246.15
246445,248.95
247048,255.1
247199,253.2
247342,253.15
247550,251.8
247740,250.7
248005,251.55
248214,257.15
248367,256.75
248481,258.7
248726,260.7
248901,261.1
249119,264.3
249356,267.5
249687,269.35
249772,269.15
250112,274.25
250274,270.15
250420,270.1
250530,269.9
250744,271.2
250867,270.5
251102,271.35
251403,273.0
251531,274.3
251752,275.15
252020,276.6
252230,278.85
252457,279.1
252590,275.8
252796,275.05
252927,274.75
253109,277.45
253234,276.95
253459,277.15
253619,276.25
253842,274.25
253996,274.75
254207,275.15
254405,271.7
254573,270.65
254761,267.75
254917,269.85
255094,260.85
255284,257.35
255389,255.85
255587,245.25
255764,246.9
255915,247.5
256059,247.85
256257,248.25
256376,247.25
256580,246.05
256715,242.9
256918,242.9
257107,248.35
257214,247.2
257474,246.0
257599,241.9
257839,243.1
257993,241.9
258309,240.6
258476,239.45
258724,239.85
258843,237.1
259043,237.3
259118,235.2
259365,233.55
259534,231.8
259713,231.9
259920,232.2
260104,233.45
260309,234.85
260572,229.75
260774,231.8
260919,227.45
260998,219.7
261462,221.45
261569,226.6
261735,225.1
261924,225.2
262183,225.15
262428,222.8
262652,223.25
262769,220.85
262899,216.65
263033,215.2
263235,212.2
263440,212.95
263675,212.6
263929,214.5
264067,210.2
264250,210.4
264600,216.8
264867,221.65
265078,223.15
265312,227.35
265468,224.7
265603,222.85
265724,221.15
265966,221.9
266111,221.35
266310,218.95
266466,218.3
266596,217.95
266835,218.35
267148,221.15
267314,221.7
267560,224.9
267688,222.25
267935,222.9
268127,225.45
268392,225.4
268462,227.85
268662,226.8
268971,227.75
269238,228.9
269370,228.9
269550,228.95
269725,230.35
269850,231.0
270088,231.55
270280,232.5
270442,231.7
270656,236.75
270956,240.5
271224,241.2
271449,247.15
271583,246.6
271778,246.7
271968,245.55
272113,246.65
272295,247.45
272446,243.35
272582,241.95
272763,242.0
272923,240.1
273132,240.0
273257,242.05
273444,242.85
273668,245.0
273948,245.6
274131,247.65
274377,250.15
274566,251.5
274815,253.1
274946,251.8
275060,251.05
275215,247.15
275395,247.05
275623,246.9
275818,251.1
276156,253.95
276282,254.15
276438,251.8
276613,249.6
276877,248.2
276995,247.4
277239,248.15
277518,252.3
277679,253.65
277767,252.6
277862,250.7
278125,249.35
278307,249.15
278619,249.3
278810,255.35
278932,248.9
279102,244.65
279279,243.2
279488,239.15
279646,239.3
279896,241.4
280069,242.8
280163,241.5
280305,239.1
280563,240.85
280829,242.65
280997,245.15
281126,243.8
281231,242.25
281407,237.15
281589,238.3
281864,235.1
282104,243.05
282342,239.55
282542,238.55
282669,236.65
282939,237.05
283151,237.6
283515,236.25
283734,241.8
283836,241.45
284071,241.7
284257,241.95
284475,245.45
284714,243.8
284886,244.8
285150,242.5
285372,244.55
285484,239.75
285732,236.75
286014,239.15
286215,239.65
286456,243.25
286585,241.7
286843,241.1
287149,240.85
287362,247.8
287548,250.15
287875,253.6
288058,256.25
288314,258.25
288604,261.65
288834,260.15
289062,260.8
289200,257.1
289390,253.85
289570,253.8
289712,250.25
289892,250.5
290147,253.7
290458,258.9
290653,260.85
290867,261.3
291041,260.45
291301,254.35
291411,254.15
291565,254.45
291743,255.15
292052,254.4
292357,257.9
292650,258.4
292971,259.55
293246,260.7
293355,264.05
293504,264.45
293809,262.5
294057,271.3
294172,267.75
294460,267.45
294686,272.45
294880,273.85
295104,278.85
295311,280.25
295505,282.05
295639,280.3
295833,281.75
295976,282.8
296165,281.65
296416,280.85
296635,281.3
296920,281.15
297109,285.1
297288,285.6
297538,285.05
297704,286.9
298167,288.3
298322,287.3
298543,287.6
298653,284.15
298822,284.15
299106,289.4
299327,288.8
299556,283.9
299755,282.25
299922,282.45
300206,283.8
300479,281.3
300665,282.0
300815,280.55
300896,276.0
301078,275.4
301283,275.1
301490,278.0
301606,275.0
301922,279.25
301999,275.0
302315,276.5
302459,279.55
302636,277.75
302902,276.35
303079,274.85
303273,273.45
303414,272.55
303752,274.1
303914,269.2
304209,272.05
304375,269.2
304556,271.6
304824,272.9
305039,276.8
305160,275.7
305405,278.8
305768,287.15
305969,286.45
306144,283.45
306264,280.5
306406,278.15
306629,277.75
306819,276.25
307008,281.4
307203,282.95
307457,283.95
307702,287.1
307915,286.05
308138,282.55
308433,280.85
308666,280.9
308939,286.65
309240,289.15
309513,288.0
309775,283.75
309996,287.4
310161,285.8
310365,285.35
310512,283.4
310740,281.2
310883,278.15
311069,276.9
311250,278.5
311506,278.4
311773,284.25
311956,285.35
312162,284.2
312349,282.9
312608,285.65
312766,283.05
313034,283.85
313367,289.9
313661,288.95
313830,286.5
314170,291.25
314304,291.1
314699,295.5
314809,295.1
315098,293.3
315389,296.6
315593,296.15
315834,296.9
316123,296.35
316271,297.75
316453,299.55
316559,297.1
316890,301.9
317074,303.6
317295,306.5
317597,309.2
317863,309.5
318028,308.2
318219,307.75
318431,306.95
318672,308.7
318917,309.75
319271,312.15
319431,314.95
319593,313.45
319897,317.05
320246,316.2
320451,317.0
320583,313.9
320875,314.55
321141,316.45
321392,318.3
321569,316.95
321740,313.05
321909,314.3
322066,314.25
322186,303.95
322483,308.35
322836,309.85
323087,314.15
323199,313.4
323352,312.35
323609,314.85
323772,313.35
323939,310.2
324118,309.55
324318,307.9
324434,303.75
324724,307.95
325013,310.85
325328,312.9
325566,313.8
325758,312.65
325943,305.1
326110,303.95
326293,306.05
326537,304.25
326729,302.15
326935,305.7
327164,309.25
327304,306.85
327547,308.75
327757,310.65
327852,308.95
327982,301.7
328191,303.25
328301,301.5
328488,299.85
328706,299.45
328908,297.75
329016,296.6
329225,293.55
329488,291.05
329673,291.05
329945,293.3
330145,288.65
330316,286.55
330626,288.3
330800,291.9
331042,289.1
331216,288.55
331499,289.4
331743,291.7
331921,289.95
332122,289.7
332331,289.75
332621,289.55
332858,288.15
333130,290.9
333340,292.1
333563,291.7
333665,286.7
333981,289.3
334208,291.25
334410,291.55
334611,290.4
334841,288.8
334992,282.45
335331,285.0
335706,282.45
335924,281.55
336194,280.9
336402,282.8
336627,283.95
336797,281.65
336885,280.3
337272,282.75
337461,282.25
337715,284.85
337978,289.2
338166,291.25
338413,291.15
338662,289.55
338840,286.9
339082,288.55
339322,295.95
339505,292.45
339705,293.8
339965,296.0
340140,295.9
340385,295.3
340609,298.45
340866,296.7
341057,293.2
341263,287.45
341435,286.75
341723,286.65
341929,291.8
342142,291.75
342496,295.15
342754,296.0
342941,296.3
343167,291.95
343323,290.15
343630,292.25
343829,295.55
344108,296.0
344381,297.6
344565,299.9
344887,303.3
345064,304.2
345155,304.05
345379,300.6
345772,307.95
345967,310.45
346184,311.6
346350,310.0
346583,310.55
346865,312.15
347021,311.85
347210,312.4
347434,310.35
347606,308.05
347862,308.25
348082,308.65
348352,311.4
348519,307.9
348725,307.55
348944,311.5
349117,311.8
349267,311.9
349520,311.45
349648,305.4
349870,306.15
350083,307.55
350422,314.05
350695,317.15
350859,312.2
350982,311.3
351324,314.05
351461,313.7
351749,315.5
352068,318.1
352209,319.3
352437,317.1
352762,318.85
352900,319.2
353103,318.0
353348,316.1
353503,320.6
353725,319.4
354003,320.4
354214,319.2
354321,316.8
354585,314.35
354720,309.55
355001,313.2
355225,310.2
355508,314.95
355936,318.1
356092,315.75
356339,321.5
356554,322.5
356691,321.9
356979,322.35
357232,324.3
357373,325.15
357503,323.75
357774,325.35
357961,328.5
358135,325.45
358343,327.65
358563,327.5
358867,324.4
359078,324.65
359211,324.8
359521,327.05
359634,325.55
359838,327.25
360219,325.8
360380,326.35
360585,325.4
360765,324.25
361064,326.9
361290,324.15
361480,326.0
361715,326.2
361966,329.5
362286,325.45
362383,325.2
362611,322.8
362797,323.2
362997,319.7
363331,322.35
363631,322.5
363807,324.6
363986,324.5
364197,326.05
364353,323.95
364563,322.5
364896,323.55
365163,327.85
365357,327.35
365511,324.8
365666,325.05
365754,324.65
365887,321.5
366088,321.4
366398,322.95
366584,317.15
366692,310.0
367025,312.0
367291,315.4
367636,316.05
367770,319.35
367931,320.15
368218,319.2
368328,316.3
368445,312.95
368679,311.25
368897,310.1
369116,311.45
369317,313.0
369573,313.75
369757,312.85
369926,311.3
370141,310.3
370300,310.6
370521,311.95
370752,311.65
370983,313.4
371291,316.6
371398,314.4
371617,312.7
371906,308.9
372030,311.9
372257,305.9
372377,305.35
372573,305.45
372855,306.35
373046,304.8
373263,304.7
373516,306.8
373728,304.0
373900,305.1
374046,302.45
374190,303.25
374486,302.45
374671,301.45
374913,304.5
375027,303.2
375250,302.65
375439,301.0
375608,301.6
375800,298.35
376027,299.7
376266,298.7
376478,300.15
376639,298.95
376817,299.15
376996,302.4
377203,301.55
377339,297.95
377602,298.75
377872,300.35
378211,299.7
378353,304.0
378519,302.0
378652,296.55
378810,293.3
379101,297.95
379398,297.5
379666,305.9
379978,308.1
380351,310.35
380503,307.85
380654,303.5
380942,305.95
381149,308.75
381349,308.45
381631,315.3
381775,314.15
381954,313.8
382186,316.5
382323,314.9
382466,316.35
382652,312.85
382764,312.05
383108,310.2
383326,309.45
383461,309.6
383691,306.55
383804,307.4
383947,308.05
384150,307.25
384365,307.85
384548,307.9
384812,306.1
385005,305.2
385220,304.4
385355,305.35
385533,305.25
385828,307.45
386059,308.3
386292,308.2
386396,303.2
386524,298.65
386805,298.4
386926,295.05
387261,298.7
387475,298.7
387691,297.0
388020,299.55
388259,300.45
388469,299.85
388747,300.2
388884,298.2
389103,299.9
389254,299.45
389380,297.7
389562,299.65
389701,298.35
389811,295.8
389993,294.75
390168,290.15
390303,290.9
390462,290.0
390730,294.65
390844,290.1
391258,292.35
391524,294.35
391747,296.65
391965,295.35
392195,296.35
392468,299.25
392628,298.75
392820,297.8
393122,300.8
393242,298.55
393472,298.55
393672,295.0
394025,299.95
394247,303.7
394460,306.25
394690,302.6
394893,302.85
395012,298.65
395267,296.95
395433,293.4
395568,289.6
395764,293.15
395896,292.75
396009,288.8
396143,284.1
396303,280.4
396538,279.3
396670,280.6
396935,280.55
397086,278.65
397273,279.15
397419,279.2
397636,278.35
397891,280.55
398250,280.8
398563,285.0
398863,287.8
399050,291.1
399219,294.2
399419,292.7
399647,295.5
399870,295.35
400109,298.8
400333,296.75
400479,299.65
400654,298.0
400878,299.6
401213,305.85
401476,309.35
401752,311.05
401923,314.2
402268,315.1
402511,317.85
402747,322.7
402975,322.0
403279,323.8
403458,323.55
403673,323.05
403823,321.7
404029,319.3
404388,320.65
404488,320.5
404727,321.15
404869,321.0
405039,321.1
405369,323.6
405653,325.3
405904,332.65
406146,333.95
406349,336.9
406645,343.5
406863,345.9
407078,344.0
407354,349.55
407573,351.25
407756,346.8
408094,347.45
408185,346.1
408580,349.35
408681,344.55
408910,344.6
409160,349.45
409504,351.95
409723,352.75
409921,354.3
410137,355.05
410403,353.9
410682,352.4
410946,352.05
411263,353.5
411481,353.7
411678,356.6
411953,358.6
412272,357.55
412598,364.95
412769,364.3
412909,364.05
413138,366.45
413427,371.5
413606,371.05
413868,373.55
414145,377.1
414314,376.2
414497,373.85
414752,379.5
415068,382.85
415273,383.75
415456,381.2
415648,378.1
415817,376.3
416095,375.95
416320,372.55
416483,370.95
416688,376.3
416885,373.4
416994,373.25
417301,371.5
417592,372.75
417756,371.55
417865,370.2
418161,372.35
418420,370.15
418538,359.35
418757,360.4
419012,359.1
419148,359.0
419342,355.9
419789,353.9
419919,356.7
420145,354.45
420355,354.65
420608,355.3
420868,359.6
421193,358.45
421416,358.25
421802,357.75
422108,362.3
422331,365.0
422687,368.35
422841,365.9
423016,365.25
423257,364.45
423518,363.8
423844,364.9
424060,363.7
424139,354.45
424306,353.3
424495,354.4
424725,348.1
425114,353.8
425353,353.75
425546,353.75
425932,352.95
426124,354.85
426281,353.5
426427,350.35
426565,342.95
426749,341.65
426987,341.85
427148,340.4
427373,341.75
427572,340.55
427701,334.85
428107,339.9
428297,337.2
428432,333.4
428607,329.05
428910,325.85
429181,324.85
429428,326.3
429584,325.5
429745,328.05
429916,328.4
430039,324.1
430206,320.85
430483,319.4
430678,319.65
430889,322.85
431107,320.55
431377,317.25
431531,317.3
431777,319.2
431894,318.55
432113,318.65
432391,319.25
432556,314.8
432790,318.9
433046,315.95
433185,317.45
433452,321.9
433652,322.45
433799,320.25
433968,317.15
434234,320.7
434551,326.2
434802,328.05
434996,327.9
435104,327.65
435265,321.1
435558,321.85
435786,322.6
436012,318.75
436300,321.1
436607,326.8
436795,326.55
436902,323.05
437062,319.3
437342,316.3
437459,318.35
437640,313.35
437914,314.1
438090,312.65
438247,307.35
438437,307.95
438589,308.3
438824,307.2
439013,303.15
439184,299.05
439352,298.2
439740,301.8
439856,306.4
440080,306.8
440256,304.0
440447,298.75
440686,298.9
440855,301.8
440987,297.1
441087,295.95
441385,298.9
441677,308.2
441798,306.95
442026,307.4
442279,309.7
442605,309.8
442808,311.85
443006,313.05
443305,319.6
443411,312.3
443685,314.3
443792,313.7
443984,314.0
444104,314.05
444363,314.5
444571,312.75
444658,312.25
444861,314.3
445183,315.8
445327,325.35
445518,324.7
445777,325.55
445938,324.85
446110,322.35
446423,321.6
446734,326.7
447002,329.95
447206,333.0
447351,333.1
447687,337.3
447885,338.0
448071,341.6
448306,337.9
448449,339.0
448626,337.15
448859,334.0
449078,336.65
449241,335.85
449426,336.9
449590,335.0
449765,329.55
449969,326.5
450208,328.35
450369,328.5
450504,327.7
450768,328.35
451035,330.65
451287,332.8
451425,331.25
451634,326.9
451832,324.95
452104,326.1
452273,330.65
452458,331.6
452679,332.4
452808,332.35
452946,333.85
453258,333.3
453345,332.3
453545,332.65
453730,331.8
453941,333.8
454136,333.35
454296,332.45
454474,335.4
454677,336.1
454953,334.35
455096,332.7
455343,332.6
455455,333.8
455595,332.2
455771,328.9
456019,329.8
456199,332.25
456394,334.95
456663,335.45
456813,326.55
457036,328.25
457179,329.45
457390,325.55
457574,326.25
457804,323.15
457971,320.95
458142,315.75
458254,318.05
458420,315.15
458550,316.85
458713,315.4
458813,314.85
459017,314.5
459219,313.65
459363,314.95
459603,312.45
459848,308.25
460119,309.05
460372,312.8
460574,312.3
460800,312.8
460974,312.2
461299,313.9
461461,310.75
461623,306.85
461949,307.15
462145,309.85
462298,303.85
462540,305.65
462758,303.15
462956,303.2
463247,304.85
463417,304.7
463632,305.2
463795,303.7
463981,303.55
464146,302.4
464330,302.75
464608,305.15
464861,304.9
464960,303.7
465276,309.1
465555,310.2
465708,309.2
465987,312.3
466234,313.85
466418,315.2
466662,314.8
467030,316.1
467242,313.15
467547,316.0
467724,316.8
467971,318.0
468066,317.6
468432,318.15
468612,319.3
468781,318.5
469107,322.15
469257,324.0
469523,324.2
469705,324.4
469982,323.8
470195,323.55
470449,324.65
470634,323.0
470884,323.55
471075,321.25
471254,325.0
471363,324.7
471471,320.6
471611,316.05
471784,316.15
471913,312.2
472004,312.6
472104,309.85
472292,307.05
472570,311.45
472893,314.05
473137,317.65
473268,315.75
473576,319.15
473793,319.7
474108,321.3
474278,325.35
474541,326.15
474736,326.35
474897,326.75
475230,330.35
475311,332.75
475533,332.3
475786,331.0
475948,331.3
476230,329.55
476360,328.4
476643,332.75
476874,333.35
477046,331.45
477158,326.95
477431,328.6
477669,324.1
477901,325.75
478108,324.95
478350,324.45
478688,324.45
478823,328.9
478968,327.75
479195,325.9
479427,325.45
479724,326.25
479978,328.45
480173,332.9
480424,336.4
480592,336.7
480792,333.55
481120,333.15
481268,335.55
481575,336.65
481954,338.5
482177,337.65
482402,336.75
482773,338.5
482909,336.45
483065,333.55
483300,330.45
483586,333.2
483785,331.9
483979,329.95
484208,332.2
484427,331.55
484586,328.7
484739,330.4
484965,331.05
485245,329.0
485465,331.7
485699,329.8
485974,332.5
486187,334.3
486444,333.9
486720,335.3
486994,341.1
487240,339.2
487663,345.4
487855,345.15
488019,348.35
488257,349.2
488501,351.95
488827,357.15
488968,356.45
489143,360.55
489243,359.35
489583,359.95
489803,365.35
489952,359.55
490087,359.05
490324,359.2
490455,357.7
490691,361.65
490806,357.2
490974,357.75
491310,358.25
491464,358.0
491641,353.9
491837,352.35
492071,354.65
492193,353.3
492437,353.4
492767,355.25
493034,359.1
493190,353.65
493346,352.35
493501,352.6
493666,354.75
493893,355.1
494159,362.25
494480,363.9
494642,364.0
494885,367.1
495043,365.2
495276,357.15
495641,361.2
495823,363.1
495986,361.3
496378,362.45
496643,361.65
496916,365.1
497247,360.6
497493,367.05
497746,372.6
497998,374.1
498111,374.65
498445,372.0
498683,370.95
498868,369.9
499039,369.45
499274,367.4
499504,369.3
499686,368.2
499800,364.55
500112,362.35
500264,365.5
500440,364.85
500647,365.4
500814,365.65
501006,364.0
501106,363.85
501382,365.55
501620,365.8
501832,363.9
502116,367.85
502489,367.6
502710,371.75
502786,370.65
503049,369.65
503191,370.15
503415,369.45
503732,370.9
503983,370.0
504183,373.65
504417,374.15
504705,372.4
504874,371.3
505131,373.85
505282,374.0
505503,377.7
505885,376.95
506036,374.4
506188,376.95
506408,379.75
506632,379.45
506874,380.6
507198,378.0
507337,381.55
507507,381.3
507688,380.3
507795,379.1
508032,381.75
508302,380.55
508474,382.65
508646,382.45
508908,383.25
509099,378.25
509385,378.6
509661,381.35
509764,383.0
509983,383.7
510263,384.1
510408,384.15
510561,378.6
510748,374.7
510967,375.05
511263,379.3
511421,380.05
511521,377.15
511762,378.85
511914,377.25
512106,376.0
512342,375.3
512590,372.1
512915,368.85
513145,369.0
513390,370.35
513615,367.1
513797,363.45
513980,364.1
514194,365.3
514504,362.4
514761,366.5
514902,366.2
515182,367.3
515404,369.25
515707,372.5
515932,377.1
516176,382.7
516473,380.7
516702,383.5
516955,386.35
517253,388.2
517448,391.8
517774,401.75
518166,400.4
518254,398.25
518402,398.75
518540,396.55
518754,390.4
518964,384.2
519081,382.2
519390,388.95
519633,387.6
519725,388.7
519941,380.75
520091,380.75
520360,377.2
520637,384.3
520842,383.45
521058,381.2
521211,382.4
521372,380.05
521605,380.55
521811,379.55
522071,376.8
522293,376.05
522516,375.0
522646,378.45
522899,379.45
523170,380.15
523384,378.5
523519,377.1
523694,376.45
524026,376.5
524237,379.25
524456,380.2
524599,377.8
524846,380.45
525008,376.7
525175,378.35
525483,375.85
525699,374.55
525968,377.8
526294,380.6
526431,380.2
526757,382.2
527001,383.25
527284,386.5
527686,390.1
527827,388.05
527994,389.2
528204,391.85
528292,389.1
528577,391.8
528794,390.8
528965,390.75
529285,393.45
529400,395.6
529597,395.95
529788,392.5
530056,393.15
530280,393.05
530563,392.0
530777,391.7
530941,390.05
531184,389.45
531334,389.9
531634,387.2
531977,388.25
532199,389.95
532459,388.05
532661,388.5
532913,390.05
533138,388.2
533352,386.75
533527,383.55
533728,383.55
534045,378.5
534191,377.6
534421,379.5
534624,382.15
534804,382.95
535063,384.15
535292,387.3
535475,385.75
535716,382.15
535907,380.85
536019,380.7
536265,378.65
536386,381.15
536675,382.05
536793,377.65
537040,378.3
537296,379.05
537496,379.7
537830,382.0
538084,386.95
538286,385.25
538396,384.85
538618,384.0
538801,382.55
538977,380.7
539103,375.2
539377,378.1
539570,376.7
539840,380.6
540152,380.6
540293,378.4
540496,379.6
540825,383.1
541099,387.25
541326,386.95
541532,385.55
541729,387.5
541930,386.9
542252,386.2
542509,387.5
542694,383.1
542904,383.25
543219,382.4
543369,381.45
543572,377.55
543815,373.05
544010,372.8
544204,373.25
544475,372.8
544647,376.25
544879,375.4
545028,375.45
545316,375.9
545528,374.5
545791,372.8
545943,375.8
546051,369.45
546156,368.15
546319,364.2
546495,364.95
546878,365.25
547044,366.05
547397,367.25
547589,367.4
547778,367.3
547981,363.75
548212,358.75
548477,358.35
548683,357.1
548875,351.95
549128,350.7
549305,351.25
549540,349.35
549892,351.7
550185,352.0
550339,349.25
550516,348.3
550759,345.3
550925,347.2
551254,352.6
551459,352.3
551711,353.05
551923,355.35
552190,360.0
552418,360.8
552726,366.0
552952,365.45
553181,365.85
553520,368.15
553769,369.7
554123,370.5
554320,373.1
554579,372.15
554810,372.15
554987,368.6
555162,368.15
555373,371.75
555540,369.95
555760,370.8
556093,377.75
556308,374.55
556567,375.95
556694,380.95
556941,378.4
557256,380.0
557533,381.95
557671,377.2
557862,375.1
558074,373.4
558320,376.25
558580,376.95
558823,381.65
559096,385.35
559470,386.85
559621,386.8
559849,385.0
560117,387.2
560349,387.8
560722,391.05
560930,392.05
561061,388.75
561327,393.15
561532,392.75
561821,391.85
562169,396.25
562379,398.45
562537,401.7
562735,400.15
563048,400.3
563364,402.05
563682,403.25
563867,406.8
564050,410.4
564485,409.65
564680,413.65
564891,413.15
565187,413.5
565518,415.1
565756,419.8
565972,418.55
566113,418.15
566616,432.05
566961,434.1
567130,437.0
567254,437.6
567464,434.65
567691,433.85
567852,433.65
567995,430.0
568239,431.2
568430,434.15
568642,435.8
568877,435.85
569139,437.3
569461,433.6
569678,434.45
569926,435.75
570112,433.45
570330,428.15
570579,432.55
570779,427.4
571186,427.65
571401,429.45
571541,427.25
571804,428.3
571955,426.7
572062,421.0
572314,419.65
572457,417.8
572727,420.15
573024,420.7
573314,424.65
573622,425.6
573703,418.1
573901,418.2
574099,418.35
574268,413.15
574610,418.95
574681,417.5
574779,406.65
574877,404.35
575082,404.9
575257,405.15
575631,408.85
575764,405.65
575930,400.7
576095,397.0
576252,391.8
576566,392.95
576829,395.0
577123,399.05
577348,399.15
577558,403.6
577787,399.2
578087,401.0
578277,401.8
578489,400.9
578805,404.7
578987,403.85
579301,404.2
579691,404.35
579810,408.05
579957,404.55
580127,402.3
580405,400.0
580592,401.9
580803,403.4
581038,402.35
581227,400.0
581356,397.75
581490,390.1
581741,389.4
582000,386.95
582181,389.35
582307,386.9
582508,372.6
582797,371.8
583077,371.65
583242,373.55
583443,373.85
583560,376.15
583861,375.65
584104,375.95
584312,375.8
584495,374.65
584913,376.2
585060,378.8
585335,378.75
585493,375.35
585670,374.7
585898,372.5
586099,374.4
586390,375.05
586626,376.45
586929,379.55
587250,377.95
587519,377.25
587637,376.1
587918,371.95
588114,376.55
588502,382.1
588748,385.15
589003,387.5
589162,384.9
589236,383.3
589365,373.85
589573,371.5
589770,376.1
589965,378.45
590152,375.8
590360,379.7
590620,377.2
590900,378.7
591086,386.35
591317,389.55
591565,390.2
591804,394.85
592144,395.15
592344,396.0
592554,399.95
592769,403.4
592979,404.45
593305,404.25
593555,403.0
593822,399.45
594080,402.85
594302,397.95
594661,400.5
594864,401.75
595079,403.7
595375,402.3
595578,399.95
595790,397.95
596031,391.95
596252,389.6
596499,391.2
596772,396.45
597027,397.85
597164,394.45
597377,393.8
597629,391.45
597932,398.05
598155,398.95
598492,402.85
598606,405.0
598793,402.65
599015,405.15
599326,402.8
599514,406.2
599868,407.35
600017,409.25
600257,407.25
600598,408.9
600727,410.1
600908,408.45
601145,412.1
601351,409.15
601576,408.55
601781,409.9
601985,407.45
602286,405.95
602504,408.4
602730,406.45
602909,402.9
603072,405.15
603298,401.6
603604,400.55
603796,400.65
604021,400.05
604354,405.05
604695,405.1
604885,406.0
605224,409.25
605540,409.65
605718,404.35
605998,404.85
606175,402.95
606412,403.55
606695,407.15
606950,417.0
607260,421.2
607453,417.55
607690,418.65
608005,422.4
608228,421.6
608347,416.85
608561,416.5
608853,417.8
609241,422.15
609519,422.3
609760,421.0
609968,419.85
610278,423.1
610491,419.0
610709,419.35
610986,420.65
611198,421.05
611505,425.55
611682,420.65
611867,417.55
612155,417.9
612381,419.3
612648,418.15
612864,418.65
613239,421.65
613438,421.65
613838,428.15
614095,434.35
614344,433.45
614566,435.4
614781,430.2
615004,431.05
615182,430.35
615487,433.35
615751,439.35
615930,431.15
616212,432.15
616514,431.15
616724,432.75
616939,433.65
617356,435.8
617540,441.05
617824,442.55
618149,446.2
618392,446.1
618542,444.15
618839,443.3
619194,448.3
619452,450.15
619677,450.7
620007,456.25
620207,454.05
620397,455.65
620529,451.75
620680,450.5
620893,448.95
621193,451.95
621412,455.8
621629,455.55
621786,455.7
622029,459.4
622248,456.05
622410,455.35
622628,450.4
622861,451.2
622988,446.75
623269,447.85
623528,445.5
623785,450.45
624117,449.85
624391,450.1
624525,450.45
624780,448.0
624947,444.75
625277,441.5
625545,445.35
625791,447.0
626088,445.2
626285,449.55
626471,450.0
626690,448.05
626943,445.8
627131,439.8
627354,440.35
627644,444.1
627877,439.8
628124,442.15
628387,444.85
628673,445.3
628822,446.75
629136,443.35
629394,442.1
629633,443.0
629936,447.4
630122,445.65
630294,444.45
630433,439.65
630779,442.15
631067,440.65
631260,437.1
631547,435.35
631727,427.4
631914,429.3
632076,423.9
632429,426.65
632700,427.9
632990,430.1
633200,430.35
633371,423.95
633535,424.55
633729,424.05
633941,425.95
634294,422.75
634434,426.4
634709,424.25
634930,418.4
635070,418.4
635326,410.95
635444,408.05
635771,410.2
636024,410.45
636311,409.05
636607,414.25
636973,414.75
637318,419.8
637699,422.35
638072,425.45
638312,438.1
638618,441.1
639026,441.4
639162,441.5
639338,437.15
639651,440.25
639908,442.0
640049,440.3
640310,438.85
640524,439.95
640754,441.8
640912,442.35
641158,444.6
641368,441.85
641635,442.85
641836,441.5
642101,442.9
642421,444.9
642791,452.45
643113,456.05
643485,459.65
643674,463.1
643893,463.45
644082,461.05
644274,456.65
644718,459.1
644935,466.55
645154,466.2
645360,464.15
645522,463.4
645664,461.45
646035,461.7
646114,459.85
646269,459.2
646479,454.7
646610,446.8
646874,449.6
647011,446.4
647182,439.55
647329,439.55
647664,437.15
647871,441.0
648194,442.5
648364,445.0
648553,439.15
648886,443.15
649069,442.45
649351,445.0
649648,445.3
650022,447.25
650301,450.25
650534,447.6
650908,450.9
651016,449.55
651288,450.4
651620,452.65
651798,456.0
652042,454.9
652293,452.65
652489,453.65
652840,456.55
653058,455.1
653321,457.35
653576,461.35
653826,457.7
654002,459.05
654330,459.75
654577,460.8
654793,456.15
654936,446.95
655164,444.2
655299,437.95
655722,437.35
655913,431.7
656163,429.75
656304,426.05
656617,428.95
656914,431.35
657095,436.05
657431,435.8
657690,438.35
657904,437.8
658182,436.45
658461,438.8
658711,436.95
658924,439.8
659051,435.7
659336,436.6
659698,436.35
659858,434.55
660159,434.55
660340,433.25
660518,426.05
660768,421.75
660972,419.55
661164,414.95
661422,414.1
661785,416.0
662063,420.65
662252,416.05
662541,411.15
662921,411.65
663103,413.2
663408,417.15
663702,419.2
663989,418.85
664429,424.45
664728,428.45
664907,428.85
665041,426.9
665427,433.55
665661,435.55
665978,439.2
666137,438.7
666422,440.25
666730,438.2
667029,443.0
667234,442.7
667393,440.1
667634,440.55
667946,437.35
668057,439.55
668354,438.6
668509,435.2
668684,433.25
668948,428.1
669237,434.45
669509,432.6
669741,432.2
670041,433.55
670241,435.65
670481,433.95
670826,434.25
670908,431.5
671140,432.0
671538,432.9
671693,431.55
671938,435.35
672246,437.0
672491,439.9
672732,442.55
672968,443.1
673296,445.5
673540,449.5
673876,448.85
674160,451.5
674388,448.05
674651,451.25
674835,448.7
675106,445.6
675432,447.1
675554,443.3
675814,443.55
676054,444.8
676320,445.85
676651,446.85
676795,443.1
676970,440.6
677137,443.8
677365,443.25
677574,442.95
677786,440.55
678041,443.85
678222,439.85
678553,445.5
678816,445.4
679149,447.2
679374,449.95
679678,451.05
679824,445.35
680144,445.65
680382,448.95
680606,451.7
680805,451.6
680947,447.75
681207,448.05
681454,448.7
681730,447.05
681860,439.9
682203,439.15
682363,441.8
682538,442.85
682789,446.15
682954,444.15
683115,439.5
683470,441.0
683640,440.3
683887,437.4
684347,442.3
684661,445.4
684888,447.75
685045,447.4
685411,450.05
685729,451.9
685899,446.9
686219,448.4
686414,450.35
686631,451.8
686899,453.65
687147,453.65
687468,457.2
687622,453.75
687758,450.8
687945,448.0
688169,448.45
688481,448.65
688700,448.4
688880,449.6
689120,447.55
689362,445.95
689602,451.05
689823,450.1
690034,447.45
690195,443.65
690368,441.35
690458,440.15
690712,438.1
690917,433.3
691151,431.0
691404,429.9
691682,432.3
691816,430.2
692119,432.0
692268,430.45
692554,429.45
692769,431.0
693235,431.5
693461,436.55
693778,437.65
693981,437.05
694132,435.3
694362,433.2
694592,433.85
694893,439.65
695251,441.9
695454,446.4
695733,445.15
696060,448.75
696261,449.8
696487,448.0
696662,446.35
696948,447.45
697163,441.85
697375,443.1
697531,445.1
697857,444.2
698083,441.25
698349,440.5
698638,446.25
698868,446.6
699125,446.95
699393,445.85
699596,446.15
699841,450.8
699972,442.55
700232,444.65
700397,444.95
700578,444.15
700860,448.05
701127,448.9
701429,449.5
701740,453.2
701941,446.4
702320,447.05
702517,442.5
702749,441.85
703015,445.45
703308,444.15
703421,441.5
703715,439.75
703915,439.5
704113,441.9
704382,437.55
704467,432.85
704893,430.85
705106,436.75
705378,437.0
705648,440.05
705923,441.7
706254,442.5
706433,443.05
706855,445.8
706975,447.1
707250,447.25
707448,445.0
707885,448.2
708086,447.5
708317,449.15
708464,448.75
708727,451.9
708889,450.45
709099,449.55
709364,450.65
709622,449.75
709838,452.1
709955,445.5
710062,442.7
710270,442.65
710502,442.25
710751,444.5
710907,440.2
711157,439.1
711320,435.0
711662,438.6
711861,440.1
712162,445.6
712360,441.25
712647,437.3
712850,435.15
712988,434.0
713283,434.95
713631,432.05
713935,433.9
714146,437.85
714351,437.1
714736,443.55
714943,445.75
715136,445.25
715231,440.75
715313,438.15
715472,434.5
715656,432.25
715899,433.45
716038,430.6
716277,430.75
716563,431.2
716857,429.55
717160,435.15
717354,432.7
717549,433.5
717768,437.5
718140,438.05
718421,441.15
718606,435.75
718891,435.95
719045,438.75
719267,437.65
719458,434.65
719930,435.35
720046,434.85
720259,432.55
720383,431.75
720620,430.1
720901,432.9
721101,432.5
721170,432.65
721334,426.7
721573,425.3
721777,424.15
722062,424.4
722205,420.7
722407,415.1
722687,419.35
723061,418.25
723290,420.0
723484,417.15
723620,416.8
723884,414.8
724098,418.15
724356,416.65
724607,418.2
724877,418.05
725126,419.7
725275,420.0
725496,423.55
725611,421.85
725892,418.1
726082,415.8
726342,416.1
726475,419.55
726756,423.15
726943,424.9
727080,418.6
727260,416.75
727443,416.3
727598,413.6
727761,413.45
728019,410.5
728236,410.2
728533,410.2
728772,411.35
729084,413.15
729393,414.65
729565,415.15
729867,414.6
730009,413.7
730166,408.25
730490,407.7
730824,407.3
731047,409.85
731164,404.15
731410,406.1
731622,409.6
731863,413.9
732274,418.6
732457,421.4
732759,421.9
732938,422.45
733134,419.8
733434,420.65
733653,420.3
733856,417.55
734192,421.15
734513,426.0
734753,423.1
734920,419.6
735102,413.7
735425,415.5
735629,415.9
735933,417.0
736190,415.0
736428,420.45
736699,420.7
736858,418.75
737154,420.7
737431,425.3
737661,423.95
738007,427.25
738263,427.65
738520,439.85
738734,442.3
739059,443.45
739372,448.4
739685,446.5
739831,448.9
740067,451.0
740390,448.65
740619,448.6
740799,444.05
741119,447.4
741400,450.75
741629,452.6
741930,450.6
742191,447.7
742405,446.3
742723,447.15
743203,458.25
743608,466.4
743942,469.8
744170,468.2
744381,473.45
744568,473.65
744779,472.9
745105,474.45
745346,475.55
745582,477.5
745901,481.25
746079,481.1
746355,480.25
746583,484.15
746890,487.15
747116,488.95
747313,487.0
747699,489.75
747855,489.95
748067,486.25
748314,486.9
748511,482.85
748795,484.15
748923,485.3
749153,483.3
749335,482.55
749561,481.0
749818,482.7
750073,484.15
750447,486.15
750605,488.15
750819,488.7
751051,487.3
751270,485.55
751553,487.2
751728,489.5
752023,488.4
752222,489.0
752411,484.7
752618,483.75
752879,483.8
753174,479.35
753555,481.25
753829,483.45
754143,487.75
754446,485.8
754584,488.4
754922,492.55
755336,496.1
755593,496.4
755771,494.55
755979,495.6
756250,492.4
756412,493.85
756631,491.6
756928,488.45
757110,487.05
757473,484.85
757593,485.8
757849,485.05
758272,484.35
758322,482.35
758663,483.75
758801,484.3
759008,480.95
759257,481.5
759590,484.35
759685,482.65
760026,481.75
760230,480.15
760620,485.8
760755,484.6
760902,481.5
761241,476.2
761509,468.85
761658,465.1
761829,463.55
762003,459.65
762241,463.9
762499,460.55
762685,462.5
762991,463.4
763197,460.3
763334,460.05
763662,458.9
763821,460.95
764009,458.4
764321,457.75
764485,458.0
764678,454.6
765021,456.2
765185,455.25
765386,453.75
765592,455.05
765723,452.45
765907,452.0
766277,454.3
766460,456.3
766692,460.35
766897,462.2
767168,460.55
767469,463.25
767738,458.5
767959,454.2
768208,455.8
768468,453.65
768590,453.2
768803,451.05
769186,453.7
769513,456.8
769802,456.25
770021,461.3
770415,465.05
770661,469.0
770872,470.75
771051,471.65
771263,469.9
771601,472.25
772001,472.35
772215,474.3
772489,473.45
772767,470.3
773075,469.45
773292,468.5
773428,466.75
773620,466.2
773824,463.0
773986,463.55
774167,462.25
774450,461.6
774633,463.15
774878,463.95
775026,463.95
775302,460.5
775540,458.2
775704,461.45
775970,459.35
776106,460.45
776326,456.35
776565,456.9
776876,459.0
777307,461.7
777579,464.35
777758,463.5
778028,458.65
778293,462.55
778714,467.8
778843,467.8
779064,462.75
779283,463.75
779474,465.0
779751,468.05
780013,465.35
780183,469.8
780424,471.05
780756,469.15
780991,473.15
781236,475.35
781462,475.1
781733,474.55
781937,477.3
782133,474.0
782311,476.25
782558,479.75
782887,475.4
783118,478.05
783525,482.4
783813,481.75
784125,490.5
784288,487.35
784635,486.5
784952,488.35
785297,489.45
785520,488.3
785722,488.35
785980,486.4
786269,488.6
786403,490.05
786618,489.05
786999,490.1
787182,491.95
787420,494.65
787639,495.45
787907,491.05
788153,494.15
788254,489.0
788436,484.65
788686,482.8
788909,482.3
789077,475.9
789410,478.15
789672,476.7
789868,472.35
790140,471.0
790492,471.4
790695,473.2
791004,471.5
791140,470.3
791410,473.85
791718,474.65
791837,477.05
792046,476.35
792338,477.25
792630,479.8
792860,479.85
793120,481.6
793277,477.9
793468,476.6
793740,473.15
793923,472.95
794138,475.1
794445,479.3
794675,478.1
794843,479.0
795241,482.15
795482,479.8
795744,477.8
795981,478.05
796295,479.85
796460,479.75
796582,477.75
796857,474.9
797044,474.95
797412,477.25
797551,479.25
797843,479.75
798097,479.85
798238,480.25
798504,478.7
798700,477.9
799123,479.7
799396,478.05
799576,478.75
799852,477.65
799987,474.3
800231,474.6
800503,476.35
800779,477.0
801065,478.85
801273,476.45
801523,477.5
801848,474.6
802074,475.0
802408,471.2
802612,476.0
802765,472.65
802957,467.4
803192,463.6
803516,465.5
803693,465.15
804143,466.0
804323,465.85
804524,463.9
804776,466.7
805002,465.9
805232,462.05
805423,461.9
805668,460.9
805957,457.7
806152,463.6
806619,465.1
806824,466.3
807121,469.05
807313,470.2
807608,469.6
807812,471.4
807910,468.9
808087,463.75
808351,463.15
808538,462.85
808657,456.75
809005,457.9
809217,458.75
809434,457.1
809653,461.25
809850,459.85
810071,459.1
810330,457.55
810566,459.7
810812,460.15
811022,463.3
811419,465.65
811612,470.35
811820,473.5
812024,469.7
812326,470.4
812543,468.95
812758,470.15
812952,464.25
813240,465.75
813409,463.05
813739,462.6
814150,462.8
814323,468.2
814572,469.3
814839,468.75
815041,467.7
815182,464.75
815523,463.75
815722,464.9
816034,463.35
816181,466.3
816504,465.6
816857,464.5
816992,461.35
817198,461.9
817549,464.65
817852,470.1
818085,470.45
818273,470.15
818481,466.3
818669,463.25
818922,462.65
819063,460.75
819315,460.6
819501,459.25
819675,455.6
819777,449.95
820106,452.05
820298,454.55
820476,453.5
820660,450.75
821090,452.4
821233,451.6
821359,442.35
821563,444.9
821917,448.1
822206,447.5
822427,447.9
822673,450.8
822960,448.95
823262,450.75
823481,449.3
823752,451.05
823927,449.2
824255,447.5
824410,446.15
824676,447.15
825054,446.9
825275,446.7
825499,448.5
825718,453.65
825914,449.6
826081,446.0
826344,449.35
826523,453.75
826954,455.65
827131,458.85
827300,453.65
827618,458.2
827951,457.15
828146,459.25
828412,458.7
828610,459.7
828904,464.55
829203,462.1
829507,462.15
829801,458.15
829986,459.9
830282,457.75
830753,459.6
830856,459.45
830980,457.7
831287,458.25
831402,456.8
831687,457.25
832050,454.8
832268,455.9
832454,453.7
832738,457.7
832965,454.9
833259,458.7
833462,461.15
833685,455.25
833917,457.45
834073,456.4
834310,452.6
834580,452.9
834773,455.05
835110,456.6
835324,455.25
835522,451.35
835783,454.45
835937,451.25
836167,455.6
836403,457.5
836666,460.15
836870,459.6
837051,459.1
837333,461.8
837712,466.0
837914,474.55
838214,477.0
838395,472.95
838741,477.05
838977,478.8
839239,482.2
839485,482.15
839790,484.35
840089,490.2
840363,489.15
840559,488.6
840867,491.3
841076,488.8
841244,491.2
841488,486.7
841799,489.1
842129,486.4
842395,488.15
842621,485.9
842849,483.25
843043,483.65
843354,483.7
843700,484.55
843880,486.0
844331,486.0
844413,486.3
844627,489.95
844922,489.85
845301,490.7
845592,488.3
845811,489.05
846107,493.8
846311,490.9
846532,488.55
846854,488.65
847166,487.8
847439,487.15
847666,484.05
848061,485.65
848205,485.05
848507,484.85
848811,485.3
849157,487.0
849483,491.15
849807,491.5
850185,494.25
850421,496.25
850766,497.3
850836,501.5
850954,493.85
851075,489.6
851410,490.05
851800,492.2
851936,491.9
852112,489.35
852280,485.35
852712,489.8
853051,489.75
853304,494.2
853500,492.8
853656,492.65
853819,485.7
854157,488.55
854411,492.4
854675,493.4
854845,488.15
855037,487.5
855368,489.8
855603,489.8
855857,488.1
856283,494.0
856568,492.65
856836,491.15
857099,492.7
857263,490.1
857497,491.45
857795,491.5
858066,486.8
858245,487.45
858473,484.6
858614,482.3
858862,478.85
859042,476.75
859201,475.35
859462,471.1
859650,469.45
859965,468.9
860235,471.15
860580,475.35
860850,477.7
860947,473.75
861147,473.65
861300,475.2
861579,475.8
861703,471.45
861806,466.9
862011,463.2
862284,465.35
862454,462.9
862679,462.7
862824,461.45
863121,459.95
863353,458.2
863598,455.45
863912,454.7
864018,456.05
864263,458.75
864542,459.05
864775,457.4
865114,463.75
865447,463.65
865636,463.6
865870,463.5
866275,462.95
866416,463.75
866670,465.35
866903,460.45
867154,453.95
867408,455.0
867621,454.9
867725,447.2
867963,446.45
868164,448.85
868400,456.85
868721,457.2
868947,457.15
869114,455.45
869463,459.75
869741,460.25
869997,464.0
870274,462.9
870573,463.55
870749,461.9
871006,463.65
871230,462.6
871523,467.3
871762,465.3
872044,464.55
872271,464.25
872530,466.35
872749,470.3
873068,467.9
873282,465.0
873509,469.45
873707,467.2
873859,463.0
874073,461.9
874317,457.2
874611,456.75
874851,458.75
875168,464.05
875327,461.85
875630,464.5
875814,462.8
876128,461.9
876322,467.05
876687,470.25
877066,473.85
877229,478.0
877540,481.85
877782,482.0
878015,481.3
878258,477.95
878578,476.65
878730,479.25
878979,479.5
879113,480.15
879350,480.45
879703,482.6
879892,486.3
880284,494.7
880679,492.7
880907,493.4
881065,496.65
881279,494.65
881625,494.2
881786,496.2
882002,492.85
882302,492.75
882484,492.45
882631,492.65
882857,490.4
883086,486.3
883403,483.85
883582,486.95
883940,487.6
884234,489.95
884564,491.3
884733,492.4
885023,491.3
885242,490.65
885359,489.65
885545,486.1
885848,486.75
886040,489.0
886238,486.85
886478,488.95
886665,485.05
886908,482.95
887044,482.95
887417,481.45
887651,481.2
887765,477.25
888000,475.35
888307,476.25
888663,477.05
888838,476.75
889099,476.85
889306,477.8
889559,474.2
889797,474.0
889930,471.2
890251,472.05
890448,468.5
890809,471.25
891062,475.4
891300,472.95
891414,471.65
891610,469.05
891763,467.0
891973,466.05
892191,464.1
892340,461.9
892481,459.8
892686,454.9
892953,452.85
893317,455.85
893571,463.7
893834,461.35
894036,459.1
894289,456.95
894551,455.25
894785,455.75
895012,453.45
895349,453.9
895704,454.0
895871,452.2
896184,452.55
896478,455.45
896714,457.35
897050,458.1
897299,455.95
897553,452.5
897747,451.3
898062,448.75
898297,447.3
898527,448.3
898780,451.85
898958,449.9
899112,446.95
899340,447.95
899474,446.05
899778,447.45
899990,444.25
900259,442.25
900626,445.4
900720,447.35
901029,445.7
901230,446.8
901525,443.85
901861,442.75
902131,444.7
902265,444.2
902508,443.85
902689,448.75
903154,450.2
903383,451.75
903579,458.9
903831,458.9
904023,459.75
904165,457.55
904431,457.15
904622,458.0
904851,457.8
905037,456.5
905119,455.9
905418,456.4
905771,457.25
906111,456.05
906383,459.9
906788,460.75
907104,462.0
907394,464.15
907587,466.4
907864,464.2
907975,464.0
908174,461.45
908361,458.95
908649,458.05
908794,457.15
908952,460.35
909199,461.55
909456,465.2
909700,463.15
909791,463.6
910051,466.75
910233,467.95
910428,464.1
910751,464.0
910908,455.35
911083,453.4
911356,456.25
911656,457.05
911831,455.1
912044,455.1
912438,458.55
912654,458.55
912883,458.1
913256,459.7
913392,460.0
913581,458.0
913850,458.0
914042,454.7
914280,453.35
914560,453.0
914879,458.2
915122,458.15
915459,457.6
915651,459.85
915762,455.8
916153,454.95
916507,461.65
916713,462.05
916942,461.9
917160,467.6
917510,468.2
917633,469.6
917855,469.8
918126,472.3
918382,468.4
918760,470.15
918911,470.6
919187,468.25
919465,470.75
919820,471.05
920201,472.8
920483,474.9
920682,476.0
920852,475.55
921114,473.4
921404,470.55
921615,469.35
921920,469.4
922111,470.75
922317,473.5
922522,473.7
922851,478.15
923029,475.55
923170,474.45
923472,477.2
923984,486.7
924271,484.95
924639,482.85
924852,484.25
925071,482.85
925217,479.1
925525,481.1
925794,482.1
926148,483.15
926304,485.4
926497,485.1
926911,492.5
927213,489.5
927427,493.05
927791,495.6
927983,495.85
928336,498.1
928529,502.3
928764,503.2
928952,501.4
929296,503.55
929583,514.65
929956,511.65
930195,516.45
930460,520.3
930666,516.55
930937,516.55
931177,520.05
931435,520.6
931572,511.6
931815,509.8
932097,510.35
932319,509.85
932517,511.85
932646,510.45
932801,506.65
933132,506.55
933339,509.7
933701,511.55
933990,510.45
934276,515.95
934487,513.7
934622,512.55
934803,513.6
935028,508.3
935398,507.7
935741,515.65
935878,513.1
936139,509.15
936285,506.55
936537,507.85
936670,505.55
936871,501.85
937112,505.75
937489,501.9
937726,505.2
938056,506.6
938242,504.15
938515,500.7
938726,498.15
939010,499.05
939259,504.45
939504,502.75
939748,502.75
939941,504.3
940161,504.6
940399,504.9
940710,504.95
941018,506.3
941286,506.25
941506,505.35
941712,504.4
941983,503.85
942185,500.8
942456,500.55
942690,501.35
942799,494.7
943107,493.85
943367,493.9
943605,504.25
943877,499.55
944078,497.85
944248,497.15
944474,494.75
944761,497.5
945004,493.25
945140,493.45
945331,492.8
945644,492.5
945811,490.0
945986,489.1
946190,484.5
946339,484.7
946493,481.15
946835,484.75
947069,482.5
947318,480.25
947563,478.8
947733,476.95
947996,476.85
948162,472.8
948444,470.55
948707,469.95
948915,471.8
949176,475.4
949644,485.45
949900,484.55
950036,480.75
950352,483.2
950706,488.15
950938,490.05
951153,487.8
951345,482.35
951764,481.25
951882,481.35
952085,476.45
952277,476.65
952579,481.6
952679,480.35
952987,481.5
953207,482.35
953425,476.45
953773,480.05
954029,481.2
954360,481.45
954483,478.55
954776,484.0
955014,485.15
955418,484.3
955609,485.15
955897,486.85
956073,484.1
956260,482.2
956495,480.55
956743,481.0
956955,480.1
957141,475.05
957378,481.5
957640,479.55
957934,482.3
958167,481.4
958420,481.6
958681,481.85
958815,481.5
959119,479.65
959362,481.6
959596,482.65
959921,485.65
960179,484.25
960492,486.6
960592,482.3
960786,484.25
960943,481.1
961219,479.65
961471,475.8
961770,479.15
962032,480.6
962100,477.5
962329,477.35
962592,477.65
962752,476.25
962997,477.25
963276,476.7
963477,476.45
963769,479.4
963887,478.25
964058,475.75
964376,480.45
964694,477.75
964863,475.65
965223,480.7
965479,480.8
965773,480.65
965958,483.2
966285,485.65
966585,486.5
966748,489.0
967034,487.05
967361,481.55
967573,482.15
967734,483.9
968077,485.05
968339,487.3
968603,488.35
968705,490.8
968951,492.95
969091,492.05
969251,488.45
969487,489.1
969680,488.5
969929,485.05
970145,490.35
970542,492.45
970868,494.85
971190,495.65
971473,496.45
971753,495.95
971982,495.9
972291,496.45
972550,500.0
972915,499.7
973257,501.2
973455,499.95
973646,496.45
973859,496.85
973998,497.6
974222,498.15
974479,496.85
974744,496.0
975131,502.7
975609,506.5
975810,506.1
976219,505.85
976494,503.3
976764,506.35
977009,507.3
977418,510.05
977668,516.65
977894,516.95
978291,518.2
978529,517.55
978887,514.05
979327,523.95
979561,528.6
979741,528.25
979913,525.65
980161,525.5
980317,522.55
980507,522.65
980674,520.9
980980,523.3
981276,520.75
981513,522.4
981776,523.3
981923,522.15
982202,521.9
982280,520.05
982404,515.8
982591,516.3
983096,518.7
983317,519.9
983491,516.2
983882,519.65
984094,515.5
984371,517.05
984718,518.35
985003,518.6
985217,522.15
985528,519.0
985890,519.4
986145,521.25
986363,519.8
986609,516.65
986924,522.4
987175,518.75
987382,520.45
987515,514.05
987768,515.0
987901,515.9
988029,508.45
988349,513.1
988522,513.85
988767,517.75
988987,516.95
989271,517.9
989515,517.35
989762,517.1
990086,518.4
990330,516.1
990686,517.4
991038,520.95
991263,522.65
991602,520.6
991789,520.3
992055,519.95
992321,521.25
992646,525.05
992843,526.6
993195,530.2
993469,530.05
993666,532.65
993802,529.5
994138,526.15
994325,524.95
994619,521.45
994857,521.7
995148,521.1
995379,520.1
995656,518.6
996068,518.25
996298,511.75
996643,509.55
996782,507.05
997014,506.8
997297,506.05
997517,502.6
997686,502.4
997913,499.95
998159,507.7
998331,508.55
998567,509.25
998789,510.85
999013,511.7
999169,512.35
999414,512.65
999708,513.2
999994,510.75
1000135,511.55
1000444,513.55
1000610,513.85
1000883,521.85
1001175,526.7
1001461,530.75
1001725,527.9
1002001,526.3
1002319,536.2
1002516,534.5
1002683,530.8
1002887,528.45
1003074,527.45
1003299,527.25
1003667,528.5
1003769,525.65
1004089,522.7
1004298,522.05
1004467,519.2
1005092,523.8
1005313,523.1
1005678,524.75
1005880,522.45
1006061,526.55
1006355,528.5
1006623,528.85
1006783,535.8
1007097,537.35
1007288,534.5
1007672,538.25
1007823,537.95
1008075,532.9
1008195,530.45
1008609,530.45
1008789,528.9
1008960,525.25
1009219,525.55
1009557,524.95
1009920,524.0
1010108,524.3
1010326,524.05
1010610,523.15
1010841,520.35
1011131,520.2
1011297,520.4
1011410,517.2
1011632,511.2
1011898,511.75
1012310,511.5
1012513,516.6
1012730,515.1
1013015,516.55
1013201,513.05
1013439,513.4
1013783,513.8
1014012,514.7
1014285,513.8
1014599,513.2
1014732,510.6
1015012,514.0
1015215,515.2
1015429,517.35
1015733,514.25
1015915,513.75
1016129,514.05
1016454,513.75
1016736,510.9
1016985,511.4
1017343,511.75
1017536,514.9
1017691,512.8
1017842,509.6
1018144,510.4
1018329,510.7
1018718,511.4
1018958,516.1
1019275,515.75
1019562,515.55
1019856,511.8
1020118,511.2
1020299,503.35
1020465,504.35
1020687,494.5
1020995,496.85
1021363,501.05
1021610,502.55
1021873,505.75
1022157,506.9
1022302,501.75
1022541,504.2
1022681,501.4
1023001,503.3
1023351,506.4
1023666,503.55
1023874,503.85
1024081,505.3
1024385,503.15
1024672,506.5
1024900,501.2
1025217,504.45
1025374,503.65
1025660,502.05
1025986,497.75
1026160,497.05
1026268,495.7
1026764,499.8
1027041,501.95
1027301,502.2
1027559,502.95
1027792,503.25
1028044,502.65
1028339,501.6
1028540,502.85
1028950,500.75
1029168,503.85
1029530,505.05
1029730,505.05
1029958,505.5
1030124,506.8
1030436,508.65
1030696,508.45
1030882,507.2
1031329,507.3
1031494,509.25
1031643,504.5
1031834,501.5
1032017,499.45
1032242,497.6
1032715,502.85
1033035,502.85
1033349,505.45
1033608,510.95
1033913,509.25
1034199,509.3
1034482,509.2
1034721,511.4
1034905,511.3
1035056,511.85
1035309,509.15
1035458,506.75
1035673,504.5
1035921,502.3
1036128,505.35
1036302,505.65
1036583,509.7
1036850,509.7
1037072,510.9
1037262,502.7
1037549,503.95
1037793,501.85
1038150,510.55
1038302,507.9
1038658,507.5
1038863,512.2
1039054,510.45
1039189,512.5
1039423,507.55
1039778,509.05
1040009,508.8
1040297,507.8
1040526,504.7
1040728,507.75
1040882,505.1
1041097,507.8
1041273,505.4
1041444,500.7
1041597,495.85
1041748,492.5
1042018,490.6
1042290,492.2
1042455,491.2
1042771,491.55
1042981,489.35
1043172,486.55
1043434,490.05
1043702,494.05
1043909,492.7
1044073,492.4
1044392,498.85
1044607,493.4
1044828,491.55
1045221,496.45
1045468,495.6
1045600,494.15
1045873,492.85
1046211,493.55
1046437,495.5
1046798,497.0
1047011,494.45
1047269,493.0
1047438,492.95
1047631,488.65
1047858,489.45
1048055,491.45
1048149,483.3
1048387,483.0
1048556,481.9
1048745,476.6
1049071,477.65
1049342,481.65
1049487,483.8
1049779,484.55
1049963,484.4
1050123,476.55
1050421,474.85
1050722,473.5
1051021,471.4
1051219,472.7
1051497,468.05
1051693,469.85
1052000,473.3
1052353,476.2
1052676,476.75
1052937,483.6
1053255,485.45
1053395,484.6
1053716,485.05
1053949,480.75
1054087,479.9
1054435,479.15
1054779,478.85
1055033,482.65
1055265,483.75
1055561,477.75
1055686,476.0
1055890,475.15
1056147,473.6
1056334,472.7
1056521,475.0
1056805,478.75
1057032,477.6
1057330,478.5
1057725,478.0
1057849,478.3
1058061,480.25
1058200,476.3
1058533,480.35
1058783,482.3
1059080,484.2
1059450,490.65
1059700,497.75
1059972,498.2
1060207,497.5
1060388,495.05
1060604,494.5
1060868,491.0
1061045,489.7
1061280,487.65
1061541,488.85
1061794,487.1
1062078,489.9
1062365,489.55
1062498,485.0
1062830,486.85
1062948,486.5
1063090,477.35
1063368,477.0
1063643,478.35
1063919,480.1
1064111,477.75
1064382,478.4
1064611,476.5
1064767,473.9
1065005,471.9
1065123,474.55
1065335,472.15
1065632,472.45
1065785,473.85
1065971,476.15
1066275,477.55
1066468,480.05
1066724,481.05
1066878,476.65
1067100,476.6
1067348,478.3
1067666,479.2
1067842,479.7
1068037,478.95
1068565,482.0
1068757,489.35
1069005,487.6
1069250,483.25
1069483,483.9
1069843,480.1
1070070,481.0
1070351,482.35
1070603,482.1
1070869,478.05
1071025,476.85
1071461,480.0
1071642,481.15
1071907,482.55
1072137,483.7
1072333,482.35
1072623,481.45
1072929,481.05
1073030,481.05
1073248,479.4
1073492,480.3
1073863,485.05
1074095,486.35
1074257,484.8
1074434,482.3
1074693,483.4
1075090,481.35
1075353,483.6
1075735,483.05
1076009,484.05
1076235,489.95
1076389,485.85
1076636,488.25
1076861,482.95
1077180,479.75
1077395,480.05
1077655,478.75
1078050,479.6
1078244,486.95
1078489,486.35
1078736,489.7
1079021,488.55
1079199,489.05
1079506,490.05
1079618,489.25
1079919,489.8
1080313,493.65
1080404,493.95
1080716,496.0
1081056,495.0
1081206,497.7
1081357,497.1
1081719,497.6
1081852,498.95
1082056,493.6
1082249,491.35
1082489,490.3
1082714,495.75
1083089,498.5
1083384,503.35
1083700,508.6
1083964,508.85
1084353,513.3
1084514,518.55
1084675,513.65
1084912,510.1
1085240,513.5
1085570,521.0
1085949,521.35
1086161,522.5
1086372,522.35
1086584,519.9
1086779,520.4
1087111,517.55
1087280,511.35
1087524,508.65
1087800,514.35
1088147,515.55
1088409,515.55
1088791,518.05
1089011,516.35
1089231,512.65
1089440,512.3
1089747,515.0
1089994,514.25
1090240,513.7
1090564,517.15
1090793,515.45
1091022,515.1
1091173,516.0
1091476,517.6
1091770,518.0
1092104,526.05
1092387,524.7
1092622,522.85
1092970,526.7
1093319,528.0
1093498,531.8
1093727,534.95
1094032,535.25
1094241,534.45
1094518,533.45
1094732,530.65
1094858,529.15
1095092,524.3
1095226,523.9
1095457,520.75
1095766,525.0
1096005,525.6
1096209,524.5
1096571,527.15
1096880,526.55
1097243,522.8
1097418,524.9
1097643,524.65
1097928,528.1
1098158,525.2
1098311,519.85
1098501,518.15
1098932,526.6
1099208,525.3
1099408,526.25
1099588,524.5
1099780,524.5
1100099,525.25
1100399,534.3
1100786,535.45
1100951,532.75
1101201,534.05
1101513,537.95
1101748,538.95
1102028,535.95
1102331,535.7
1102503,530.4
1102835,529.6
1103206,530.05
1103351,530.0
1103713,525.95
1104030,531.3
1104227,529.95
1104506,534.0
1104727,531.35
1104997,528.25
1105269,529.25
1105404,524.7
1105610,521.75
1105821,524.9
1106180,528.7
1106530,526.75
1106826,530.75
1107137,529.95
1107408,525.05
1107662,524.4
1107918,525.1
1108189,525.65
1108408,524.6
1108644,526.9
1108804,526.6
1109018,524.7
1109165,523.2
1109272,520.0
1109493,515.85
1109901,516.8
1110137,515.6
1110266,513.3
1110501,513.05
1110887,513.45
1111156,512.4
1111643,513.4
1111893,514.4
1112230,514.15
1112533,514.2
1112699,512.9
1113057,512.6
1113363,510.2
1113566,508.7
1113822,509.9
1114062,511.6
1114335,517.7
1114557,520.55
1114644,518.25
1114966,516.75
1115335,516.2
1115485,511.5
1115727,509.95
1116018,512.15
1116184,505.85
1116521,511.45
1116772,508.8
1117037,512.0
1117390,513.2
1117622,516.95
1117880,513.1
1118180,510.7
1118615,516.6
1118796,513.75
1119108,516.3
1119302,517.45
1119557,516.6
1119859,513.25
1119982,512.65
1120287,513.25
1120456,513.55
1120694,508.55
1120986,511.4
1121243,509.85
1121577,511.85
1121765,510.45
1122008,508.5
1122203,507.8
1122408,503.35
1122539,498.35
1122757,499.1
1122874,494.55
1123176,492.05
1123367,490.85
1123645,489.2
1123857,495.15
1124094,497.5
1124376,496.25
1124634,495.0
1124848,497.05
1125131,496.55
1125394,495.8
1125703,494.2
1125920,493.45
1126288,495.65
1126620,499.55
1126841,502.45
1127107,502.7
1127351,501.2
1127552,501.35
1127808,502.2
1128085,508.25
1128245,505.8
1128583,509.75
1128860,509.65
1129215,512.6
1129434,512.6
1129791,509.6
1130061,509.25
1130379,506.65
1130652,506.9
1130917,508.15
1131296,510.45
1131626,513.75
1131917,516.45
1132155,517.05
1132419,516.9
1132638,515.65
1132906,515.7
1133194,516.0
1133608,523.0
1133811,524.75
1134038,524.05
1134425,524.65
1134664,529.15
1134923,531.95
1135137,533.35
1135472,532.9
1135623,531.5
1135958,529.45
1136190,530.85
1136414,532.75
1136567,529.65
1136768,529.45
1137052,523.75
1137227,522.9
1137522,523.55
1137953,530.1
1138161,529.4
1138533,529.65
1138787,528.95
1139054,530.05
1139431,534.2
1139666,534.25
1140019,540.85
1140189,538.05
1140509,537.1
1140802,542.75
1141109,545.6
1141334,542.4
1141523,550.15
1141910,550.5
1142276,559.6
1142373,562.05
1142786,564.8
1143128,567.7
1143405,569.4
1143550,566.3
1143850,567.75
1144124,569.15
1144431,569.55
1144608,567.1
1144716,565.15
1145030,564.95
1145206,562.8
1145534,562.6
1145791,560.2
1145892,555.55
1146209,556.75
1146471,556.5
1146754,556.55
1147005,555.4
1147220,557.7
1147437,556.5
1147648,558.35
1147787,550.65
1148089,552.7
1148273,555.05
1148467,550.65
1148649,547.2
1148846,547.4
1149060,542.0
1149265,542.65
1149558,539.1
1149840,536.5
1150036,536.45
1150185,532.55
1150437,530.8
1150634,528.8
1151145,531.35
1151463,544.3
1151679,541.1
1151965,540.2
1152194,537.5
1152444,537.65
1152700,537.1
1152868,535.05
1153162,532.15
1153387,530.85
1153570,528.65
1153771,530.55
1154032,531.3
1154309,530.45
1154608,532.65
1154787,529.35
1155025,530.6
1155209,532.6
1155439,530.05
1155739,532.45
1156086,531.6
1156355,528.0
1156565,527.8
1156818,527.9
1156982,523.95
1157160,522.35
1157343,519.45
1157665,524.0
1158022,517.65
1158177,516.65
1158473,518.4
1158737,512.6
1158950,511.1
1159113,510.65
1159291,504.4
1159570,504.65
1159825,497.95
1159987,501.6
1160290,501.6
1160517,500.05
1160668,495.75
1161065,495.65
1161237,497.15
1161517,495.15
1161754,495.35
1162016,489.95
1162293,496.75
1162634,500.8
1162891,500.45
1163113,504.25
1163293,503.25
1163569,502.05
1163790,503.3
1164134,502.7
1164403,503.35
1164649,504.4
1164989,508.7
1165294,508.8
1165616,510.7
1165840,508.7
1166138,512.5
1166353,512.35
1166723,515.0
1166995,515.3
1167327,519.1
1167508,517.85
1167798,521.4
1168036,521.05
1168413,524.35
1168671,526.0
1169223,531.85
1169502,535.05
1169736,532.0
1170146,540.55
1170445,531.85
1170734,531.4
1170923,530.25
1171213,532.0
1171515,531.35
1171697,531.05
1171943,528.3
1172180,531.1
1172426,531.15
1172704,527.35
1172964,531.75
1173300,531.55
1173433,532.5
1173695,526.25
1173969,525.9
1174211,525.8
1174521,529.25
1174943,534.6
1175218,534.3
1175454,534.5
1175647,531.1
1175757,525.9
1176017,526.35
1176334,527.1
1176531,525.95
1176772,531.35
1177011,527.75
1177368,533.55
1177549,531.8
1177795,532.7
1178025,532.55
1178327,533.6
1178459,532.35
1178736,535.65
1178984,536.6
1179165,534.25
1179406,530.45
1179672,533.9
1180073,539.15
1180385,541.4
1180684,544.35
1180979,542.25
1181131,539.4
1181432,542.45
1181823,540.6
1182102,538.5
1182242,536.0
1182448,532.8
1182677,535.5
1182990,537.7
1183212,536.65
1183453,536.0
1183610,533.45
1183843,534.25
1184067,528.45
1184253,525.55
1184494,525.15
1184702,527.2
1184995,524.5
1185214,523.9
1185516,522.45
1185667,522.4
1185889,519.35
1186226,523.65
1186475,522.35
1186793,521.3
1187016,520.75
1187164,512.6
1187393,512.55
1187573,509.95
1187959,513.05
1188282,513.65
1188554,503.5
1188798,500.8
1189137,500.75
1189333,501.6
1189655,502.65
1189965,502.85
1190083,504.2
1190273,500.65
1190646,501.5
1190902,510.2
1191187,508.65
1191417,507.2
1191725,509.1
1191985,513.45
1192214,512.9
1192436,513.0
1192634,510.4
1193058,510.8
1193174,504.8
1193337,503.05
1193601,501.9
1193819,504.1
1194055,506.6
1194260,506.95
1194556,512.1
1194866,513.7
1195015,508.8
1195231,507.5
1195541,501.7
1195769,503.75
1196144,504.85
1196462,505.7
1196735,508.7
1197007,513.5
1197278,511.5
1197496,513.65
1197747,516.2
1197909,515.95
1198214,509.8
1198348,507.35
1198639,507.0
1198842,503.9
1199178,507.55
1199399,507.8
1199673,507.0
1199767,506.15
1200062,503.15
1200282,504.1
1200556,504.65
1200818,502.05
1201056,504.25
1201447,504.5
1201722,504.65
1201950,509.9
1202244,509.2
1202412,510.4
1202671,510.85
1202978,508.95
1203190,512.2
1203411,511.1
1203710,512.7
1203877,512.25
1204219,510.6
1204475,511.75
1204635,515.45
1204895,512.65
1205099,513.4
1205361,511.85
1205675,511.9
1205827,513.65
1206111,514.1
1206265,514.65
1206607,515.1
1206933,516.95
1207196,519.95
1207349,516.35
1207677,516.75
1207980,519.5
1208369,524.05
1208572,524.2
1208821,522.1
1209168,531.0
1209398,529.7
1209665,526.6
1210102,528.15
1210585,529.9
1210745,522.9
1211105,523.45
1211261,523.95
1211595,525.35
1211811,523.7
1212097,521.0
1212538,523.45
1212799,530.55
1213145,534.0
1213550,533.0
1213738,536.25
1214161,537.85
1214587,540.65
1214926,541.6
1215174,545.3
1215462,544.3
1215682,543.0
1215823,541.4
1216212,540.95
1216357,538.15
1216604,534.35
1216893,536.1
1217213,536.35
1217355,535.15
1217543,533.5
1217703,528.75
1217961,531.35
1218187,532.05
1218377,529.5
1218703,527.7
1218972,529.9
1219197,527.1
1219423,536.65
1219655,536.85
1219917,536.2
1220174,538.5
1220396,538.45
1220597,535.1
1220881,534.95
1221208,535.35
1221358,532.55
1221569,530.25
1221791,530.85
1222012,529.6
1222205,527.15
1222507,528.0
1222731,527.6
1223078,533.05
1223302,536.65
1223482,535.9
1223717,530.65
1224128,535.0
1224330,531.55
1224580,534.7
1224889,533.85
1225149,531.6
1225308,528.15
1225533,528.05
1225879,525.65
1226117,525.4
1226378,523.85
1226592,521.75
1226830,525.0
1227081,522.05
1227431,518.95
1227704,514.5
1227851,513.95
1228136,507.85
1228370,507.45
1228609,507.3
1228917,501.75
1229156,499.05
1229390,502.15
1229698,499.75
1230018,503.6
1230298,503.05
1230537,502.6
1230781,502.35
1231025,503.45
1231179,495.75
1231352,490.6
1231690,491.65
1231926,490.55
1232123,486.4
1232366,478.25
1232526,478.5
1232933,478.9
1233112,479.65
1233414,485.45
1233710,486.55
1233889,491.2
1234308,494.7
1234514,495.7
1234764,494.3
1235037,495.55
1235231,493.05
1235571,496.1
1235864,495.1
1236081,498.25
1236372,497.45
1236588,498.15
1236982,500.05
1237224,502.45
1237573,501.25
1237734,502.75
1238066,500.5
1238413,503.55
1238618,504.2
1238971,505.1
1239263,506.0
1239529,506.95
1239738,505.15
1239972,503.35
1240186,504.75
1240442,509.85
1240708,509.2
1240947,511.0
1241281,516.45
1241455,510.55
1241855,511.15
1242207,507.4
1242449,507.15
1242755,509.95
1243024,511.6
1243342,508.3
1243694,514.35
1244119,516.9
1244263,514.8
1244454,514.1
1244679,515.35
1244968,519.6
1245272,519.1
1245496,517.7
1245861,518.15
1246171,523.75
1246435,520.9
1246660,521.4
1246893,521.95
1247104,520.4
1247355,521.1
1247681,524.5
1247812,522.65
1248166,529.1
1248491,528.55
1248586,535.8
1248948,535.6
1249116,534.1
1249419,533.3
1249617,528.85
1249926,535.1
1250166,533.7
1250518,534.4
1250874,538.45
1251201,543.5
1251449,541.2
1251615,538.25
1251893,539.9
1252205,542.1
1252359,542.8
1252510,540.5
1252816,535.8
1253125,536.95
1253441,535.65
1253674,533.0
1253809,527.2
1254067,528.65
1254174,524.3
1254444,524.5
1254653,523.85
1254981,525.45
1255195,525.9
1255496,524.85
1255858,530.85
1256179,533.75
1256473,533.3
1256632,529.35
1256835,527.45
1257295,534.2
1257528,534.2
1257769,529.85
1257985,529.35
1258295,529.65
1258669,532.35
1259050,535.0
1259279,534.05
1259530,536.15
1259871,539.45
1260078,534.6
1260347,536.05
1260672,536.65
1261003,536.7
1261398,544.3
1261660,542.1
1261891,541.05
1262309,541.5
1262548,541.4
1262697,541.5
1263101,544.45
1263383,541.5
1263573,536.8
1263786,535.25
1263988,539.15
1264310,539.45
1264491,539.7
1264652,535.15
1264931,540.25
1265390,540.1
1265558,543.05
1265818,537.85
1266074,539.65
1266450,543.75
1266803,545.2
1266956,546.65
1267224,547.15
1267426,546.65
1267729,549.75
1268058,543.6
1268276,540.6
1268526,543.6
1268879,540.75
1269083,543.0
1269399,546.15
1269774,545.9
1269923,543.8
1270257,544.15
1270398,542.8
1270756,541.05
1271079,540.85
1271289,542.05
1271643,544.15
1271937,543.75
1272179,544.0
1272566,545.65
1272793,549.95
1273092,548.4
1273391,546.8
1273568,544.65
1273761,541.75
1273956,543.6
1274282,549.3
1274534,552.9
1274722,549.35
1274998,547.9
1275415,548.15
1275630,548.8
1275833,549.5
1276142,541.5
1276359,537.6
1276628,535.05
1276943,536.95
1277327,538.7
1277600,540.25
1277755,537.45
1278080,538.55
1278350,538.2
1278694,537.6
1278931,536.05
1279207,535.1
1279461,536.95
1279851,533.05
1280220,539.5
1280448,542.3
1280624,538.4
1281084,538.85
1281367,537.65
1281656,539.55
1281868,541.1
1282232,539.1
1282523,539.65
1282685,537.4
1283032,537.45
1283275,536.0
1283513,538.85
1283802,541.25
1283969,539.8
1284154,538.0
1284429,539.75
1284653,538.8
1284933,534.3
1285129,534.75
1285291,527.45
1285686,536.35
1286028,536.4
1286300,534.6
1286573,534.1
1286884,535.3
1287018,532.7
1287265,531.05
1287432,527.95
1287684,527.95
1287907,528.2
1288065,522.95
1288333,519.55
1288606,520.85
1288797,516.4
1288960,515.75
1289244,516.8
1289652,516.8
1289848,516.45
1290283,515.0
1290688,516.05
1290850,515.7
1291063,515.45
1291421,515.75
1291644,513.95
1292174,513.05
1292378,517.15
1292700,518.2
1292869,514.7
1293131,519.2
1293495,519.75
1293836,520.85
1294050,516.15
1294283,517.0
1294501,514.9
1294708,516.65
1295147,520.65
1295449,522.1
1295718,523.85
1296094,530.4
1296531,537.55
1296738,535.95
1297169,532.55
1297600,531.05
1297982,541.95
1298325,540.25
1298452,534.4
1298804,534.95
1299074,537.9
1299595,544.2
1300056,548.75
1300199,546.9
1300620,543.85
1300844,541.65
1301038,542.7
1301292,538.35
1301592,537.25
1301934,539.75
1302202,541.05
1302577,540.2
1302938,544.5
1303117,544.6
1303505,542.7
1303935,546.7
1304321,554.8
1304781,553.65
1305074,558.5
1305329,557.4
1305562,557.85
1305825,556.5
1306046,557.6
1306166,555.45
1306427,558.55
1306730,552.9
1307035,552.85
1307351,553.0
1307515,550.9
1307679,548.35
1308004,553.5
1308130,553.1
1308355,552.65
1308489,550.65
1308675,546.6
1309130,554.1
1309422,557.25
1309596,553.9
1309804,555.65
1310010,555.95
1310210,554.2
1310731,559.15
1310946,560.7
1311239,560.85
1311477,560.3
1311660,556.6
1311950,555.15
1312306,557.1
1312534,557.95
1312985,558.75
1313259,558.35
1313438,558.35
1313796,561.7
1314171,564.75
1314300,563.9
1314441,559.35
1314649,558.25
1314821,556.85
1315193,564.25
1315386,562.8
1315642,563.1
1315780,559.65
1316025,558.85
1316438,562.6
1316658,556.0
1316975,554.8
1317288,556.25
1317472,552.6
1317770,552.05
1318012,545.9
1318320,546.45
1318473,546.45
1318699,543.25
1318853,540.45
1319056,529.95
1319273,530.35
1319528,530.2
1319754,527.9
1320197,531.25
1320371,533.55
1320520,530.5
1320811,528.3
1320945,525.6
1321190,524.2
1321342,517.2
1321496,516.15
1321807,514.95
1322120,511.9
1322253,510.65
1322448,501.75
1322577,496.95
1322785,495.55
1323211,497.5
1323398,495.9
1323650,496.9
1323892,497.05
1324092,496.15
1324337,496.8
1324620,496.85
1324902,492.9
1325186,496.55
1325579,499.75
1325696,498.35
1325988,499.45
1326219,502.25
1326506,504.15
1326816,507.9
1327099,507.1
1327588,507.6
1327954,512.4
1328390,516.85
1328515,518.5
1328743,519.7
1328910,511.45
1329159,512.05
1329378,511.45
1329775,513.05
1330033,516.8
1330325,519.1
1330584,517.85
1330810,516.7
1331157,519.05
1331432,513.95
1331712,518.2
1331997,514.25
1332153,510.65
1332611,514.7
1332756,517.45
1332979,519.25
1333336,521.65
1333463,511.85
1333732,511.8
1333874,512.35
1334234,515.05
1334571,515.2
1334843,517.2
1335143,516.8
1335483,520.45
1335813,520.05
1336091,519.7
1336374,521.2
1336604,519.5
1336802,516.1
1337024,513.8
1337347,515.15
1337527,517.9
1337776,520.15
1338118,522.15
1338324,520.15
1338763,525.15
1339042,525.55
1339403,526.15
1339713,527.4
1340077,530.8
1340384,533.35
1340733,538.9
1340990,539.95
1341190,544.35
1341568,544.05
1341831,547.1
1342063,544.95
1342283,549.4
1342613,552.6
1342837,552.1
1343098,553.3
1343309,554.9
1343539,552.35
1343761,550.6
1344073,555.5
1344309,555.5
1344480,552.9
1344757,558.55
1344993,558.2
1345288,553.0
1345513,553.4
1345684,550.85
1345830,548.2
1346160,549.8
1346442,551.3
1346670,547.25
1346992,547.25
1347176,546.8
1347309,543.5
1347520,538.9
1347709,539.65
1348096,541.8
1348340,549.05
1348601,547.95
1349023,547.5
1349279,543.6
1349509,545.8
1349709,541.7
1349944,542.5
1350112,540.2
1350379,534.85
1350868,538.85
1351096,537.75
1351285,539.6
1351386,537.5
1351659,531.2
1351821,529.8
1352010,529.05
1352220,524.85
1352584,534.25
1352745,533.4
1353094,533.5
1353320,530.0
1353546,529.2
1353720,523.5
1353888,519.2
1354122,513.75
1354454,513.6
1354663,510.8
1354909,506.8
1355029,508.35
1355235,509.2
1355485,508.75
1355597,508.95
1355756,502.6
1356063,503.65
1356245,504.1
1356644,501.25
1356872,499.4
1357095,495.4
1357328,494.95
1357524,490.9
1357849,491.2
1358223,491.1
1358383,492.0
1358563,484.75
1358914,484.55
1359123,481.45
1359344,478.75
1359627,480.1
1359863,475.7
1360112,476.9
1360434,476.75
1360704,478.3
1360974,476.9
1361180,477.15
1361456,481.35
1361678,481.1
1361920,479.15
1362207,479.35
1362396,478.75
1362534,473.7
1362767,475.35
1363064,474.0
1363496,480.6
1363728,485.55
1364013,486.05
1364210,484.8
1364479,482.15
1364744,485.45
1365061,487.95
1365277,486.6
1365449,488.45
1365640,486.6
1365968,488.15
1366345,482.2
1366735,484.5
1366982,484.85
1367232,484.0
1367571,484.2
1367830,487.1
1368134,488.75
1368360,487.9
1368603,491.9
1368844,486.8
1369136,487.15
1369422,487.55
1369639,491.05
1369904,493.3
1370106,492.5
1370294,490.8
1370545,495.05
1370964,495.25
1371137,494.25
1371436,494.45
1371794,495.0
1371968,498.4
1372258,501.35
1372438,502.95
1372674,503.4
1372967,501.35
1373290,500.65
1373475,506.45
1373762,506.0
1374097,509.45
1374318,513.35
1374664,514.3
1374933,516.15
1375067,516.8
1375322,516.0
1375583,517.05
1375816,518.6
1376203,519.9
1376474,520.45
1376631,520.0
1377002,522.05
1377221,515.05
1377607,514.15
1377740,513.65
1377965,513.4
1378184,509.65
1378530,517.85
1378878,520.15
1379151,519.85
1379413,521.15
1379567,518.85
1379839,517.7
1380134,523.6
1380307,521.0
1380451,517.8
1380651,515.7
1381000,516.85
1381145,519.0
1381331,514.3
1381582,514.4
1381849,516.1
1382088,517.2
1382645,517.5
1382908,518.15
1383245,521.15
1383563,521.8
1383918,521.8
1384247,520.25
1384491,518.9
1384750,519.25
1384940,518.9
1385159,520.15
1385348,520.75
1385566,518.75
1385854,516.7
1386087,514.95
1386260,513.5
1386528,512.8
1386750,512.6
1386984,511.55
1387240,512.65
1387610,516.25
1387904,515.3
1388051,514.6
1388362,515.7
1388623,515.3
1388840,513.7
1389074,514.65
1389275,512.95
1389429,515.4
1389738,513.15
1389916,511.25
1390130,511.55
1390344,509.95
1390628,511.05
1390855,508.3
1391171,508.7
1391410,509.95
1391659,511.3
1391828,509.7
1392104,509.5
1392406,509.45
1392675,512.15
1392918,511.75
1393089,509.7
1393313,507.85
1393500,505.6
1393789,509.0
1394073,507.9
1394253,509.1
1394527,509.7
1394742,505.95
1394996,508.35
1395348,511.4
1395481,508.55
1395681,507.9
1396001,511.05
1396283,510.45
1396573,513.2
1396772,518.7
1397090,517.8
1397260,513.25
1397535,510.25
1397722,508.55
1398061,508.0
1398308,511.75
1398627,509.55
1398783,506.9
1398957,508.55
1399238,509.75
1399614,510.55
1399819,510.35
1399992,512.95
1400173,512.05
1400541,515.6
1400847,515.0
1400991,509.85
1401259,503.35
1401548,502.45
1401916,507.7
1402283,507.65
1402468,506.5
1402762,506.5
1403067,507.2
1403429,507.05
1403687,508.25
1403982,506.4
1404342,514.7
1404580,515.05
1404731,514.9
1404959,515.65
1405269,517.85
1405464,516.65
1405604,513.95
1405884,511.1
1406077,513.9
1406288,508.55
1406552,509.7
1406819,510.15
1407091,506.9
1407449,510.0
1407739,511.45
1407965,513.15
1408197,513.0
1408548,515.5
1408733,515.5
1409161,521.0
1409381,523.3
1409576,520.75
1409985,524.6
1410180,523.9
1410493,522.3
1410823,525.75
1411076,530.45
1411371,531.8
1411652,530.1
1412058,535.2
1412276,531.65
1412440,534.45
1412674,532.4
1413031,536.85
1413283,536.55
1413546,536.05
1413881,536.0
1414292,534.6
1414547,535.95
1414877,535.8
1415357,535.35
1415577,540.55
1415885,541.35
1416359,547.35
1416530,546.8
1416654,542.95
1416926,542.5
1417386,542.2
1417562,546.9
1417900,547.3
1418126,545.75
1418358,544.45
1418534,542.5
1418927,543.8
1419188,549.7
1419383,550.65
1419619,550.4
1419798,544.8
1420028,546.0
1420296,547.95
1420580,545.95
1420800,546.5
1421085,548.7
1421334,551.45
1421735,556.85
1422084,560.45
1422329,552.9
1422421,548.15
1422668,547.95
1422874,548.25
1423059,542.8
1423309,541.8
1423564,543.8
1423754,541.4
1423973,535.4
1424233,535.85
1424430,537.8
1424775,541.3
1424959,539.4
1425161,539.6
1425559,543.35
1425807,547.15
1426089,546.55
1426364,547.25
1426539,546.7
1426780,548.7
1427076,550.0
1427265,548.35
1427517,545.1
1427852,547.85
1428128,546.45
1428320,544.85
1428696,547.25
1429053,548.6
1429251,547.0
1429512,550.1
1429858,545.1
1430253,553.1
1430746,550.9
1431018,550.95
1431302,550.65
1431541,553.9
1431712,545.55
1432030,543.0
1432159,542.0
1432523,548.25
1432937,548.8
1433240,549.15
1433400,547.15
1433799,550.15
1434022,549.25
1434308,549.05
1434518,551.1
1434787,551.85
1434952,547.95
1435202,546.7
1435489,543.25
1435653,538.05
1435818,534.55
1436217,540.0
1436685,543.85
1436885,547.35
1437094,541.2
1437350,543.05
1437483,541.75
1437751,540.55
1438073,541.1
1438484,547.7
1438743,542.15
1438937,542.75
1439238,543.85
1439490,546.5
1439650,543.35
1440004,543.2
1440231,543.9
1440564,543.2
1440799,543.65
1441083,544.7
1441275,537.7
1441589,537.45
1441859,538.75
1442176,541.0
1442351,539.2
1442631,541.05
1442912,543.75
1443179,544.8
1443605,548.85
1443881,549.45
1444078,553.25
1444262,552.2
1444570,547.8
1444918,553.3
1445235,555.55
1445374,548.2
1445715,548.3
1446081,548.3
1446380,553.25
1446714,555.85
1446942,552.25
1447199,552.85
1447448,552.3
1447878,552.75
1448168,554.9
1448360,554.15
1448661,558.7
1449019,553.4
1449256,555.4
1449417,554.05
1449668,554.55
1449905,548.6
1450209,546.4
1450517,548.55
1450702,544.75
1450990,543.65
1451248,541.35
1451484,547.0
1451737,547.9
1451936,551.15
1452172,545.4
1452470,543.05
1452770,541.75
1452975,545.1
1453236,541.1
1453594,542.95
1453992,540.65
1454306,543.95
1454519,546.6
1454805,550.6
1455008,550.0
1455389,550.0
1455721,561.65
1456043,561.55
1456392,556.55
1456693,557.9
1456953,563.25
1457244,563.75
1457683,572.65
1458109,576.2
1458327,576.6
1458645,576.45
1458823,577.65
1459116,575.4
1459451,574.8
1459653,579.8
1459948,580.95
1460218,585.75
1460411,582.8
1460718,582.8
1460900,583.55
1461243,588.4
1461458,589.35
1461600,585.4
1461827,582.4
1462070,583.1
1462371,584.0
1462468,582.9
1462839,583.85
1463154,583.6
1463348,588.15
1463861,592.45
1464002,591.25
1464156,584.25
1464553,587.1
1464910,589.75
1465130,587.85
1465349,584.2
1465744,590.95
1465973,590.15
1466249,587.25
1466494,586.6
1466709,586.95
1466976,585.95
1467246,584.25
1467620,586.75
1467900,586.15
1468139,586.15
1468379,587.0
1468689,582.25
1468939,581.95
1469196,581.1
1469420,582.65
1469767,580.45
1469924,583.35
1470260,584.15
1470450,583.8
1470809,583.75
1471049,583.75
1471250,585.1
1471487,585.1
1471832,585.15
1472298,597.1
1472618,598.2
1472800,596.4
1473085,597.65
1473397,598.05
1473660,598.35
1473947,600.85
1474378,608.8
1474605,605.15
1474800,600.55
1475117,599.15
1475468,602.4
1475724,601.15
1476130,597.8
1476416,598.25
1476633,594.45
1476994,596.1
1477159,591.7
1477302,587.4
1477423,578.8
1477706,573.45
1477984,575.15
1478146,570.95
1478367,570.05
1478670,571.45
1478956,570.3
1479166,568.1
1479349,568.95
1479646,570.2
1479853,567.05
1480056,565.75
1480215,564.85
1480398,555.55
1480804,556.3
1481067,558.85
1481325,560.5
1481650,560.75
1481802,560.65
1482051,564.0
1482441,561.7
1482824,565.45
1483084,567.45
1483268,555.85
1483488,558.45
1483693,559.25
1484057,559.75
1484323,558.45
1484671,559.75
1484929,559.3
1485286,560.2
1485568,560.05
1485834,564.1
1486060,560.8
1486268,557.95
1486584,563.6
1486809,565.55
1487112,565.8
1487290,561.7
1487582,561.0
1487806,561.45
1488117,564.05
1488460,563.45
1488752,562.35
1488968,562.15
1489267,569.8
1489632,567.05
1489855,568.25
1490134,570.05
1490458,570.3
1490683,568.35
1490904,566.75
1491121,563.45
1491295,562.35
1491495,556.55
1492039,558.45
1492309,556.7
1492427,555.1
1492937,559.9
1493189,560.15
1493377,559.7
1493677,559.25
1493927,552.4
1494161,553.4
1494473,555.15
1494656,553.8
1494950,551.9
1495211,553.15
1495554,550.65
1495761,548.0
1496052,546.9
1496433,556.2
1496846,559.0
1497061,556.85
1497235,562.05
1497829,564.15
1497986,567.85
1498274,569.0
1498585,573.3
1498706,573.3
1498939,571.15
1499124,570.05
1499525,569.5
1499730,566.65
1499998,570.75
1500304,571.9
1500523,574.35
1500820,576.1
1501253,578.0
1501436,579.6
1501730,579.15
1501961,579.95
1502152,579.0
1502522,580.6
1502715,579.9
1503131,572.4
1503277,568.15
1503726,572.25
1503962,577.55
1504177,579.9
1504517,583.2
1505004,587.15
1505319,586.2
1505733,592.15
1505970,589.85
1506295,589.25
1506465,590.1
1506782,590.75
1506951,590.95
1507158,585.55
1507282,578.85
1507582,581.0
1507786,581.9
1508033,581.05
1508306,578.35
1508607,579.8
1508939,587.4
1509138,589.0
1509345,587.25
1509729,584.85
1509963,582.0
1510173,583.6
1510442,581.2
1510733,582.45
1511038,588.85
1511252,586.05
1511514,587.0
1511817,588.45
1512092,588.3
1512287,579.85
1512501,578.5
1512814,584.0
1512997,578.05
1513204,573.75
1513369,572.8
1513646,571.9
1513879,570.8
1514321,572.2
1514519,572.5
1514851,576.45
1515052,578.25
1515168,571.5
1515522,566.85
1515716,567.95
1516148,570.85
1516411,563.75
1516571,561.75
1516859,567.9
1517245,574.35
1517554,571.95
1517765,567.35
1518052,569.25
1518369,565.4
1518617,571.35
1519043,573.1
1519135,577.2
1519460,575.1
1519773,576.75
1519954,577.2
1520140,570.45
1520515,574.55
1520736,574.65
1520937,570.95
1521222,573.25
1521445,573.85
1521825,575.9
1522029,576.95
1522493,581.4
1522771,585.6
1523242,587.9
1523420,589.35
1523672,587.2
1523935,582.65
1524256,586.3
1524725,586.3
1524876,585.1
1525109,577.55
1525350,572.7
1525555,568.5
1525912,573.95
1526415,576.65
1526764,575.05
1526893,577.65
1527127,578.55
1527456,582.55
1527846,581.85
1528054,582.7
1528183,579.4
1528289,570.1
1528582,563.8
1528812,562.15
1529105,564.7
1529541,565.5
1529861,566.35
1530172,565.85
1530532,573.8
1530733,571.55
1531060,568.45
1531275,569.15
1531573,570.4
1531789,571.15
1532039,570.9
1532266,572.6
1532565,576.15
1532938,574.15
1533211,577.05
1533446,580.05
1533651,581.4
1534255,579.5
1534444,584.25
1534974,590.3
1535168,585.3
1535517,587.95
1535678,582.95
1535907,586.0
1536141,592.0
1536482,593.8
1536742,592.5
1537184,595.25
1537411,593.55
1537666,597.5
1537914,586.85
1538082,584.9
1538270,584.9
1538473,579.05
1538718,576.45
1539036,578.35
1539409,578.75
1539693,574.9
1539866,573.45
1540035,570.95
1540268,570.55
1540552,569.3
1540689,566.0
1540997,564.8
1541286,571.8
1541730,577.85
1541948,578.25
1542164,574.45
1542483,572.7
1542622,573.25
1542948,565.55
1543329,564.2
1543605,564.7
1543922,568.75
1544184,565.55
1544280,557.45
1544529,552.7
1544806,551.2
1544995,554.7
1545287,556.1
1545495,560.4
1545721,553.85
1546016,549.8
1546453,554.05
1546646,552.65
1546942,552.35
1547316,552.45
1547609,552.9
1548162,558.4
1548364,562.15
1548613,570.7
1548957,572.7
1549158,571.85
1549377,571.2
1549663,571.1
1549981,568.65
1550225,569.2
1550437,563.45
1550657,563.65
1551094,565.85
1551340,565.25
1551754,565.55
1552030,567.3
1552392,573.6
1552781,575.25
1553102,576.05
1553395,576.95
1553611,574.0
1554000,575.95
1554250,577.9
1554613,578.65
1554802,574.25
1555174,567.9
1555412,571.3
1555861,572.9
1556109,576.7
1556341,576.0
1556722,578.45
1557012,586.65
1557376,588.85
1557671,581.45
1557925,585.15
1558159,586.65
1558385,586.95
1558635,589.35
1558868,590.05
1559354,597.75
1559540,593.1
1559937,591.0
1560099,594.15
1560362,594.15
1560655,599.5
1560840,600.25
1561063,601.7
1561375,603.1
1561534,606.45
1561780,604.6
1561958,598.7
1562163,590.4
1562412,591.85
1562674,589.9
1562865,590.15
1563131,588.75
1563489,593.05
1563683,587.6
1563941,589.6
1564080,585.7
1564242,583.85
1564516,586.55
1564862,588.3
1565219,596.0
1565574,596.9
1565806,595.1
1565979,597.2
1566498,601.8
1566793,605.2
1567026,603.0
1567279,603.75
1567641,604.3
1567770,606.75
1567966,604.15
1568249,605.45
1568501,596.75
1568921,596.85
1569109,596.75
1569350,597.3
1569638,596.5
1569846,594.25
1570224,595.6
1570672,599.65
1570967,605.2
1571277,602.5
1571484,601.8
1571752,600.75
1572175,605.45
1572357,603.25
1572545,601.15
1572823,590.8
1573283,587.6
1573552,593.4
1573725,592.85
1573951,595.3
1574175,592.4
1574313,587.15
1574697,585.55
1574805,583.85
1575141,583.9
1575322,581.25
1575627,576.65
1575843,575.45
1576105,574.9
1576385,573.5
1576664,564.05
1576800,562.95
1577270,558.75
1577373,559.05
1577531,551.35
1577862,551.0
1577994,549.35
1578183,547.45
1578474,546.45
1578959,551.2
1579354,551.2
1579601,550.7
1579720,547.5
1579913,540.45
1580140,541.75
1580474,541.25
1580816,541.5
1581173,541.85
1581433,541.9
1581656,544.95
1581927,543.9
1582192,547.75
1582546,551.15
1582851,552.25
1583000,545.05
1583493,545.05
1583729,552.4
1583873,551.45
1584097,554.25
1584475,559.15
1584900,558.45
1585025,558.5
1585215,550.4
1585459,549.5
1585812,552.4
1586285,557.0
1586624,551.0
1586841,556.05
1587045,550.95
1587244,547.85
1587487,543.7
1587893,554.95
1588101,550.4
1588449,550.95
1588680,553.1
1588998,552.7
1589334,553.0
1589509,557.6
1589774,557.95
1590004,558.15
1590200,547.3
1590485,547.65
1590897,550.6
1591019,547.25
1591223,545.45
1591506,543.6
1591955,547.6
1592242,547.8
1592531,550.4
1592756,553.75
1592941,545.9
1593306,543.7
1593569,546.3
1593937,549.9
1594170,549.65
1594528,559.95
1594773,554.6
1594911,559.3
1595199,556.45
1595463,557.3
1595805,557.65
1596120,561.95
1596395,563.35
1596780,563.35
1596986,563.75
1597235,563.1
1597538,565.7
1597829,573.15
1598144,577.2
1598432,575.4
1598652,578.3
1599026,580.15
1599292,578.8
1599572,576.55
1599931,577.15
1600110,575.75
1600363,578.65
1600578,581.9
1600933,585.55
1601289,587.35
1601505,585.85
1601763,585.4
1602021,586.4
1602248,585.75
1602469,584.1
1602770,581.75
1603048,577.55
1603181,578.85
1603486,581.65
1603815,578.35
1604062,578.2
1604357,580.85
1604568,581.1
1604968,582.9
1605251,583.0
1605392,580.3
1605628,582.4
1605842,580.8
1606067,571.25
1606281,564.7
1606625,571.4
1607164,574.7
1607404,576.1
1607663,575.35
1607897,575.8
1608186,569.05
1608389,568.9
1608613,570.15
1608895,574.3
1609068,572.8
1609255,569.0
1609411,563.85
1609553,559.2
1609755,561.75
1609943,559.5
1610105,555.3
1610423,553.0
1610723,553.4
1610953,557.8
1611285,562.3
1611688,556.3
1611913,557.7
1612242,556.85
1612655,554.9
1612803,556.9
1613072,553.4
1613313,558.45
1613624,556.8
1613788,554.05
1614038,546.95
1614370,551.95
1614681,555.5
1614996,555.25
1615262,559.5
1615445,557.05
1615551,551.25
1615779,548.95
1616042,547.8
1616205,545.95
1616479,546.45
1616900,545.7
1617117,545.75
1617410,547.25
1617974,553.55
1618291,558.25
1618726,561.95
1618996,562.3
1619234,559.55
1619334,555.15
1619496,553.1
1619719,553.35
1620053,551.8
1620608,548.95
1620866,555.5
1621068,556.4
1621321,555.0
1621527,554.65
1621845,554.7
1622108,560.2
1622466,564.65
1622628,563.45
1622866,565.7
1623432,564.35
1623617,570.35
1623879,569.15
1624146,569.45
1624571,569.6
1624789,566.95
1625081,568.7
1625568,569.25
1625852,577.45
1626126,579.75
1626396,582.3
1626628,586.1
1626869,581.6
1627118,581.65
1627409,572.6
1627823,580.1
1628071,581.35
1628427,583.05
1628646,584.2
1628969,584.7
1629253,578.9
1629545,581.0
1629972,582.45
1630237,590.2
1630638,595.05
1630823,595.55
1631308,603.55
1631563,605.6
1631911,612.6
1632232,612.8
1632414,607.65
1632697,607.9
1633025,609.4
1633223,608.1
1633520,607.4
1633802,609.35
1634102,605.7
1634324,607.35
1634563,604.0
1634798,603.05
1634968,602.45
1635209,602.3
1635438,603.15
1635665,600.05
1635997,599.7
1636218,597.45
1636353,595.05
1636626,600.95
1636943,599.95
1637299,602.75
1637557,603.8
1637783,606.2
1638034,604.85
1638454,601.15
1638745,606.2
1638910,594.9
1639119,589.4
1639327,586.45
1639523,580.9
1639729,581.55
1640034,581.45
1640235,585.0
1640473,582.7
1640636,583.5
1640887,584.25
1641163,578.25
1641551,584.4
1641870,588.65
1642331,597.0
1642542,595.95
1642874,596.2
1643108,595.7
1643356,588.65
1643592,592.25
1643866,592.85
1644053,591.9
1644528,590.6
1644792,588.65
1644968,588.1
1645264,589.65
1645573,589.25
1646043,587.3
1646203,583.15
1646560,582.3
1646682,583.1
1646876,576.5
1647115,574.95
1647334,575.4
1647604,577.4
1648075,583.6
1648184,578.1
1648492,577.9
1648833,577.95
1649028,576.95
1649245,578.65
1649451,574.15
1649843,578.0
1650118,571.25
1650254,571.25
1650377,563.5
1650605,562.2
1650953,555.8
1651136,554.15
1651782,562.75
1651939,565.45
1652404,571.95
1652857,575.0
1653109,572.7
1653358,574.0
1653605,574.0
1653836,570.1
1654119,571.35
1654361,567.1
1654611,567.45
1654988,572.9
1655209,577.45
1655808,584.85
1656082,588.3
1656279,586.65
1656790,586.65
1657144,597.25
1657483,596.65
1657748,595.65
1657911,593.85
1658229,591.25
1658498,593.1
1658737,591.95
1658948,585.75
1659285,589.85
1659512,591.1
1659627,588.35
1659781,585.9
1659978,584.25
1660376,591.05
1660647,592.35
1661006,595.2
1661302,600.65
1661529,600.65
1661811,598.6
1662042,594.85
1662286,594.85
1662507,593.9
1662848,584.3
1663138,588.1
1663427,583.35
1663808,585.5
1664034,585.5
1664203,585.15
1664457,583.9
1664643,582.6
1664967,580.45
1665198,583.0
1665630,584.35
1665713,579.75
1665891,576.3
1666230,575.1
1666441,574.95
1666630,572.7
1666721,571.05
1666887,569.7
1666977,567.7
1667154,561.15
1667476,554.95
1667543,551.6
1667675,547.85
1667931,544.9
1668113,544.9
1668567,550.6
1668703,551.6
1668958,546.45
1669187,547.7
1669284,548.5
1669627,550.9
1669910,556.55
1670124,553.6
1670363,549.95
1670540,537.5
1670779,534.4
1671108,536.15
1671312,530.35
1671521,526.7
1671737,526.15
1671980,531.4
1672203,529.6
1672501,530.2
1672756,530.7
1672877,528.2
1673356,530.2
1673537,528.6
1673763,520.2
1673892,513.45
1674339,520.4
1674669,522.15
1675002,515.8
1675278,514.15
1675511,514.35
1675724,515.65
1676151,519.8
1676438,518.7
1676680,524.5
1676994,523.95
1677210,525.45
1677472,525.5
1677715,528.1
1677975,533.4
1678202,533.75
1678424,527.2
1678769,525.15
1678966,526.55
1679239,527.3
1679730,527.35
1679894,532.7
1680208,530.55
1680518,528.55
1680631,526.85
1680926,525.65
1681250,528.25
1681439,526.2
1681779,527.5
1682034,527.9
1682375,529.2
1682674,532.95
1682994,534.3
1683275,536.35
1683498,531.8
1683784,532.55
1683949,533.85
1684273,537.05
1684552,534.65
1684750,537.1
1684982,535.9
1685271,543.65
1685449,543.65
1685582,544.7
1685892,550.35
1686201,550.65
1686476,553.55
1686654,560.45
1686855,561.1
1687067,562.0
1687329,554.05
1687772,562.35
1687908,561.55
1688181,561.95
1688354,559.4
1688582,561.55
1688909,562.1
1689151,561.05
1689331,560.4
1689581,560.45
1690074,561.85
1690286,561.35
1690562,563.4
1690779,562.55
1691033,565.85
1691394,567.45
1691681,568.4
1692211,577.6
1692448,577.15
1692720,577.35
1692965,581.95
1693170,576.45
1693454,578.45
1693734,582.75
1694053,586.95
1694381,580.0
1694629,582.5
1694919,579.7
1695156,579.3
1695467,583.85
1695761,583.7
1695907,579.65
1696011,568.25
1696440,568.8
1696681,565.6
1696908,561.65
1697179,563.55
1697549,569.15
1697863,570.4
1698120,570.1
1698360,570.75
1698617,567.2
1698827,561.55
1699029,564.95
1699373,560.8
1699611,562.8
1699917,563.9
1700095,561.55
1700334,568.5
1700564,563.65
1700798,565.05
1701017,562.35
1701306,560.3
1701484,561.6
1701718,560.8
1702052,563.6
1702392,562.25
1702638,562.7
1703012,565.3
1703139,560.6
1703374,560.2
1703508,558.5
1703730,555.3
1704054,561.05
1704426,564.35
1704657,567.85
1705050,569.85
1705244,577.9
1705528,573.65
1705830,570.8
1706155,574.55
1706355,574.3
1706659,573.45
1706957,579.7
1707305,574.65
1707538,575.8
1707851,581.9
1708078,582.75
1708431,588.05
1708644,583.5
1708847,584.05
1709043,585.65
1709346,588.55
1709596,587.25
1709728,579.45
1709984,577.4
1710328,579.7
1710552,581.6
1710727,576.15
1711007,572.2
1711227,563.95
1711551,568.2
1711927,574.55
1712282,578.8
1712533,578.3
1712920,580.6
1713157,577.7
1713418,578.75
1713649,578.0
1713940,573.1
1714213,570.15
1714569,573.65
1715042,573.85
1715437,579.4
1715683,586.85
1715838,584.8
1716070,582.9
1716522,593.05
1716816,590.05
1716986,589.4
1717262,585.95
1717472,586.5
1717765,590.05
1717955,587.65
1718196,590.25
1718437,590.3
1718699,588.35
1719212,589.5
1719422,587.95
1719575,583.1
1719885,588.65
1720106,585.45
1720364,587.05
1720588,586.45
1721109,587.3
1721347,595.0
1721540,594.1
1721819,593.0
1722164,589.55
1722382,593.1
1722653,592.85
1722887,590.55
1723186,592.55
1723463,594.95
1723654,593.95
1723881,594.55
1724043,590.45
1724329,584.55
1724502,583.1
1724674,579.0
1725148,575.5
1725396,581.65
1725740,585.1
1725952,582.85
1726375,586.15
1726613,585.95
1727069,583.0
1727533,592.55
1727783,591.2
1728070,585.2
1728471,595.85
1728740,595.5
1729073,590.9
1729245,592.6
1729483,592.5
1729741,593.45
1730020,590.5
1730320,592.2
1730523,596.3
1730903,601.2
1731103,599.3
1731444,601.6
1731681,606.3
1732092,608.95
1732482,615.35
1732851,613.2
1733061,607.3
1733281,604.15
1733576,600.6
1734055,601.0
1734262,606.6
1734544,602.1
1735198,611.4
1735335,616.75
1735608,616.55
1735867,614.4
1736017,615.05
1736174,605.15
1736450,602.4
1736724,605.0
1736974,608.7
1737331,608.95
1737643,602.5
1737957,610.9
1738265,612.0
1738517,611.4
1738705,606.2
1739056,613.7
1739303,613.35
1739453,612.05
1739793,613.5
1740044,609.15
1740274,608.55
1740498,609.85
1740866,617.0
1741217,618.55
1741664,625.65
1741893,625.0
1742224,625.8
1742433,625.9
1742650,620.4
1742944,622.7
1743214,618.95
1743622,622.2
1743841,621.9
1744394,628.45
1744674,635.6
1744912,635.15
1745171,636.15
1745507,640.95
1745826,647.5
1746246,648.7
1746541,654.4
1746851,654.6
1747092,658.0
1747316,651.2
1747705,655.05
1747922,651.65
1748166,652.35
1748579,646.5
1748761,653.3
1748924,643.8
1749100,635.6
1749524,641.45
1749711,636.9
1749911,634.85
1750172,634.3
1750555,636.7
1750832,634.65
1751130,635.4
1751343,639.2
1751486,635.7
1751663,635.0
1751893,630.1
1752318,635.75
1752694,634.45
1752964,639.7
1753286,637.95
1753648,636.5
1753950,636.2
1754163,631.45
1754512,636.7
1754835,642.2
1755081,640.6
1755525,642.55
1755773,648.45
1756043,645.1
1756419,634.15
1756809,639.95
1757082,637.65
1757340,636.9
1757646,640.7
1757900,644.35
1758289,648.1
1758610,648.1
1758733,647.1
1758935,644.7
1759117,641.65
1759266,635.95
1759624,636.95
1759922,638.1
1760053,637.2
1760372,633.8
1760610,636.6
1760983,637.0
1761280,639.15
1761634,641.7
1762023,642.55
1762274,645.35
1762460,639.45
1762772,634.35
1763025,630.3
1763251,629.05
1763516,626.55
1763724,629.7
1764162,630.3
1764294,627.85
1764716,629.05
1764956,624.15
1765240,625.55
1765543,613.25
1765785,615.9
1765969,613.55
1766304,611.5
1766570,611.8
1766725,603.5
1766947,598.5
1767119,591.25
1767344,591.3
1767603,590.1
1767747,588.6
1768323,588.4
1768574,595.55
1768842,595.45
1769102,599.5
1769388,591.6
1769626,593.8
1769910,594.45
1770142,589.25
1770554,594.3
1770664,594.25
1771088,598.9
1771650,601.85
1771958,604.7
1772172,602.6
1772626,608.45
1773015,615.15
1773269,616.7
1773492,616.5
1773789,606.95
1774057,604.15
1774267,603.6
1774519,605.05
1774796,595.0
1775132,592.1
1775437,595.15
1775686,589.6
1776022,595.35
1776425,597.7
1776590,593.95
1777038,594.7
1777389,601.6
1777589,601.4
1777819,595.9
1778230,597.25
1778465,600.25
1778884,599.0
1779158,598.55
1779645,599.15
1779910,604.05
1780112,602.2
1780285,602.4
1780560,602.65
1780927,606.05
1781181,605.45
1781438,607.25
1781653,611.65
1781951,607.55
1782147,607.0
1782500,608.75
1782814,609.05
1782932,599.85
1783255,602.6
1783638,605.95
1784058,614.15
1784392,611.75
1784704,613.75
1784971,618.3
1785303,619.75
1785618,620.85
1785912,619.05
1786219,618.1
1786425,615.15
1786727,614.25
1786844,611.0
1787120,607.1
1787461,608.65
1787753,610.35
1788049,610.95
1788220,615.45
1788672,619.85
1788911,624.35
1789173,626.6
1789618,633.2
1789824,632.4
1790065,627.65
1790335,626.9
1790553,625.5
1790883,629.45
1791054,625.1
1791305,624.3
1791717,634.7
1792030,635.0
1792309,630.25
1792636,637.35
1792843,629.6
1793139,619.65
1793487,622.95
1793745,622.8
1793959,618.2
1794158,614.15
1794561,615.6
1794875,616.6
1795078,615.25
1795375,617.2
1795743,618.4
1795911,620.9
1796143,620.35
1796447,622.0
1796685,622.3
1797023,620.75
1797290,615.0
1797548,613.7
1797856,613.85
1798143,614.45
1798360,609.75
1798654,611.4
1798790,611.2
1799052,604.65
1799310,605.05
1799584,604.6
1799980,609.3
1800405,607.85
1800648,607.05
1801097,614.4
1801354,613.85
1801618,615.5
1801857,615.7
1802275,615.3
1802532,616.5
1802725,614.3
1802929,613.9
1803178,609.8
1803634,618.35
1803911,615.1
1804209,617.3
1804475,620.15
1804688,614.3
1805113,616.0
1805337,618.75
1805679,619.5
1805966,618.0
1806280,618.9
1806836,628.95
1807245,634.1
1807530,630.7
1807905,633.75
1808118,634.05
1808385,635.7
1808694,639.85
1808958,640.85
1809137,638.05
1809478,636.05
1809699,634.05
1810099,635.7
1810386,635.4
1810627,634.35
1810989,637.3
1811151,629.45
1811521,632.65
1811888,633.45
1812129,634.5
1812591,642.8
1812850,640.5
1813294,652.15
1813417,641.95
1813927,643.85
1814082,641.45
1814337,640.2
1814642,636.95
1814905,649.0
1815180,644.15
1815355,642.35
1815519,641.5
1815826,642.25
1816050,643.3
1816538,646.4
1816969,653.65
1817367,653.0
1817798,660.7
1818158,656.55
1818348,663.1
1818579,661.2
1818903,664.5
1819282,658.95
1819506,660.7
1819732,657.25
1820166,660.75
1820365,657.9
1820608,655.6
1820936,653.3
1821252,653.6
1821460,655.4
1821680,654.6
1821998,653.9
1822374,654.05
1822714,653.1
1822796,651.9
1823249,645.85
1823459,648.4
1823646,649.6
1823891,649.75
1824104,646.65
1824233,638.5
1824753,644.45
1824962,650.05
1825202,642.35
1825480,643.8
1825834,642.8
1826051,644.15
1826364,645.35
1826772,644.5
1827111,646.15
1827335,644.7
1827574,642.85
1827923,636.25
1828272,626.2
1828483,621.9
1828801,623.65
1829151,631.9
1829462,630.1
1829775,634.1
1829947,631.95
1830331,634.5
1830595,640.35
1830826,636.8
1831140,641.9
1831368,640.0
1831603,636.3
1831932,635.45
1832138,633.05
1832441,634.35
1832802,631.75
1833185,632.1
1833521,637.05
1833690,626.9
1834051,630.6
1834275,629.3
1834498,624.85
1834967,625.1
1835200,625.1
1835609,633.05
1835905,633.7
1836095,628.65
1836399,626.8
1836811,634.9
1837017,635.8
1837286,632.85
1837711,638.4
1837864,632.4
1838103,620.85
1838376,619.9
1838740,615.65
1838953,615.6
1839291,610.2
1839479,613.0
1839730,610.7
1840055,612.1
1840329,610.65
1840620,614.3
1841027,615.95
1841265,610.5
1841566,612.65
1841894,615.0
1842147,618.9
1842345,617.75
1842521,615.95
1842995,622.9
1843327,619.65
1843592,621.55
1844068,625.2
1844364,626.5
1844512,623.05
1844705,619.35
1845057,618.85
1845223,619.0
1845525,622.4
1846039,626.7
1846185,627.1
1846752,627.3
1847055,626.2
1847498,637.0
1847781,633.85
1848277,641.1
1848630,642.45
1849162,643.7
1849567,644.45
1849785,646.0
1850144,649.5
1850363,650.55
1850509,646.8
1850795,646.95
1851049,650.4
1851348,643.6
1851649,645.45
1851934,644.2
1852143,641.4
1852525,638.55
1852862,641.35
1853074,642.15
1853492,638.15
1853746,639.3
1854155,641.95
1854412,644.6
1854654,643.65
1854924,643.1
1855273,646.8
1855595,647.9
1855986,642.65
1856222,648.55
1856515,646.0
1856676,644.65
1856888,642.75
1857090,638.85
1857252,633.55
1857521,628.15
1857954,630.7
1858288,629.55
1858518,634.55
1858977,628.5
1859365,635.85
1859550,629.2
1859924,633.4
1860128,636.3
1860505,642.95
1860807,641.9
1861027,638.6
1861535,645.35
1861768,644.6
1862248,648.7
1862492,650.7
1862703,650.9
1862862,644.65
1863285,650.4
1863452,650.3
1863716,646.55
1863905,644.15
1864314,639.2
1864766,650.95
1865040,652.65
1865312,652.5
1865608,643.8
1865949,642.2
1866312,642.2
1866515,641.3
1866816,641.3
1866970,645.7
1867404,646.45
1867706,648.55
1867915,645.05
1868166,644.05
1868694,642.75
1868960,641.0
1869172,644.45
1869782,644.35
1870055,645.8
1870310,636.2
1870545,637.0
1870899,637.05
1871107,623.35
1871318,621.6
1871570,621.6
1871758,616.15
1871954,618.75
1872259,619.4
1872526,616.8
1872928,624.05
1873434,625.5
1873747,633.55
1874078,634.75
1874424,635.2
1874577,630.15
1874992,631.05
1875507,633.4
1875664,637.55
1876028,640.5
1876342,639.25
1876496,635.3
1876726,635.25
1876944,634.7
1877183,630.3
1877482,627.7
1877746,626.4
1877926,620.75
1878161,621.05
1878368,621.45
1878574,625.85
1878974,632.5
1879383,641.85
1879599,641.45
1879791,636.45
1880000,634.7
1880359,635.9
1880734,637.3
1880909,638.55
1881233,636.6
1881575,638.95
1881822,637.0
1882107,635.7
1882382,632.65
1882841,639.8
1883281,644.75
1883465,638.6
1883640,632.25
1883893,632.9
1884253,638.9
1884683,647.1
1884980,647.7
1885361,645.35
1885726,650.6
1886014,653.8
1886295,655.3
1886491,650.55
1886762,646.7
1887026,646.7
1887264,650.0
1887753,655.05
1888047,653.2
1888200,649.3
1888607,648.65
1888984,651.1
1889214,650.8
1889456,649.85
1889636,644.0
1889913,645.05
1890123,646.35
1890376,641.05
1890764,640.85
1891065,640.1
1891438,639.8
1891608,631.9
1891959,632.9
1892144,634.65
1892611,637.1
1892979,644.05
1893127,644.25
1893484,646.3
1894002,653.2
1894215,650.15
1894402,649.45
1894818,651.45
1895101,647.4
1895304,638.75
1895496,633.6
1895847,632.1
1896090,632.95
1896404,636.8
1896755,637.1
1897234,638.25
1897570,641.9
1897693,636.55
1898065,636.65
1898291,638.7
1898456,637.9
1898670,636.85
1898938,637.5
1899404,643.8
1899611,647.1
1899828,646.05
1900337,647.7
1900562,650.75
1900805,652.6
1901055,643.2
1901258,638.1
1901724,647.85
1901981,650.35
1902282,651.75
1902612,649.7
1902875,650.9
1903037,646.8
1903561,650.75
1904004,655.9
1904222,657.45
1904729,659.75
1904978,668.1
1905477,667.2
1905747,661.25
1905926,662.05
1906105,659.75
1906459,664.7
1906884,663.0
1907030,653.7
1907408,658.5
1907745,651.55
1907953,648.7
1908365,650.3
1908710,648.65
1908952,653.1
1909130,649.25
1909533,651.8
1909836,654.0
1910141,650.5
1910415,651.0
1910711,651.55
1910985,650.8
1911168,646.3
1911440,645.75
1911633,649.0
1911841,650.1
1912242,655.3
1912376,655.1
1912635,650.5
1913169,652.25
1913538,657.45
1913794,655.25
1914081,657.9
1914200,653.45
1914630,655.45
1914986,661.25
1915223,657.05
1915653,665.0
1915833,661.35
1916243,663.25
1916406,662.6
1916669,662.4
1916834,652.65
1917150,653.85
1917352,652.95
1917641,658.25
1917925,655.75
1918210,656.3
1918398,648.8
1918892,648.9
1919357,651.95
1919604,651.45
1920042,653.6
1920349,655.8
1920699,659.4
1920942,659.4
1921136,658.3
1921401,652.85
1921812,656.65
1922215,665.5
1922465,662.95
1922581,656.6
1922834,655.4
1923107,659.55
1923383,658.25
1923708,653.2
1923896,652.15
1924266,656.8
1924570,654.85
1924828,651.65
1925071,652.0
1925513,653.7
1925805,645.3
1925985,641.8
1926139,634.75
1926546,627.65
1926785,625.1
1927034,625.5
1927386,630.35
1927629,635.2
1927848,630.0
1928037,624.05
1928298,629.15
1928577,626.15
1928716,625.4
1929259,635.0
1929724,637.5
1929897,638.05
1930229,642.05
1930476,642.2
1930686,643.85
1930852,635.65
1931054,634.4
1931262,632.5
1931582,635.05
1931914,637.0
1932183,637.4
1932351,636.9
1932628,637.35
1932953,637.0
1933224,632.9
1933400,630.7
1933719,635.45
1933948,633.25
1934336,635.2
1934629,635.0
1934822,634.05
1935027,632.6
1935284,630.5
1935656,622.4
1935845,621.45
1936168,618.9
1936421,619.35
1936749,616.55
1936952,617.8
1937162,619.05
1937487,620.9
1937755,625.65
1938011,625.7
1938162,618.35
1938494,619.95
1938694,617.0
1939045,620.45
1939345,622.0
1939682,620.45
1940053,617.8
1940281,620.85
1940549,612.0
1940813,618.9
1941064,617.95
1941335,619.2
1941578,618.35
1941734,609.45
1941846,596.75
1942123,597.0
1942501,599.85
1942759,604.5
1942981,601.6
1943180,600.5
1943359,596.55
1943519,592.8
1943828,592.85
1944063,591.4
1944204,585.4
1944709,591.4
1944995,591.9
1945377,598.65
1945813,599.75
1946112,606.6
1946489,616.05
1946794,610.7
1947032,609.35
1947205,605.55
1947466,601.35
1947733,604.5
1947890,601.4
1948405,607.0
1948679,610.4
1948956,613.65
1949084,608.05
1949271,598.55
1949681,597.35
1950296,604.0
1950428,598.3
1950595,594.15
1950814,593.2
1951045,596.5
1951476,606.25
1951977,612.55
1952355,615.25
1952597,617.6
1953024,625.3
1953246,626.55
1953588,630.9
1953824,628.1
1954260,636.05
1954420,632.8
1954673,631.15
1955146,638.2
1955636,641.7
1955976,639.9
1956107,639.9
1956403,641.2
1956879,643.0
1957270,644.15
1957425,645.35
1957738,645.35
1957912,644.7
1958130,637.55
1958289,637.9
1958543,634.55
1958793,632.8
1958920,630.15
1959245,629.7
1959741,639.3
1960067,639.15
1960585,642.35
1960821,641.9
1961240,648.05
1961455,640.35
1961813,643.2
1962038,641.85
1962284,642.25
1962502,639.5
1962690,638.0
1963013,637.6
1963273,640.15
1963683,643.3
1963926,651.0
1964521,656.6
1964848,652.9
1965215,659.9
1965412,660.2
1965812,661.2
1966014,665.75
1966230,666.5
1966432,663.7
1966813,671.45
1967227,672.9
1967722,672.45
1967919,668.45
1968255,668.35
1968540,662.65
1968870,656.8
1969248,664.95
1969699,670.2
1969919,675.8
1970285,678.05
1970619,675.3
1970795,679.7
1971202,681.05
1971458,676.3
1971771,676.7
1971960,674.7
1972214,676.1
1972413,675.35
1972804,665.85
1973044,664.9
1973262,665.4
1973486,668.15
1973655,664.45
1974039,658.5
1974265,655.95
1974488,649.0
1974963,652.5
1975405,648.5
1975713,648.05
1975941,646.2
1976306,650.45
1976721,647.05
1976934,648.4
1977561,653.85
1977669,644.4
1977940,634.6
1978071,632.1
1978375,634.65
1978541,630.75
1978847,625.95
1979169,626.55
1979544,631.95
1979821,635.9
1980062,636.5
1980380,638.2
1980541,641.1
1980712,638.45
1980975,638.85
1981279,642.2
1981429,644.4
1981674,634.85
1982013,632.55
1982192,631.3
1982592,629.7
1982847,627.05
1983090,628.8
1983321,629.45
1983614,630.4
1983846,635.25
1984196,634.1
1984475,636.85
1984671,637.25
1984931,637.35
1985062,633.45
1985316,630.8
1985573,631.15
1985929,624.8
1986162,621.15
1986494,622.45
1986929,631.95
1987142,630.1
1987327,628.15
1987501,625.3
1987649,617.9
1987892,614.65
1988218,612.5
1988624,614.2
1988867,613.3
1989086,610.2
1989258,613.8
1989507,603.5
1989795,598.95
1989969,593.9
1990375,598.35
1990578,597.65
1990854,597.95
1991127,591.25
1991494,597.8
1991667,595.75
1991998,599.95
1992473,603.3
1992879,610.05
1993160,607.9
1993616,612.5
1993966,615.6
1994330,624.0
1994659,629.35
1994857,628.2
1995139,623.0
1995417,623.3
1995649,625.6
1995966,613.05
1996339,617.45
1996575,613.5
1996885,611.95
1997107,605.7
1997377,607.3
1997538,601.8
1998174,606.4
1998480,609.15
1998595,611.55
1998834,615.5
1999217,611.85
1999471,624.35
1999884,625.5
